-- MySQL dump 10.13  Distrib 8.0.45, for Win64 (x86_64)
--
-- Host: localhost    Database: npits
-- ------------------------------------------------------
-- Server version	8.0.45

/*!40101 SET @OLD_CHARACTER_SET_CLIENT=@@CHARACTER_SET_CLIENT */;
/*!40101 SET @OLD_CHARACTER_SET_RESULTS=@@CHARACTER_SET_RESULTS */;
/*!40101 SET @OLD_COLLATION_CONNECTION=@@COLLATION_CONNECTION */;
/*!50503 SET NAMES utf8mb4 */;
/*!40103 SET @OLD_TIME_ZONE=@@TIME_ZONE */;
/*!40103 SET TIME_ZONE='+00:00' */;
/*!40014 SET @OLD_UNIQUE_CHECKS=@@UNIQUE_CHECKS, UNIQUE_CHECKS=0 */;
/*!40014 SET @OLD_FOREIGN_KEY_CHECKS=@@FOREIGN_KEY_CHECKS, FOREIGN_KEY_CHECKS=0 */;
/*!40101 SET @OLD_SQL_MODE=@@SQL_MODE, SQL_MODE='NO_AUTO_VALUE_ON_ZERO' */;
/*!40111 SET @OLD_SQL_NOTES=@@SQL_NOTES, SQL_NOTES=0 */;

--
-- Table structure for table `account_emailaddress`
--

DROP TABLE IF EXISTS `account_emailaddress`;
/*!40101 SET @saved_cs_client     = @@character_set_client */;
/*!50503 SET character_set_client = utf8mb4 */;
CREATE TABLE `account_emailaddress` (
  `id` int NOT NULL AUTO_INCREMENT,
  `email` varchar(254) NOT NULL,
  `verified` tinyint(1) NOT NULL,
  `primary` tinyint(1) NOT NULL,
  `user_id` int NOT NULL,
  PRIMARY KEY (`id`),
  UNIQUE KEY `account_emailaddress_user_id_email_987c8728_uniq` (`user_id`,`email`),
  KEY `account_emailaddress_email_03be32b2` (`email`),
  CONSTRAINT `account_emailaddress_user_id_2c513194_fk_auth_user_id` FOREIGN KEY (`user_id`) REFERENCES `auth_user` (`id`)
) ENGINE=InnoDB AUTO_INCREMENT=29 DEFAULT CHARSET=utf8mb4 COLLATE=utf8mb4_0900_ai_ci;
/*!40101 SET character_set_client = @saved_cs_client */;

--
-- Dumping data for table `account_emailaddress`
--

LOCK TABLES `account_emailaddress` WRITE;
/*!40000 ALTER TABLE `account_emailaddress` DISABLE KEYS */;
INSERT INTO `account_emailaddress` VALUES (4,'manoj.dhoundiyal@gmail.com',1,1,15),(9,'truptirekha27@gmail.com',1,1,20),(11,'15111985sk@gmail.com',1,1,22),(13,'vk1982012@gmail.com',1,1,24),(20,'netprofit.i.t.s@gmail.com',1,1,31),(23,'manmohank31@gmail.com',1,1,34),(27,'vikaskumar847098@gmail.com',1,1,39),(28,'jitendrabsc2002@gmail.com',1,1,40);
/*!40000 ALTER TABLE `account_emailaddress` ENABLE KEYS */;
UNLOCK TABLES;

--
-- Table structure for table `account_emailconfirmation`
--

DROP TABLE IF EXISTS `account_emailconfirmation`;
/*!40101 SET @saved_cs_client     = @@character_set_client */;
/*!50503 SET character_set_client = utf8mb4 */;
CREATE TABLE `account_emailconfirmation` (
  `id` int NOT NULL AUTO_INCREMENT,
  `created` datetime(6) NOT NULL,
  `sent` datetime(6) DEFAULT NULL,
  `key` varchar(64) NOT NULL,
  `email_address_id` int NOT NULL,
  PRIMARY KEY (`id`),
  UNIQUE KEY `key` (`key`),
  KEY `account_emailconfirm_email_address_id_5b7f8c58_fk_account_e` (`email_address_id`),
  CONSTRAINT `account_emailconfirm_email_address_id_5b7f8c58_fk_account_e` FOREIGN KEY (`email_address_id`) REFERENCES `account_emailaddress` (`id`)
) ENGINE=InnoDB DEFAULT CHARSET=utf8mb4 COLLATE=utf8mb4_0900_ai_ci;
/*!40101 SET character_set_client = @saved_cs_client */;

--
-- Dumping data for table `account_emailconfirmation`
--

LOCK TABLES `account_emailconfirmation` WRITE;
/*!40000 ALTER TABLE `account_emailconfirmation` DISABLE KEYS */;
/*!40000 ALTER TABLE `account_emailconfirmation` ENABLE KEYS */;
UNLOCK TABLES;

--
-- Table structure for table `auth_group`
--

DROP TABLE IF EXISTS `auth_group`;
/*!40101 SET @saved_cs_client     = @@character_set_client */;
/*!50503 SET character_set_client = utf8mb4 */;
CREATE TABLE `auth_group` (
  `id` int NOT NULL AUTO_INCREMENT,
  `name` varchar(150) NOT NULL,
  PRIMARY KEY (`id`),
  UNIQUE KEY `name` (`name`)
) ENGINE=InnoDB DEFAULT CHARSET=utf8mb4 COLLATE=utf8mb4_0900_ai_ci;
/*!40101 SET character_set_client = @saved_cs_client */;

--
-- Dumping data for table `auth_group`
--

LOCK TABLES `auth_group` WRITE;
/*!40000 ALTER TABLE `auth_group` DISABLE KEYS */;
/*!40000 ALTER TABLE `auth_group` ENABLE KEYS */;
UNLOCK TABLES;

--
-- Table structure for table `auth_group_permissions`
--

DROP TABLE IF EXISTS `auth_group_permissions`;
/*!40101 SET @saved_cs_client     = @@character_set_client */;
/*!50503 SET character_set_client = utf8mb4 */;
CREATE TABLE `auth_group_permissions` (
  `id` bigint NOT NULL AUTO_INCREMENT,
  `group_id` int NOT NULL,
  `permission_id` int NOT NULL,
  PRIMARY KEY (`id`),
  UNIQUE KEY `auth_group_permissions_group_id_permission_id_0cd325b0_uniq` (`group_id`,`permission_id`),
  KEY `auth_group_permissio_permission_id_84c5c92e_fk_auth_perm` (`permission_id`),
  CONSTRAINT `auth_group_permissio_permission_id_84c5c92e_fk_auth_perm` FOREIGN KEY (`permission_id`) REFERENCES `auth_permission` (`id`),
  CONSTRAINT `auth_group_permissions_group_id_b120cbf9_fk_auth_group_id` FOREIGN KEY (`group_id`) REFERENCES `auth_group` (`id`)
) ENGINE=InnoDB DEFAULT CHARSET=utf8mb4 COLLATE=utf8mb4_0900_ai_ci;
/*!40101 SET character_set_client = @saved_cs_client */;

--
-- Dumping data for table `auth_group_permissions`
--

LOCK TABLES `auth_group_permissions` WRITE;
/*!40000 ALTER TABLE `auth_group_permissions` DISABLE KEYS */;
/*!40000 ALTER TABLE `auth_group_permissions` ENABLE KEYS */;
UNLOCK TABLES;

--
-- Table structure for table `auth_permission`
--

DROP TABLE IF EXISTS `auth_permission`;
/*!40101 SET @saved_cs_client     = @@character_set_client */;
/*!50503 SET character_set_client = utf8mb4 */;
CREATE TABLE `auth_permission` (
  `id` int NOT NULL AUTO_INCREMENT,
  `name` varchar(255) NOT NULL,
  `content_type_id` int NOT NULL,
  `codename` varchar(100) NOT NULL,
  PRIMARY KEY (`id`),
  UNIQUE KEY `auth_permission_content_type_id_codename_01ab375a_uniq` (`content_type_id`,`codename`),
  CONSTRAINT `auth_permission_content_type_id_2f476e4b_fk_django_co` FOREIGN KEY (`content_type_id`) REFERENCES `django_content_type` (`id`)
) ENGINE=InnoDB AUTO_INCREMENT=197 DEFAULT CHARSET=utf8mb4 COLLATE=utf8mb4_0900_ai_ci;
/*!40101 SET character_set_client = @saved_cs_client */;

--
-- Dumping data for table `auth_permission`
--

LOCK TABLES `auth_permission` WRITE;
/*!40000 ALTER TABLE `auth_permission` DISABLE KEYS */;
INSERT INTO `auth_permission` VALUES (1,'Can add log entry',1,'add_logentry'),(2,'Can change log entry',1,'change_logentry'),(3,'Can delete log entry',1,'delete_logentry'),(4,'Can view log entry',1,'view_logentry'),(5,'Can add user',2,'add_user'),(6,'Can change user',2,'change_user'),(7,'Can delete user',2,'delete_user'),(8,'Can view user',2,'view_user'),(9,'Can add permission',3,'add_permission'),(10,'Can change permission',3,'change_permission'),(11,'Can delete permission',3,'delete_permission'),(12,'Can view permission',3,'view_permission'),(13,'Can add group',4,'add_group'),(14,'Can change group',4,'change_group'),(15,'Can delete group',4,'delete_group'),(16,'Can view group',4,'view_group'),(17,'Can add content type',5,'add_contenttype'),(18,'Can change content type',5,'change_contenttype'),(19,'Can delete content type',5,'delete_contenttype'),(20,'Can view content type',5,'view_contenttype'),(21,'Can add session',6,'add_session'),(22,'Can change session',6,'change_session'),(23,'Can delete session',6,'delete_session'),(24,'Can view session',6,'view_session'),(25,'Can add site',7,'add_site'),(26,'Can change site',7,'change_site'),(27,'Can delete site',7,'delete_site'),(28,'Can view site',7,'view_site'),(29,'Can add signup otp',8,'add_signupotp'),(30,'Can change signup otp',8,'change_signupotp'),(31,'Can delete signup otp',8,'delete_signupotp'),(32,'Can view signup otp',8,'view_signupotp'),(33,'Can add market ticker',9,'add_marketticker'),(34,'Can change market ticker',9,'change_marketticker'),(35,'Can delete market ticker',9,'delete_marketticker'),(36,'Can view market ticker',9,'view_marketticker'),(37,'Can add strategy',10,'add_strategy'),(38,'Can change strategy',10,'change_strategy'),(39,'Can delete strategy',10,'delete_strategy'),(40,'Can view strategy',10,'view_strategy'),(41,'Can add strategy stock',11,'add_strategystock'),(42,'Can change strategy stock',11,'change_strategystock'),(43,'Can delete strategy stock',11,'delete_strategystock'),(44,'Can view strategy stock',11,'view_strategystock'),(45,'Can add transaction',12,'add_transaction'),(46,'Can change transaction',12,'change_transaction'),(47,'Can delete transaction',12,'delete_transaction'),(48,'Can view transaction',12,'view_transaction'),(49,'Can add pn l statement',13,'add_pnlstatement'),(50,'Can change pn l statement',13,'change_pnlstatement'),(51,'Can delete pn l statement',13,'delete_pnlstatement'),(52,'Can view pn l statement',13,'view_pnlstatement'),(53,'Can add dividend',14,'add_dividend'),(54,'Can change dividend',14,'change_dividend'),(55,'Can delete dividend',14,'delete_dividend'),(56,'Can view dividend',14,'view_dividend'),(57,'Can add signal notification state',15,'add_signalnotificationstate'),(58,'Can change signal notification state',15,'change_signalnotificationstate'),(59,'Can delete signal notification state',15,'delete_signalnotificationstate'),(60,'Can view signal notification state',15,'view_signalnotificationstate'),(61,'Can add watchlist',16,'add_watchlist'),(62,'Can change watchlist',16,'change_watchlist'),(63,'Can delete watchlist',16,'delete_watchlist'),(64,'Can view watchlist',16,'view_watchlist'),(65,'Can add investment goal',17,'add_investmentgoal'),(66,'Can change investment goal',17,'change_investmentgoal'),(67,'Can delete investment goal',17,'delete_investmentgoal'),(68,'Can view investment goal',17,'view_investmentgoal'),(69,'Can add portfolio',18,'add_portfolio'),(70,'Can change portfolio',18,'change_portfolio'),(71,'Can delete portfolio',18,'delete_portfolio'),(72,'Can view portfolio',18,'view_portfolio'),(73,'Can add corporate action',19,'add_corporateaction'),(74,'Can change corporate action',19,'change_corporateaction'),(75,'Can delete corporate action',19,'delete_corporateaction'),(76,'Can view corporate action',19,'view_corporateaction'),(77,'Can add instrument',20,'add_instrument'),(78,'Can change instrument',20,'change_instrument'),(79,'Can delete instrument',20,'delete_instrument'),(80,'Can view instrument',20,'view_instrument'),(81,'Can add profile',21,'add_profile'),(82,'Can change profile',21,'change_profile'),(83,'Can delete profile',21,'delete_profile'),(84,'Can view profile',21,'view_profile'),(85,'Can add otp',22,'add_otp'),(86,'Can change otp',22,'change_otp'),(87,'Can delete otp',22,'delete_otp'),(88,'Can view otp',22,'view_otp'),(89,'Can add email confirmation',23,'add_emailconfirmation'),(90,'Can change email confirmation',23,'change_emailconfirmation'),(91,'Can delete email confirmation',23,'delete_emailconfirmation'),(92,'Can view email confirmation',23,'view_emailconfirmation'),(93,'Can add email address',24,'add_emailaddress'),(94,'Can change email address',24,'change_emailaddress'),(95,'Can delete email address',24,'delete_emailaddress'),(96,'Can view email address',24,'view_emailaddress'),(97,'Can add social account',25,'add_socialaccount'),(98,'Can change social account',25,'change_socialaccount'),(99,'Can delete social account',25,'delete_socialaccount'),(100,'Can view social account',25,'view_socialaccount'),(101,'Can add social application',26,'add_socialapp'),(102,'Can change social application',26,'change_socialapp'),(103,'Can delete social application',26,'delete_socialapp'),(104,'Can view social application',26,'view_socialapp'),(105,'Can add social application token',27,'add_socialtoken'),(106,'Can change social application token',27,'change_socialtoken'),(107,'Can delete social application token',27,'delete_socialtoken'),(108,'Can view social application token',27,'view_socialtoken'),(109,'Can add financial year data',28,'add_financialyeardata'),(110,'Can change financial year data',28,'change_financialyeardata'),(111,'Can delete financial year data',28,'delete_financialyeardata'),(112,'Can view financial year data',28,'view_financialyeardata'),(113,'Can add Token',29,'add_token'),(114,'Can change Token',29,'change_token'),(115,'Can delete Token',29,'delete_token'),(116,'Can view Token',29,'view_token'),(117,'Can add Token',30,'add_tokenproxy'),(118,'Can change Token',30,'change_tokenproxy'),(119,'Can delete Token',30,'delete_tokenproxy'),(120,'Can view Token',30,'view_tokenproxy'),(121,'Can add mutual fund',31,'add_mutualfund'),(122,'Can change mutual fund',31,'change_mutualfund'),(123,'Can delete mutual fund',31,'delete_mutualfund'),(124,'Can view mutual fund',31,'view_mutualfund'),(125,'Can add mf transaction',32,'add_mftransaction'),(126,'Can change mf transaction',32,'change_mftransaction'),(127,'Can delete mf transaction',32,'delete_mftransaction'),(128,'Can view mf transaction',32,'view_mftransaction'),(129,'Can add mf portfolio',33,'add_mfportfolio'),(130,'Can change mf portfolio',33,'change_mfportfolio'),(131,'Can delete mf portfolio',33,'delete_mfportfolio'),(132,'Can view mf portfolio',33,'view_mfportfolio'),(133,'Can add coin',34,'add_coin'),(134,'Can change coin',34,'change_coin'),(135,'Can delete coin',34,'delete_coin'),(136,'Can view coin',34,'view_coin'),(137,'Can add coin transaction',35,'add_cointransaction'),(138,'Can change coin transaction',35,'change_cointransaction'),(139,'Can delete coin transaction',35,'delete_cointransaction'),(140,'Can view coin transaction',35,'view_cointransaction'),(141,'Can add coin portfolio',36,'add_coinportfolio'),(142,'Can change coin portfolio',36,'change_coinportfolio'),(143,'Can delete coin portfolio',36,'delete_coinportfolio'),(144,'Can view coin portfolio',36,'view_coinportfolio'),(145,'Can add nps transaction',37,'add_npstransaction'),(146,'Can change nps transaction',37,'change_npstransaction'),(147,'Can delete nps transaction',37,'delete_npstransaction'),(148,'Can view nps transaction',37,'view_npstransaction'),(149,'Can add nps portfolio',38,'add_npsportfolio'),(150,'Can change nps portfolio',38,'change_npsportfolio'),(151,'Can delete nps portfolio',38,'delete_npsportfolio'),(152,'Can view nps portfolio',38,'view_npsportfolio'),(153,'Can add nps fund',39,'add_npsfund'),(154,'Can change nps fund',39,'change_npsfund'),(155,'Can delete nps fund',39,'delete_npsfund'),(156,'Can view nps fund',39,'view_npsfund'),(157,'Can add fixed asset',40,'add_fixedasset'),(158,'Can change fixed asset',40,'change_fixedasset'),(159,'Can delete fixed asset',40,'delete_fixedasset'),(160,'Can view fixed asset',40,'view_fixedasset'),(161,'Can add other asset',41,'add_otherasset'),(162,'Can change other asset',41,'change_otherasset'),(163,'Can delete other asset',41,'delete_otherasset'),(164,'Can view other asset',41,'view_otherasset'),(165,'Can add loan',42,'add_loan'),(166,'Can change loan',42,'change_loan'),(167,'Can delete loan',42,'delete_loan'),(168,'Can view loan',42,'view_loan'),(169,'Can add loan payment',43,'add_loanpayment'),(170,'Can change loan payment',43,'change_loanpayment'),(171,'Can delete loan payment',43,'delete_loanpayment'),(172,'Can view loan payment',43,'view_loanpayment'),(173,'Can add mfsip',44,'add_mfsip'),(174,'Can change mfsip',44,'change_mfsip'),(175,'Can delete mfsip',44,'delete_mfsip'),(176,'Can view mfsip',44,'view_mfsip'),(177,'Can add portfolio value history',45,'add_portfoliovaluehistory'),(178,'Can change portfolio value history',45,'change_portfoliovaluehistory'),(179,'Can delete portfolio value history',45,'delete_portfoliovaluehistory'),(180,'Can view portfolio value history',45,'view_portfoliovaluehistory'),(181,'Can add IPO',46,'add_ipo'),(182,'Can change IPO',46,'change_ipo'),(183,'Can delete IPO',46,'delete_ipo'),(184,'Can view IPO',46,'view_ipo'),(185,'Can add family link',47,'add_familylink'),(186,'Can change family link',47,'change_familylink'),(187,'Can delete family link',47,'delete_familylink'),(188,'Can view family link',47,'view_familylink'),(189,'Can add Chatbot Knowledge',48,'add_chatbotknowledge'),(190,'Can change Chatbot Knowledge',48,'change_chatbotknowledge'),(191,'Can delete Chatbot Knowledge',48,'delete_chatbotknowledge'),(192,'Can view Chatbot Knowledge',48,'view_chatbotknowledge'),(193,'Can add hidden signal',49,'add_hiddensignal'),(194,'Can change hidden signal',49,'change_hiddensignal'),(195,'Can delete hidden signal',49,'delete_hiddensignal'),(196,'Can view hidden signal',49,'view_hiddensignal');
/*!40000 ALTER TABLE `auth_permission` ENABLE KEYS */;
UNLOCK TABLES;

--
-- Table structure for table `auth_user`
--

DROP TABLE IF EXISTS `auth_user`;
/*!40101 SET @saved_cs_client     = @@character_set_client */;
/*!50503 SET character_set_client = utf8mb4 */;
CREATE TABLE `auth_user` (
  `id` int NOT NULL AUTO_INCREMENT,
  `password` varchar(128) NOT NULL,
  `last_login` datetime(6) DEFAULT NULL,
  `is_superuser` tinyint(1) NOT NULL,
  `username` varchar(150) NOT NULL,
  `first_name` varchar(150) NOT NULL,
  `last_name` varchar(150) NOT NULL,
  `email` varchar(254) NOT NULL,
  `is_staff` tinyint(1) NOT NULL,
  `is_active` tinyint(1) NOT NULL,
  `date_joined` datetime(6) NOT NULL,
  PRIMARY KEY (`id`),
  UNIQUE KEY `username` (`username`)
) ENGINE=InnoDB AUTO_INCREMENT=41 DEFAULT CHARSET=utf8mb4 COLLATE=utf8mb4_0900_ai_ci;
/*!40101 SET character_set_client = @saved_cs_client */;

--
-- Dumping data for table `auth_user`
--

LOCK TABLES `auth_user` WRITE;
/*!40000 ALTER TABLE `auth_user` DISABLE KEYS */;
INSERT INTO `auth_user` VALUES (1,'pbkdf2_sha256$1000000$463QMzZzAy4JQPMRFSsoAe$dxc42J6goU3+rJH3XScSjIDalf2g6WO+s24Jp9tbdrk=','2026-03-31 06:04:54.601229',1,'jitendrakar','','','admin@example.com',1,1,'2026-02-14 22:55:34.782000'),(2,'!5VMmX2x1BF8cx0xsDSE9o92dJ68smcRWxKwiEpa9','2026-03-16 17:06:28.406281',0,'biswajit.paul@gmail.com','','','biswajit.paul@gmail.com',0,1,'2026-02-17 12:07:30.513000'),(3,'pbkdf2_sha256$1000000$viocg6Jd54SF2H8e4XZQAC$x4fmrzxVbphzNrwmfW8zV29eBCDMb74SmN+73BM4OyM=','2026-04-09 01:40:32.185694',0,'santoshkumarsahu@gmail.com','','','santoshkumarsahu@gmail.com',0,1,'2026-02-19 03:41:05.650000'),(4,'pbkdf2_sha256$1000000$GlvhNKSSwnjPRsONpqm6Dl$izrXuFCWSnXh7tLRuJCCSIFw6jriAXOhUZpev7rHyPc=','2026-04-18 09:25:14.446039',1,'jitendra.kar@gmail.com','','','jitendra.kar@gmail.com',1,1,'2026-02-20 09:33:31.000000'),(5,'pbkdf2_sha256$1000000$l6sELwwHjvUcAl9tucNxAp$XHs3jZTtl8c3Xaga8/0xfxFkUToWaaZxm+Eo544ZDnY=','2026-04-08 08:31:52.483121',0,'alok2302@gmail.com','','','alok2302@gmail.com',0,1,'2026-02-21 06:07:37.218000'),(7,'pbkdf2_sha256$1000000$pbuCDqAnpljM9GlrLpyzwD$Gj6WtVuahpU2hHeqqHwHzbdHre9R89F1yTr8aoJtMC4=','2026-03-12 09:28:27.926370',0,'mkotnala78@gmail.com','','','mkotnala78@gmail.com',0,1,'2026-02-23 09:11:23.463000'),(11,'pbkdf2_sha256$1000000$nb2J4SY1weGCjegHgQncMV$HH7Hpm4+izkyBbmFvuGz4T1o/tUUW1VHRKvuYtfJDmY=','2026-04-17 11:36:52.943439',0,'jitendra.kar@winmedicare.com','','','jitendra.kar@winmedicare.com',0,1,'2026-03-03 11:22:36.489000'),(15,'!iUZ6mXwkh6FbMvFMa4I5toubax9sdBTv88ISFCXr','2026-03-13 08:39:47.488161',0,'manoj','Manoj','Dhoundiyal','manoj.dhoundiyal@gmail.com',0,1,'2026-03-13 08:39:47.180734'),(20,'!7Fz84E5U2RMnG1uDC5HtLpgS8fx6nUJ1mCUJmebw','2026-04-12 01:23:09.743257',0,'trupti','Trupti','Rekha','truptirekha27@gmail.com',0,1,'2026-03-14 16:34:22.606516'),(22,'!fNhA5m15HcRbzZxmBjFMQKrRUwYvTRDznfhd2o4l','2026-03-18 08:25:31.500857',0,'suresh','Suresh','Kumar','15111985sk@gmail.com',0,1,'2026-03-18 08:13:27.177219'),(24,'!nvmYrhJy70LHxpztLkewAmHDKs8JtTg2439pZZl6','2026-03-19 11:43:52.781138',0,'vinod','vinod','kumar','vk1982012@gmail.com',0,1,'2026-03-19 11:43:52.424749'),(31,'!wx15diZqGX8aBP0Znf2gNmkEcRRWtHYiLv35ikEt','2026-04-18 14:28:19.746664',0,'net_profit','Net Profit','','netprofit.i.t.s@gmail.com',0,1,'2026-03-26 19:50:18.290355'),(34,'!2vERd0CINTP80Crn4DcXca4AUcrxX9yUYKMJ6WyG','2026-03-27 10:44:29.172133',0,'manmohan','Manmohan','Chauhan','manmohank31@gmail.com',0,1,'2026-03-27 10:44:28.628872'),(38,'',NULL,0,'testuser_brokerage','','','test@example.com',0,1,'2026-04-02 04:51:56.323324'),(39,'!ue0c5xemoX1RBVjLczFtSOohwh4GRMAz61Ag5Tzz','2026-04-10 05:47:55.282657',0,'vikas','Vikas','Kumar','vikaskumar847098@gmail.com',0,1,'2026-04-10 05:47:54.533075'),(40,'!3jpOU5xegDYAXmuwFBxxrYbTVLbTEAQln8Jsp4YD','2026-04-12 01:58:32.940261',0,'jitendra_kumar','Jitendra Kumar','kar','jitendrabsc2002@gmail.com',0,1,'2026-04-11 16:50:35.537456');
/*!40000 ALTER TABLE `auth_user` ENABLE KEYS */;
UNLOCK TABLES;

--
-- Table structure for table `auth_user_groups`
--

DROP TABLE IF EXISTS `auth_user_groups`;
/*!40101 SET @saved_cs_client     = @@character_set_client */;
/*!50503 SET character_set_client = utf8mb4 */;
CREATE TABLE `auth_user_groups` (
  `id` bigint NOT NULL AUTO_INCREMENT,
  `user_id` int NOT NULL,
  `group_id` int NOT NULL,
  PRIMARY KEY (`id`),
  UNIQUE KEY `auth_user_groups_user_id_group_id_94350c0c_uniq` (`user_id`,`group_id`),
  KEY `auth_user_groups_group_id_97559544_fk_auth_group_id` (`group_id`),
  CONSTRAINT `auth_user_groups_group_id_97559544_fk_auth_group_id` FOREIGN KEY (`group_id`) REFERENCES `auth_group` (`id`),
  CONSTRAINT `auth_user_groups_user_id_6a12ed8b_fk_auth_user_id` FOREIGN KEY (`user_id`) REFERENCES `auth_user` (`id`)
) ENGINE=InnoDB DEFAULT CHARSET=utf8mb4 COLLATE=utf8mb4_0900_ai_ci;
/*!40101 SET character_set_client = @saved_cs_client */;

--
-- Dumping data for table `auth_user_groups`
--

LOCK TABLES `auth_user_groups` WRITE;
/*!40000 ALTER TABLE `auth_user_groups` DISABLE KEYS */;
/*!40000 ALTER TABLE `auth_user_groups` ENABLE KEYS */;
UNLOCK TABLES;

--
-- Table structure for table `auth_user_user_permissions`
--

DROP TABLE IF EXISTS `auth_user_user_permissions`;
/*!40101 SET @saved_cs_client     = @@character_set_client */;
/*!50503 SET character_set_client = utf8mb4 */;
CREATE TABLE `auth_user_user_permissions` (
  `id` bigint NOT NULL AUTO_INCREMENT,
  `user_id` int NOT NULL,
  `permission_id` int NOT NULL,
  PRIMARY KEY (`id`),
  UNIQUE KEY `auth_user_user_permissions_user_id_permission_id_14a6b632_uniq` (`user_id`,`permission_id`),
  KEY `auth_user_user_permi_permission_id_1fbb5f2c_fk_auth_perm` (`permission_id`),
  CONSTRAINT `auth_user_user_permi_permission_id_1fbb5f2c_fk_auth_perm` FOREIGN KEY (`permission_id`) REFERENCES `auth_permission` (`id`),
  CONSTRAINT `auth_user_user_permissions_user_id_a95ead1b_fk_auth_user_id` FOREIGN KEY (`user_id`) REFERENCES `auth_user` (`id`)
) ENGINE=InnoDB DEFAULT CHARSET=utf8mb4 COLLATE=utf8mb4_0900_ai_ci;
/*!40101 SET character_set_client = @saved_cs_client */;

--
-- Dumping data for table `auth_user_user_permissions`
--

LOCK TABLES `auth_user_user_permissions` WRITE;
/*!40000 ALTER TABLE `auth_user_user_permissions` DISABLE KEYS */;
/*!40000 ALTER TABLE `auth_user_user_permissions` ENABLE KEYS */;
UNLOCK TABLES;

--
-- Table structure for table `authtoken_token`
--

DROP TABLE IF EXISTS `authtoken_token`;
/*!40101 SET @saved_cs_client     = @@character_set_client */;
/*!50503 SET character_set_client = utf8mb4 */;
CREATE TABLE `authtoken_token` (
  `key` varchar(40) NOT NULL,
  `created` datetime(6) NOT NULL,
  `user_id` int NOT NULL,
  PRIMARY KEY (`key`),
  UNIQUE KEY `user_id` (`user_id`),
  CONSTRAINT `authtoken_token_user_id_35299eff_fk_auth_user_id` FOREIGN KEY (`user_id`) REFERENCES `auth_user` (`id`)
) ENGINE=InnoDB DEFAULT CHARSET=utf8mb4 COLLATE=utf8mb4_0900_ai_ci;
/*!40101 SET character_set_client = @saved_cs_client */;

--
-- Dumping data for table `authtoken_token`
--

LOCK TABLES `authtoken_token` WRITE;
/*!40000 ALTER TABLE `authtoken_token` DISABLE KEYS */;
INSERT INTO `authtoken_token` VALUES ('4da61f64b81e7f42e47a92fb24810b1b643ca8bf','2026-03-29 13:21:32.730855',4),('6ed7a98375f1f239580fc04ad0fd0137cb7dbfc8','2026-03-28 14:29:55.346049',11),('97b36726d2d298f6ac8fbc656e0acb2b3e847bdb','2026-03-29 03:02:14.994796',1);
/*!40000 ALTER TABLE `authtoken_token` ENABLE KEYS */;
UNLOCK TABLES;

--
-- Table structure for table `core_chatbotknowledge`
--

DROP TABLE IF EXISTS `core_chatbotknowledge`;
/*!40101 SET @saved_cs_client     = @@character_set_client */;
/*!50503 SET character_set_client = utf8mb4 */;
CREATE TABLE `core_chatbotknowledge` (
  `id` bigint NOT NULL AUTO_INCREMENT,
  `question` longtext NOT NULL,
  `answer` longtext NOT NULL,
  `created_at` datetime(6) NOT NULL,
  `updated_at` datetime(6) NOT NULL,
  PRIMARY KEY (`id`)
) ENGINE=InnoDB AUTO_INCREMENT=36 DEFAULT CHARSET=utf8mb4 COLLATE=utf8mb4_0900_ai_ci;
/*!40101 SET character_set_client = @saved_cs_client */;

--
-- Dumping data for table `core_chatbotknowledge`
--

LOCK TABLES `core_chatbotknowledge` WRITE;
/*!40000 ALTER TABLE `core_chatbotknowledge` DISABLE KEYS */;
INSERT INTO `core_chatbotknowledge` VALUES (1,'what is','NPITS (Net Profit Investment Tracking System) is a rules-based financial platform designed for disciplined wealth creation. It helps you manage multiple asset classes with precision using FIFO accounting.','2026-04-10 15:32:30.226057','2026-04-10 15:34:09.478216'),(2,'npits','NPITS is your central hub for investment management. It uses data-driven signals to remove emotions from investing, focusing on automated \'Buy\' and \'Sell\' advice.','2026-04-10 15:32:30.257261','2026-04-10 15:32:30.257287'),(3,'foliux','FOLIUX is the premium branding for NPITS, representing our professional-grade suite of investment tracking tools and advanced strategy simulations.','2026-04-10 15:32:30.293308','2026-04-10 15:32:30.293336'),(4,'security','NPITS prioritizes your data security. Your sensitive investment data is encrypted (using Fernet encryption), and we use secure OTP-based authentication for logins and family linking.','2026-04-10 15:32:30.332239','2026-04-10 15:32:30.332276'),(5,'how to add','You can add items by clicking \'Add Instrument\' on any dashboard. For stocks, you can also use \'Buy Stock\' to add a single lot or \'Upload Portfolio\' for bulk entry.','2026-04-10 15:32:30.382558','2026-04-10 15:32:30.382583'),(6,'upload','To upload in bulk, go to the Stock Dashboard and click \'Upload Portfolio\'. We support .csv and .xlsx files from major brokers like Zerodha, Groww, etc.','2026-04-10 15:32:30.415692','2026-04-10 15:32:30.415757'),(7,'excel','You can download your portfolio as an Excel file using the \'Export\' button on the Stock Dashboard for offline analysis.','2026-04-10 15:32:30.448941','2026-04-10 15:32:30.448970'),(8,'google sheets','NPITS can sync with Google Sheets for real-time data ingestion. Check the \'Sync\' options on the dashboard for more details.','2026-04-10 15:32:30.490419','2026-04-10 15:32:30.490443'),(9,'fifo','NPITS uses First-In-First-Out (FIFO) logic to track individual stock lots. This ensures accurate P&L calculation and tax planning by matching your oldest buys with your sales.','2026-04-10 15:32:30.523787','2026-04-10 15:32:30.523811'),(10,'lots','Lot-based tracking means every purchase of a stock is treated separately. This helps you see the profit of each specific entry instead of just a consolidated average.','2026-04-10 15:32:30.557120','2026-04-10 15:32:30.557144'),(11,'signals','Signals are rule-based indicators: \'BUY\' (price is low/attractive), \'SELL\' (target reached), \'HOLD\' (maintain position), and \'REDUCE\' (over-allocation detected).','2026-04-10 15:32:30.607362','2026-04-10 15:32:30.607387'),(12,'rules','Our rules are based on predefined strategies like the 5% Index Strategy. These signals help you stay disciplined and avoid emotional trading.','2026-04-10 15:32:30.632293','2026-04-10 15:32:30.632325'),(13,'strategy','The Strategy page explains our frameworks: \'FlexiMultiInvest\' (Broad Market), \'NiftyQuant\' (Top 50), and \'Pyramiding\' (Thematic/Sectoral).','2026-04-10 15:32:30.673701','2026-04-10 15:32:30.673724'),(14,'quant','NiftyQuant is a strategy focusing on high-liquidity Nifty 50 stocks with specific rebalancing rules.','2026-04-10 15:32:30.715619','2026-04-10 15:32:30.715643'),(15,'flexi','FlexiMultiInvest uses broad-market ETFs to provide diversified exposure with rule-based entry points.','2026-04-10 15:32:30.843372','2026-04-10 15:32:30.843397'),(16,'pyramid','Pyramiding focuses on building positions in strong sectoral trends and ETFs like ITBEES, BANKBEES, etc.','2026-04-10 15:32:30.943539','2026-04-10 15:32:30.943616'),(17,'backtest','The Strategic Simulation Lab (Backtester) on the Strategy page allows you to test how these rules would have performed in the past.','2026-04-10 15:32:31.008253','2026-04-10 15:32:31.008296'),(18,'stocks','The Stock Dashboard tracks your equity investments, providing real-time P&L, signal badges, and allocation charts.','2026-04-10 15:32:31.073835','2026-04-10 15:32:31.073857'),(19,'mutual funds','MF Cue helps you track Mutual Funds, SIPs, and goal-based investments with automated sell-trigger alerts.','2026-04-10 15:32:31.099085','2026-04-10 15:32:31.099113'),(20,'mf','Mutual Fund Cue provides advice on when to sell (at 22% profit target) and tracks your monthly SIP executions automatically.','2026-04-10 15:32:31.140428','2026-04-10 15:32:31.140452'),(21,'nps','NPS Cue tracks your National Pension System funds and NAVs across various fund managers (Scheme E, C, G).','2026-04-10 15:32:31.177004','2026-04-10 15:32:31.177074'),(22,'coin','The Coin Dashboard tracks digital assets and cryptocurrencies with live price updates and transaction history.','2026-04-10 15:32:31.210300','2026-04-10 15:32:31.210371'),(23,'fd','The FD module tracks Fixed Deposits, showing maturity dates, interest rates, and total monthly interest income.','2026-04-10 15:32:31.243231','2026-04-10 15:32:31.243305'),(24,'loan','The Loan module manages your EMIs, tracking how much of each payment goes toward principal versus interest.','2026-04-10 15:32:31.277104','2026-04-10 15:32:31.277180'),(25,'ipo','The IPO Tracker shows upcoming and active Initial Public Offerings with listing dates and subscription statuses.','2026-04-10 15:32:31.310027','2026-04-10 15:32:31.310100'),(26,'family','Family Linking allows you to view your family members\' portfolios in read-only mode after they verify your request with an OTP.','2026-04-10 15:32:31.343033','2026-04-10 15:32:31.343107'),(27,'profile','In \'Edit Profile\', you can set your investment limits, update your photo, and toggle between Crore/Lakh and Million/Billion numbering systems.','2026-04-10 15:32:31.376796','2026-04-10 15:32:31.376867'),(28,'otp','We use OTPs for secure actions like registration, password resets, and linking family accounts for maximum security.','2026-04-10 15:32:31.410062','2026-04-10 15:32:31.410135'),(29,'contact','For support or bug reports, please reach out to the platform administrator via the support email in the footer.','2026-04-10 15:32:31.443267','2026-04-10 15:32:31.443343'),(30,'help','You can ask me about: how to add stocks, how signals work, what is FIFO, how to link family, or details about MF and NPS modules.','2026-04-10 15:32:31.474491','2026-04-10 15:32:31.474528'),(31,'hello','Hello! I am your NPITS Assistant. How can I help you manage your wealth today?','2026-04-10 15:32:31.532805','2026-04-10 15:32:31.532830'),(32,'hi','Hi there! Welcome to NPITS. I\'m here to help you navigate your portfolio and strategies.','2026-04-10 15:32:31.565831','2026-04-10 15:32:31.565856'),(33,'thanks','You\'re welcome! Happy investing with NPITS.','2026-04-10 15:32:31.615944','2026-04-10 15:32:31.615967'),(34,'What is MF Cue?','MF Cue is an advanced signal system that identifies opportunities with up to 22% profit potential. It provides personalized buy, sell, and reduce recommendations based on the user’s investment profile and maximum investment limits.','2026-04-10 15:45:25.839885','2026-04-10 15:45:25.839953'),(35,'What is Coin?','Coin Cue is an advanced signal system that identifies opportunities with up to 22% profit potential. It provides personalized buy, sell, and reduce recommendations based on the user’s investment profile and maximum investment limits.','2026-04-10 15:59:54.685266','2026-04-10 15:59:54.685338');
/*!40000 ALTER TABLE `core_chatbotknowledge` ENABLE KEYS */;
UNLOCK TABLES;

--
-- Table structure for table `core_coin`
--

DROP TABLE IF EXISTS `core_coin`;
/*!40101 SET @saved_cs_client     = @@character_set_client */;
/*!50503 SET character_set_client = utf8mb4 */;
CREATE TABLE `core_coin` (
  `id` bigint NOT NULL AUTO_INCREMENT,
  `name` varchar(200) NOT NULL,
  `symbol` varchar(50) NOT NULL,
  `price` decimal(20,4) NOT NULL,
  `prev_price` decimal(20,4) NOT NULL,
  `last_updated` datetime(6) NOT NULL,
  PRIMARY KEY (`id`),
  UNIQUE KEY `symbol` (`symbol`)
) ENGINE=InnoDB AUTO_INCREMENT=6 DEFAULT CHARSET=utf8mb4 COLLATE=utf8mb4_0900_ai_ci;
/*!40101 SET character_set_client = @saved_cs_client */;

--
-- Dumping data for table `core_coin`
--

LOCK TABLES `core_coin` WRITE;
/*!40000 ALTER TABLE `core_coin` DISABLE KEYS */;
INSERT INTO `core_coin` VALUES (1,'Bitcoin','BTC-INR',7047603.8410,6231296.0000,'2026-04-18 14:31:02.253421'),(2,'Ethereum','ETH-INR',217841.7606,194132.1200,'2026-04-18 14:31:02.296075'),(3,'Dogecoin','DOGE-INR',8.9057,0.0000,'2026-04-18 14:31:02.335742'),(4,'Tether','Tether-INR',0.0000,0.0000,'2026-04-04 11:18:50.750154'),(5,'Tether','USDT-INR',92.6035,0.0000,'2026-04-18 14:31:02.396182');
/*!40000 ALTER TABLE `core_coin` ENABLE KEYS */;
UNLOCK TABLES;

--
-- Table structure for table `core_coinportfolio`
--

DROP TABLE IF EXISTS `core_coinportfolio`;
/*!40101 SET @saved_cs_client     = @@character_set_client */;
/*!50503 SET character_set_client = utf8mb4 */;
CREATE TABLE `core_coinportfolio` (
  `id` bigint NOT NULL AUTO_INCREMENT,
  `units` decimal(20,8) NOT NULL,
  `avg_price` decimal(20,4) NOT NULL,
  `realized_profit` decimal(20,2) NOT NULL,
  `coin_id` bigint NOT NULL,
  `user_id` int NOT NULL,
  PRIMARY KEY (`id`),
  UNIQUE KEY `core_coinportfolio_user_id_coin_id_f1a5f1f5_uniq` (`user_id`,`coin_id`),
  KEY `core_coinportfolio_coin_id_40ecf304_fk_core_coin_id` (`coin_id`),
  CONSTRAINT `core_coinportfolio_coin_id_40ecf304_fk_core_coin_id` FOREIGN KEY (`coin_id`) REFERENCES `core_coin` (`id`),
  CONSTRAINT `core_coinportfolio_user_id_df59faaf_fk_auth_user_id` FOREIGN KEY (`user_id`) REFERENCES `auth_user` (`id`)
) ENGINE=InnoDB AUTO_INCREMENT=10 DEFAULT CHARSET=utf8mb4 COLLATE=utf8mb4_0900_ai_ci;
/*!40101 SET character_set_client = @saved_cs_client */;

--
-- Dumping data for table `core_coinportfolio`
--

LOCK TABLES `core_coinportfolio` WRITE;
/*!40000 ALTER TABLE `core_coinportfolio` DISABLE KEYS */;
INSERT INTO `core_coinportfolio` VALUES (4,0.00137219,9312121.4900,0.00,1,4),(7,0.03321979,375077.6200,0.00,2,4),(8,216.06000000,25.5000,0.00,3,4),(9,11.35200000,88.0900,0.00,4,4);
/*!40000 ALTER TABLE `core_coinportfolio` ENABLE KEYS */;
UNLOCK TABLES;

--
-- Table structure for table `core_cointransaction`
--

DROP TABLE IF EXISTS `core_cointransaction`;
/*!40101 SET @saved_cs_client     = @@character_set_client */;
/*!50503 SET character_set_client = utf8mb4 */;
CREATE TABLE `core_cointransaction` (
  `id` bigint NOT NULL AUTO_INCREMENT,
  `transaction_type` varchar(4) NOT NULL,
  `units` decimal(20,8) NOT NULL,
  `price` decimal(20,4) NOT NULL,
  `date` date NOT NULL,
  `remaining_units` decimal(20,8) NOT NULL,
  `created_at` datetime(6) NOT NULL,
  `coin_id` bigint NOT NULL,
  `user_id` int NOT NULL,
  PRIMARY KEY (`id`),
  KEY `core_cointransaction_coin_id_4f6000e6_fk_core_coin_id` (`coin_id`),
  KEY `core_cointransaction_user_id_317e9e8c_fk_auth_user_id` (`user_id`),
  CONSTRAINT `core_cointransaction_coin_id_4f6000e6_fk_core_coin_id` FOREIGN KEY (`coin_id`) REFERENCES `core_coin` (`id`),
  CONSTRAINT `core_cointransaction_user_id_317e9e8c_fk_auth_user_id` FOREIGN KEY (`user_id`) REFERENCES `auth_user` (`id`)
) ENGINE=InnoDB AUTO_INCREMENT=10 DEFAULT CHARSET=utf8mb4 COLLATE=utf8mb4_0900_ai_ci;
/*!40101 SET character_set_client = @saved_cs_client */;

--
-- Dumping data for table `core_cointransaction`
--

LOCK TABLES `core_cointransaction` WRITE;
/*!40000 ALTER TABLE `core_cointransaction` DISABLE KEYS */;
INSERT INTO `core_cointransaction` VALUES (1,'BUY',0.00137219,9306291.4000,'2026-03-31',0.00137219,'2026-03-31 14:15:37.459493',1,4),(2,'BUY',0.03321979,375077.6200,'2026-03-31',0.03321979,'2026-03-31 14:18:49.500099',2,4),(3,'BUY',0.00010000,6923952.0000,'2026-03-31',0.00010000,'2026-03-31 14:20:58.644312',1,4),(4,'BUY',0.00137219,9312121.4900,'2026-03-31',0.00137219,'2026-03-31 14:23:24.692968',1,4),(5,'BUY',0.33219000,37508.0000,'2026-04-03',0.33219000,'2026-04-03 08:48:42.381536',2,4),(6,'BUY',0.33219000,37508.0000,'2026-04-03',0.33219000,'2026-04-03 08:50:50.814771',2,4),(7,'BUY',0.03321979,375077.6200,'2026-04-03',0.03321979,'2026-04-03 09:01:37.409330',2,4),(8,'BUY',216.06000000,25.5000,'2026-04-03',216.06000000,'2026-04-03 09:03:25.595277',3,4),(9,'BUY',11.35200000,88.0900,'2026-04-04',11.35200000,'2026-04-04 11:34:16.166612',4,4);
/*!40000 ALTER TABLE `core_cointransaction` ENABLE KEYS */;
UNLOCK TABLES;

--
-- Table structure for table `core_corporateaction`
--

DROP TABLE IF EXISTS `core_corporateaction`;
/*!40101 SET @saved_cs_client     = @@character_set_client */;
/*!50503 SET character_set_client = utf8mb4 */;
CREATE TABLE `core_corporateaction` (
  `id` bigint NOT NULL AUTO_INCREMENT,
  `action_type` varchar(10) NOT NULL,
  `ratio_numerator` int DEFAULT NULL,
  `ratio_denominator` int DEFAULT NULL,
  `announcement_date` date NOT NULL,
  `record_date` date DEFAULT NULL,
  `description` longtext,
  `instrument_id` bigint NOT NULL,
  PRIMARY KEY (`id`),
  KEY `core_corporateaction_instrument_id_1656a416_fk_core_inst` (`instrument_id`),
  CONSTRAINT `core_corporateaction_instrument_id_1656a416_fk_core_inst` FOREIGN KEY (`instrument_id`) REFERENCES `core_instrument` (`id`)
) ENGINE=InnoDB DEFAULT CHARSET=utf8mb4 COLLATE=utf8mb4_0900_ai_ci;
/*!40101 SET character_set_client = @saved_cs_client */;

--
-- Dumping data for table `core_corporateaction`
--

LOCK TABLES `core_corporateaction` WRITE;
/*!40000 ALTER TABLE `core_corporateaction` DISABLE KEYS */;
/*!40000 ALTER TABLE `core_corporateaction` ENABLE KEYS */;
UNLOCK TABLES;

--
-- Table structure for table `core_dividend`
--

DROP TABLE IF EXISTS `core_dividend`;
/*!40101 SET @saved_cs_client     = @@character_set_client */;
/*!50503 SET character_set_client = utf8mb4 */;
CREATE TABLE `core_dividend` (
  `id` bigint NOT NULL AUTO_INCREMENT,
  `amount` decimal(15,2) NOT NULL,
  `ex_date` date DEFAULT NULL,
  `received_date` date NOT NULL,
  `instrument_id` bigint NOT NULL,
  `user_id` int NOT NULL,
  PRIMARY KEY (`id`),
  KEY `core_dividend_instrument_id_1f26de77_fk_core_instrument_id` (`instrument_id`),
  KEY `core_dividend_user_id_f1ce0836_fk_auth_user_id` (`user_id`),
  CONSTRAINT `core_dividend_instrument_id_1f26de77_fk_core_instrument_id` FOREIGN KEY (`instrument_id`) REFERENCES `core_instrument` (`id`),
  CONSTRAINT `core_dividend_user_id_f1ce0836_fk_auth_user_id` FOREIGN KEY (`user_id`) REFERENCES `auth_user` (`id`)
) ENGINE=InnoDB DEFAULT CHARSET=utf8mb4 COLLATE=utf8mb4_0900_ai_ci;
/*!40101 SET character_set_client = @saved_cs_client */;

--
-- Dumping data for table `core_dividend`
--

LOCK TABLES `core_dividend` WRITE;
/*!40000 ALTER TABLE `core_dividend` DISABLE KEYS */;
/*!40000 ALTER TABLE `core_dividend` ENABLE KEYS */;
UNLOCK TABLES;

--
-- Table structure for table `core_familylink`
--

DROP TABLE IF EXISTS `core_familylink`;
/*!40101 SET @saved_cs_client     = @@character_set_client */;
/*!50503 SET character_set_client = utf8mb4 */;
CREATE TABLE `core_familylink` (
  `id` bigint NOT NULL AUTO_INCREMENT,
  `is_verified` tinyint(1) NOT NULL,
  `created_at` datetime(6) NOT NULL,
  `family_user_id` int NOT NULL,
  `user_id` int NOT NULL,
  PRIMARY KEY (`id`),
  UNIQUE KEY `core_familylink_user_id_family_user_id_d8c27d5d_uniq` (`user_id`,`family_user_id`),
  KEY `core_familylink_family_user_id_bd35332b_fk_auth_user_id` (`family_user_id`),
  CONSTRAINT `core_familylink_family_user_id_bd35332b_fk_auth_user_id` FOREIGN KEY (`family_user_id`) REFERENCES `auth_user` (`id`),
  CONSTRAINT `core_familylink_user_id_4c345eef_fk_auth_user_id` FOREIGN KEY (`user_id`) REFERENCES `auth_user` (`id`)
) ENGINE=InnoDB AUTO_INCREMENT=4 DEFAULT CHARSET=utf8mb4 COLLATE=utf8mb4_0900_ai_ci;
/*!40101 SET character_set_client = @saved_cs_client */;

--
-- Dumping data for table `core_familylink`
--

LOCK TABLES `core_familylink` WRITE;
/*!40000 ALTER TABLE `core_familylink` DISABLE KEYS */;
/*!40000 ALTER TABLE `core_familylink` ENABLE KEYS */;
UNLOCK TABLES;

--
-- Table structure for table `core_financialyeardata`
--

DROP TABLE IF EXISTS `core_financialyeardata`;
/*!40101 SET @saved_cs_client     = @@character_set_client */;
/*!50503 SET character_set_client = utf8mb4 */;
CREATE TABLE `core_financialyeardata` (
  `id` bigint NOT NULL AUTO_INCREMENT,
  `financial_year` varchar(9) NOT NULL,
  `invested_amount` decimal(20,2) NOT NULL,
  `current_value` decimal(20,2) NOT NULL,
  `unrealized_pnl` decimal(20,2) NOT NULL,
  `realized_profit` decimal(20,2) NOT NULL,
  `updated_at` datetime(6) NOT NULL,
  `user_id` int NOT NULL,
  `edit_count` int NOT NULL,
  `is_locked` tinyint(1) NOT NULL,
  PRIMARY KEY (`id`),
  UNIQUE KEY `core_financialyeardata_user_id_financial_year_1b5f1b11_uniq` (`user_id`,`financial_year`),
  CONSTRAINT `core_financialyeardata_user_id_49b8da85_fk_auth_user_id` FOREIGN KEY (`user_id`) REFERENCES `auth_user` (`id`)
) ENGINE=InnoDB AUTO_INCREMENT=33 DEFAULT CHARSET=utf8mb4 COLLATE=utf8mb4_0900_ai_ci;
/*!40101 SET character_set_client = @saved_cs_client */;

--
-- Dumping data for table `core_financialyeardata`
--

LOCK TABLES `core_financialyeardata` WRITE;
/*!40000 ALTER TABLE `core_financialyeardata` DISABLE KEYS */;
INSERT INTO `core_financialyeardata` VALUES (15,'2026-2027',2863335.59,2528316.10,-335019.49,50122.65,'2026-04-18 09:14:58.347596',4,0,0),(16,'2026-2027',163350.72,167516.54,4165.82,114100.00,'2026-03-27 11:02:31.432197',34,0,0),(17,'2026-2027',101500.00,76864.25,-24635.75,9500.00,'2026-03-27 11:22:55.189430',1,0,0),(24,'2025-2026',2862000.00,2280688.00,-581312.00,204667.00,'2026-03-31 14:06:15.885948',4,1,1),(25,'2024-2025',2025000.00,1948000.00,-77000.00,300365.00,'2026-03-31 14:06:07.741336',4,1,1),(26,'2023-2024',1999782.00,2058641.00,58859.00,201669.00,'2026-04-02 06:32:46.635524',4,1,1),(27,'2022-2023',1945000.00,1880000.00,-65000.00,239939.00,'2026-04-06 10:56:49.067072',4,1,1),(28,'2026-2027',772276.97,767666.95,-4610.02,0.00,'2026-04-11 06:47:10.051630',20,0,0),(30,'2026-2027',0.00,0.00,0.00,9500.00,'2026-04-07 15:23:53.566630',31,0,0),(31,'2026-2027',560719.55,1098957.71,538238.16,-87.45,'2026-04-09 04:38:31.157674',3,0,0),(32,'2026-2027',0.00,0.00,0.00,139.88,'2026-04-10 05:55:06.846453',39,0,0);
/*!40000 ALTER TABLE `core_financialyeardata` ENABLE KEYS */;
UNLOCK TABLES;

--
-- Table structure for table `core_fixedasset`
--

DROP TABLE IF EXISTS `core_fixedasset`;
/*!40101 SET @saved_cs_client     = @@character_set_client */;
/*!50503 SET character_set_client = utf8mb4 */;
CREATE TABLE `core_fixedasset` (
  `id` bigint NOT NULL AUTO_INCREMENT,
  `instrument_name` longtext NOT NULL,
  `invested_amount` longtext NOT NULL,
  `interest_rate` longtext NOT NULL,
  `investment_date` date NOT NULL,
  `created_at` datetime(6) NOT NULL,
  `user_id` int NOT NULL,
  `maturity_date` date DEFAULT NULL,
  `asset_type` varchar(20) NOT NULL,
  `monthly_deposit` decimal(20,2) NOT NULL,
  `next_deposit_date` date DEFAULT NULL,
  `tenure_years` int NOT NULL,
  `fd_id` longtext,
  `holder_name` longtext,
  `parent_asset_id` bigint DEFAULT NULL,
  PRIMARY KEY (`id`),
  KEY `core_fixedasset_user_id_5ffef55d_fk_auth_user_id` (`user_id`),
  KEY `core_fixedasset_parent_asset_id_21b78466_fk_core_fixedasset_id` (`parent_asset_id`),
  CONSTRAINT `core_fixedasset_parent_asset_id_21b78466_fk_core_fixedasset_id` FOREIGN KEY (`parent_asset_id`) REFERENCES `core_fixedasset` (`id`),
  CONSTRAINT `core_fixedasset_user_id_5ffef55d_fk_auth_user_id` FOREIGN KEY (`user_id`) REFERENCES `auth_user` (`id`)
) ENGINE=InnoDB AUTO_INCREMENT=13 DEFAULT CHARSET=utf8mb4 COLLATE=utf8mb4_0900_ai_ci;
/*!40101 SET character_set_client = @saved_cs_client */;

--
-- Dumping data for table `core_fixedasset`
--

LOCK TABLES `core_fixedasset` WRITE;
/*!40000 ALTER TABLE `core_fixedasset` DISABLE KEYS */;
INSERT INTO `core_fixedasset` VALUES (4,'gAAAAABp1N0NUbPpv0i03snl4pg6euffeRSCZ8_abIBKOZoLdkrgQsGZzwT1-hsF02MVOEEF_TsJWzsYzHHawpYMlfpkTZjCjw==','gAAAAABp1N0NhSUKsHg9lGG9vp3m5esJMwSWyfyJz4F4_tK1MNICNm0NYkU0uanavV2UylBBQrEn4hdVQl_uB3vLbo5WdHyz5Q==','gAAAAABp1N0NRnxp9mrn38ABU-_hl5XDpMA007Q7C90pHOw5ww4THwgJ0Xcoh0JBkEj4CzQ1D15rEDzBYq6847Elz1axrI1a5A==','2024-01-01','2026-04-01 13:59:45.727066',4,'2039-12-31','FD',0.00,NULL,1,NULL,NULL,NULL),(5,'gAAAAABp1N0NWtG3T-0oM0znzfWIYsAyGdNeomQpK4UKr04T-DI9rzybpHx8AiqEfs2seycmjKel-BHgrvfij2z387zScukCZg==','gAAAAABp1N0NZngJtkrFtalB2qt8OI6_bPLj1Bk2NY_cmxoJJciH-4-MaugGeVeqrIkgAs3lwKJjd4YsKl8yAOCfAMjSCCpgvw==','gAAAAABp1N0NXtKpz4Ktb1L4HipTIPSVlDJW5HtWOmjizq8fvncdY3K34U_WsmaJr32e_C1pIJE7EOZidMob0ALfp4uqwFQcKg==','2025-01-01','2026-04-01 14:03:19.023476',4,'2040-12-30','FD',0.00,NULL,1,NULL,NULL,NULL),(7,'gAAAAABp1N0NoI1d5uNZl8-vAZq2Ma7CY7T2ICH4AfaEQDiZWS9gBuv7005LNIUTkk1SjOAzSo379LjJ7Hf46L_9WjZpXDR3AQ==','gAAAAABp1N0NR-rxkWwvzr_BqxrZpAoc1tkhi0IH_qY9sjqJ2Jm9Us7hD-BVYPpSiwUzNYz032ZryK7dzid_qVkfVbb7y6pJLg==','gAAAAABp1N0NhZQpdcP7_2o_z8xIx3Mp36ScIx77HE3LyP0ajKcmTLCDbhychZUg3ExQrsQ7F_ChvYJJCRnfnJ9YVPi6cPbt8A==','2013-06-01','2026-04-03 01:48:47.016079',4,'2027-10-31','PPF',0.00,NULL,0,NULL,NULL,NULL),(8,'gAAAAABp1gFWGVbrhLM3hc5KlrTqm0e8Ov33NwhOKsOZfx5-EBPF3OfJ8B0jRQplKv_VBdbedoAmTkAoGe9B4SF75MFA14-8Cw==','gAAAAABp1gFWaoBmPQ91rZuHBLgD28Bd0dPzIJu_Bew24wu3WZ7ATv3s6xG5rq4FZbGyslLXUa5UQdIsEXJBuTaV73Rdv8UsAA==','gAAAAABp1gFWsFXZzv806qbNYSc_KXkjjc3EaRtkf6hOfsZWLdz_cqlFM-fhr53D6rveAA2GPNb1gvoHutXTGkxBSXeVH28m5g==','2026-04-08','2026-04-08 07:18:46.992382',5,'2026-11-26','FD',0.00,NULL,0,NULL,NULL,NULL),(11,'gAAAAABp1mUau1ifsfp1l97sHAYjecr9A3YEOoBMnolnRcJl6gxA8VHfvhV95HpHFBhVC_kZX6co7Y_TxrZI_nhWwRNCC-UkYQ==','gAAAAABp1mUaXfvxkYUYzEWu_X3SFQ1EefHdIF4pIlz4nWZLrdwAu45O7GuS7-y-fVJGoQLaxLSjFXMqgP1wxwadW0piFretDQ==','gAAAAABp1mUa1YrqrFA2zWKlBFIirrS8w9RGzZMAmAsNNSoZIpFoHnOwRnhvLMnHhAdhRYLbI7g-kXt8qaNgGfwB1oxz17NJdA==','2026-04-07','2026-04-08 14:24:26.440063',31,'2026-04-17','FD',0.00,NULL,0,'gAAAAABp1mUaVmqYK65UQ3pia6kDxRWPsy-ofUfz8KZI61RYpzbYNBd_VrUM7JouquJLScwf6SawXnleWEiN338JdSzMKWtZiQ==','gAAAAABp1mUaDcwv99H6wXuNYdWvwQ0NEsIe4yZ7HgizAFujwho0FAU6vQgUribA_BG3bYaYAMnat9gsb76M1CEkJaRX8QJYig==',NULL);
/*!40000 ALTER TABLE `core_fixedasset` ENABLE KEYS */;
UNLOCK TABLES;

--
-- Table structure for table `core_hiddensignal`
--

DROP TABLE IF EXISTS `core_hiddensignal`;
/*!40101 SET @saved_cs_client     = @@character_set_client */;
/*!50503 SET character_set_client = utf8mb4 */;
CREATE TABLE `core_hiddensignal` (
  `id` bigint NOT NULL AUTO_INCREMENT,
  `created_at` datetime(6) NOT NULL,
  `instrument_id` bigint NOT NULL,
  `user_id` int NOT NULL,
  PRIMARY KEY (`id`),
  UNIQUE KEY `core_hiddensignal_user_id_instrument_id_bece506c_uniq` (`user_id`,`instrument_id`),
  KEY `core_hiddensignal_instrument_id_91828170_fk_core_instrument_id` (`instrument_id`),
  CONSTRAINT `core_hiddensignal_instrument_id_91828170_fk_core_instrument_id` FOREIGN KEY (`instrument_id`) REFERENCES `core_instrument` (`id`),
  CONSTRAINT `core_hiddensignal_user_id_e2d0598b_fk_auth_user_id` FOREIGN KEY (`user_id`) REFERENCES `auth_user` (`id`)
) ENGINE=InnoDB AUTO_INCREMENT=6 DEFAULT CHARSET=utf8mb4 COLLATE=utf8mb4_0900_ai_ci;
/*!40101 SET character_set_client = @saved_cs_client */;

--
-- Dumping data for table `core_hiddensignal`
--

LOCK TABLES `core_hiddensignal` WRITE;
/*!40000 ALTER TABLE `core_hiddensignal` DISABLE KEYS */;
INSERT INTO `core_hiddensignal` VALUES (3,'2026-04-16 04:56:28.433819',243,4),(4,'2026-04-16 04:57:11.600479',248,4),(5,'2026-04-16 05:56:44.880548',247,4);
/*!40000 ALTER TABLE `core_hiddensignal` ENABLE KEYS */;
UNLOCK TABLES;

--
-- Table structure for table `core_instrument`
--

DROP TABLE IF EXISTS `core_instrument`;
/*!40101 SET @saved_cs_client     = @@character_set_client */;
/*!50503 SET character_set_client = utf8mb4 */;
CREATE TABLE `core_instrument` (
  `id` bigint NOT NULL AUTO_INCREMENT,
  `name` varchar(100) NOT NULL,
  `symbol` varchar(50) NOT NULL,
  `isin` varchar(50) DEFAULT NULL,
  `is_verified` tinyint(1) NOT NULL,
  `last_price` decimal(20,2) NOT NULL,
  `last_updated` datetime(6) DEFAULT NULL,
  `price_change` decimal(20,2) NOT NULL,
  `diff_from_lh_pct` decimal(20,2) DEFAULT NULL,
  `pe_ratio` decimal(20,2) DEFAULT NULL,
  `previous_close` decimal(20,2) NOT NULL,
  `high_52w` decimal(20,2) DEFAULT NULL,
  PRIMARY KEY (`id`),
  UNIQUE KEY `symbol` (`symbol`),
  UNIQUE KEY `isin` (`isin`)
) ENGINE=InnoDB AUTO_INCREMENT=651 DEFAULT CHARSET=utf8mb4 COLLATE=utf8mb4_0900_ai_ci;
/*!40101 SET character_set_client = @saved_cs_client */;

--
-- Dumping data for table `core_instrument`
--

LOCK TABLES `core_instrument` WRITE;
/*!40000 ALTER TABLE `core_instrument` DISABLE KEYS */;
INSERT INTO `core_instrument` VALUES (2,'Tata Consultancy(tcs)','TCS',NULL,1,2583.60,'2026-04-18 14:34:04.168483',6.70,40.52,19.00,2576.90,3509.22),(3,'Infosys Limited','INFY',NULL,1,1320.00,'2026-04-18 14:34:04.169687',0.80,30.91,19.56,1319.20,1728.00),(4,'HDFC Bank (hdfcbank)','HDFCBANK',NULL,1,800.00,'2026-04-18 14:34:04.170414',4.55,27.56,16.55,795.45,1020.50),(5,'ITC Limited','ITC',NULL,1,307.00,'2026-04-18 14:34:04.171119',3.60,44.69,10.99,303.40,427.21),(7,'Motherson Sumi Wiring','MSUMI',NULL,1,39.65,'2026-04-18 14:34:04.171831',0.20,35.16,41.88,39.45,53.59),(8,'Tata Motors Passenger(TMPV)','TMPV',NULL,1,361.00,'2026-04-18 14:34:04.172544',4.70,16.07,NULL,356.30,419.00),(9,'GOLDBEES','GOLDBEES',NULL,1,124.78,'2026-04-18 14:34:04.173247',-0.83,18.72,1.00,125.61,148.14),(10,'MON100','MON100',NULL,1,286.78,'2026-04-18 14:34:04.173964',9.27,0.00,1.00,277.51,286.78),(11,'SILVERBEES','SILVERBEES',NULL,1,238.10,'2026-04-18 14:34:04.174665',0.13,51.20,1.00,237.97,360.00),(12,'HNGSNGBEES','HNGSNGBEES',NULL,1,535.00,'2026-04-18 14:34:04.175366',-2.24,8.40,1.00,537.24,579.92),(13,'Hdbfs','HDBFS',NULL,1,679.05,'2026-04-18 14:34:04.176075',-6.95,31.35,24.28,686.00,889.50),(14,'Tatacap','TATACAP',NULL,1,337.50,'2026-04-18 14:34:04.176789',1.60,8.83,33.60,335.90,367.30),(16,'KEI Industries Limited','KEI',NULL,1,4833.80,'2026-04-18 14:34:04.177505',186.40,9.71,53.71,4647.40,5303.00),(17,'Aarti Industries Limited','AARTIIND',NULL,1,442.00,'2026-04-18 14:34:04.178216',4.10,11.99,42.50,437.90,493.68),(18,'One 97 Communications','PAYTM',NULL,1,1163.40,'2026-04-18 14:34:04.178923',14.55,18.77,NULL,1148.85,1381.80),(19,'Bankbees','BANKBEES',NULL,1,583.20,'2026-04-18 14:34:04.179627',5.62,9.57,1.00,577.58,638.99),(20,'Itbees','ITBEES',NULL,1,35.10,'2026-04-18 14:34:04.180873',0.04,26.13,1.00,35.06,44.27),(21,'Patanjali Foods Limited','PATANJALI',NULL,1,468.05,'2026-04-18 14:34:04.181706',3.10,42.93,30.92,464.95,666.27),(22,'BSE Limited','BSE',NULL,1,3538.10,'2026-04-18 14:34:04.182439',91.40,0.34,66.80,3446.70,3550.00),(23,'Central Depository','CDSL',NULL,1,1395.00,'2026-04-18 14:34:04.183157',27.20,31.10,61.22,1367.80,1814.11),(24,'Sammaan Capital Limited','SAMMAANCAP',NULL,1,154.80,'2026-04-18 14:34:04.183864',-0.16,24.64,NULL,154.96,192.95),(25,'Indian Railway Finance','IRFC',NULL,1,104.95,'2026-04-18 14:34:04.184587',1.71,41.92,19.56,103.24,146.15),(26,'Pilaniinvs','PILANIINVS',NULL,1,4945.00,'2026-04-18 14:34:04.185299',137.50,20.93,4523.67,4807.50,5980.00),(27,'REC Limited','RECLTD',NULL,1,373.00,'2026-04-18 14:34:04.186003',8.80,20.11,5.70,364.20,425.03),(28,'Titan Company Limited','TITAN',NULL,1,4524.00,'2026-04-18 14:34:04.186710',62.60,0.22,84.24,4461.40,4554.00),(29,'ITC Hotels Limited','ITCHOTELS',NULL,1,162.20,'2026-04-18 14:34:04.187416',0.28,61.29,29.77,161.92,261.62),(30,'Computer Age Management','CAMS',NULL,1,751.00,'2026-04-18 14:34:04.188137',12.60,16.51,40.26,738.40,860.94),(31,'Dlinkindia','DLINKINDIA',NULL,1,445.00,'2026-04-18 14:34:04.188853',17.05,32.48,15.21,427.95,566.62),(32,'Tata Elxsi Limited','TATAELXSI',NULL,1,4588.00,'2026-04-18 14:34:04.189561',-5.60,46.80,49.23,4593.60,6680.00),(33,'Larsen & Toubro Limited','LT',NULL,1,4105.00,'2026-04-18 14:34:04.190271',-14.80,8.16,34.75,4119.80,4440.00),(34,'Regaal','REGAAL',NULL,1,84.80,'2026-04-18 14:34:04.190956',2.42,71.82,NULL,82.38,145.70),(35,'Asian Paints Limited','ASIANPAINT',NULL,1,2471.60,'2026-04-18 14:34:04.191588',31.30,20.80,61.64,2440.30,2985.70),(36,'Aartipharm','AARTIPHARM',NULL,1,700.00,'2026-04-18 14:34:04.192232',0.00,38.71,29.69,700.00,966.33),(37,'Jubilant Foodworks Limited','JUBLFOOD',NULL,1,458.20,'2026-04-18 14:34:04.192869',-1.45,58.87,76.19,459.65,726.68),(38,'Indian Railway Catering nTourism','IRCTC',NULL,1,565.40,'2026-04-18 14:34:04.193515',11.60,45.07,31.74,553.80,808.77),(39,'Petronet LNG Limited','PETRONET',NULL,1,273.10,'2026-04-18 14:34:04.194157',1.61,19.55,11.26,271.49,326.40),(40,'Vodafone Idea Limited','IDEA',NULL,1,9.61,'2026-04-18 14:34:04.194799',0.08,33.19,NULL,9.53,12.80),(42,'Anand Rathi Wealth Limited','ANANDRATHI',NULL,1,3669.00,'2026-04-18 14:34:04.195431',36.10,1.80,77.84,3632.90,3735.00),(43,'Amara Raja Energy','ARE&M',NULL,1,780.00,'2026-04-18 14:34:04.196066',7.30,40.26,NULL,772.70,1082.00),(44,'Bajaj Housing Finance Limited','BAJAJHFL',NULL,1,92.00,'2026-04-18 14:34:04.197137',2.80,48.87,30.98,89.20,136.96),(45,'Bata India Limited','BATAINDIA',NULL,1,757.10,'2026-04-18 14:34:04.198098',10.50,71.80,54.69,746.60,1290.87),(46,'Bharat Petroleum Corporation','BPCL',NULL,1,313.20,'2026-04-18 14:34:04.198873',5.25,25.05,5.44,307.95,391.65),(47,'Canara Bank','CANBK',NULL,1,142.40,'2026-04-18 14:34:04.199514',1.37,14.39,7.03,141.03,162.89),(48,'Coal India Limited','COALINDIA',NULL,1,438.60,'2026-04-18 14:34:04.200179',5.85,8.53,9.05,432.75,476.00),(49,'Consumbees','CONSUMBEES',NULL,1,126.95,'2026-04-18 14:34:04.200775',1.47,13.73,1.00,125.48,144.38),(50,'Deltacorp','DELTACORP',NULL,1,61.00,'2026-04-18 14:34:04.201412',-0.23,61.97,6.99,61.23,98.80),(51,'Ganeshhou','GANESHHOU',NULL,1,642.00,'2026-04-18 14:34:04.202057',-9.60,40.14,12.76,651.60,899.70),(53,'Hdfcsml250','HDFCSML250',NULL,1,165.40,'2026-04-18 14:34:04.202701',2.60,10.75,1.00,162.80,183.18),(54,'Healthy','HEALTHY',NULL,1,14.95,'2026-04-18 14:34:04.203338',0.06,13.58,1.00,14.89,16.98),(55,'Infrabees','INFRABEES',NULL,1,961.97,'2026-04-18 14:34:04.203981',7.76,5.86,1.00,954.21,1018.30),(56,'Inox Wind Limited','INOXWIND',NULL,1,98.20,'2026-04-18 14:34:04.204622',2.80,101.77,31.12,95.40,201.00),(57,'Juniorbees','JUNIORBEES',NULL,1,757.97,'2026-04-18 14:34:04.205260',11.81,2.51,1.00,746.16,777.00),(58,'Kotak Mahindra Bank','KOTAKBANK',NULL,1,383.35,'2026-04-18 14:34:04.205901',4.20,20.09,20.28,379.15,459.85),(59,'Lgeindia','LGEINDIA',NULL,1,1577.00,'2026-04-18 14:34:04.206540',26.70,10.91,61.28,1550.30,1749.00),(60,'Liquidcase','LIQUIDCASE',NULL,1,113.68,'2026-04-18 14:34:04.207174',0.05,0.00,1.00,113.63,113.68),(61,'Lowvolietf','LOWVOLIETF',NULL,1,21.80,'2026-04-18 14:34:04.207798',0.25,22.98,NULL,21.55,26.81),(62,'Mafang','MAFANG',NULL,1,175.50,'2026-04-18 14:34:04.208429',8.62,1.87,NULL,166.88,178.78),(63,'Marico Limited','MARICO',NULL,1,757.00,'2026-04-18 14:34:04.209060',12.60,7.46,57.25,744.40,813.50),(64,'MetaliETF','METALIETF',NULL,1,12.98,'2026-04-18 14:34:04.209692',0.15,0.08,1.00,12.83,12.99),(65,'Mid150bees','MID150BEES',NULL,1,227.72,'2026-04-18 14:34:04.210327',3.02,5.08,1.00,224.70,239.29),(67,'Movalue','MOVALUE',NULL,1,118.11,'2026-04-18 14:34:04.210964',0.00,8.41,1.00,118.11,128.77),(68,'Niftybees','NIFTYBEES',NULL,1,276.00,'2026-04-18 14:34:04.211594',2.05,9.51,1.00,273.95,302.25),(69,'NTPC Limited','NTPC',NULL,1,393.70,'2026-04-18 14:34:04.212249',2.90,0.65,15.79,390.80,397.25),(70,'FSN E-Commerce Ventures','NYKAA',NULL,1,270.41,'2026-04-18 14:34:04.212895',7.80,5.62,550.90,262.61,285.60),(71,'Oil & Natural Gas Corp','ONGC',NULL,1,284.00,'2026-04-18 14:34:04.213924',1.25,3.17,9.42,282.75,293.00),(72,'Pidilite Industries Limited','PIDILITIND',NULL,1,1394.30,'2026-04-18 14:34:04.214767',63.30,12.96,62.04,1331.00,1574.95),(73,'Psubank','PSUBANK',NULL,1,884.00,'2026-04-18 14:34:04.215470',7.63,14.25,1.00,876.37,1010.00),(74,'Shriram Finance Limited','SHRIRAMFIN',NULL,1,1037.00,'2026-04-18 14:34:04.216341',14.25,6.85,21.35,1022.75,1108.00),(76,'Smallcap','SMALLCAP',NULL,1,43.98,'2026-04-18 14:34:04.217243',0.87,23.92,1.00,43.11,54.50),(77,'Tata Power Company Limited','TATAPOWER',NULL,1,427.50,'2026-04-18 14:34:04.217989',0.90,1.05,36.05,426.60,432.00),(78,'Tata Technologies Limited','TATATECH',NULL,1,590.15,'2026-04-18 14:34:04.218691',3.45,35.05,45.11,586.70,784.62),(79,'Tennind','TENNIND',NULL,1,588.00,'2026-04-18 14:34:04.219398',5.40,2.88,41.11,582.60,604.95),(80,'Tmcv','TMCV',NULL,1,439.15,'2026-04-18 14:34:04.220158',-2.85,15.91,62.84,442.00,509.00),(81,'Wstcstpapr','WSTCSTPAPR',NULL,1,490.10,'2026-04-18 14:34:04.220910',-11.75,18.96,22.67,501.85,577.18),(82,'Adani Ports and Special Eco','ADANIPORTS',NULL,1,1572.40,'2026-04-18 14:34:04.221674',22.60,0.74,27.24,1549.80,1584.00),(83,'Affle 3i Limited','AFFLE',NULL,1,1463.00,'2026-04-18 14:34:04.222414',16.20,49.41,46.97,1446.80,2185.90),(84,'Alpha','ALPHA',NULL,1,48.97,'2026-04-18 14:34:04.223277',0.64,9.45,1.00,48.33,53.60),(85,'Angel One Limited','ANGELONE',NULL,1,322.60,'2026-04-18 14:34:04.224017',29.99,1.83,39.23,292.61,324.40),(86,'Aurobindo Pharma Limited','AUROPHARMA',NULL,1,1385.00,'2026-04-18 14:34:04.224744',-1.50,0.71,23.07,1386.50,1394.90),(87,'Autoietf','AUTOIETF',NULL,1,27.26,'2026-04-18 14:34:04.225552',0.08,11.89,1.00,27.18,30.50),(88,'Bajaj Auto Limited','BAJAJ-AUTO',NULL,1,9750.00,'2026-04-18 14:34:04.226195',-75.00,4.48,30.71,9825.00,10187.00),(89,'Balmlawrie','BALMLAWRIE',NULL,1,176.45,'2026-04-18 14:34:04.226825',2.96,35.00,11.29,173.49,224.14),(90,'Bank of Baroda','BANKBARODA',NULL,1,279.51,'2026-04-18 14:34:04.227462',0.12,16.45,7.42,279.39,325.50),(91,'Bharat Electronics Limited','BEL',NULL,1,461.80,'2026-04-18 14:34:04.228102',6.15,2.52,56.59,455.65,473.45),(92,'BEML Limited','BEML',NULL,1,1780.50,'2026-04-18 14:34:04.228738',40.50,36.89,58.94,1740.00,2433.23),(93,'Bfsi','BFSI',NULL,1,27.41,'2026-04-18 14:34:04.229370',0.18,9.23,1.00,27.23,29.94),(94,'Bharatcoal','BHARATCOAL',NULL,1,35.77,'2026-04-18 14:34:04.230173',-0.01,26.06,NULL,35.78,45.09),(95,'Bharti Airtel Limited','BHARTIARTL',NULL,1,1847.30,'2026-04-18 14:34:04.231501',6.70,17.71,36.55,1840.60,2174.50),(96,'Castrol India Limited','CASTROLIND',NULL,1,182.80,'2026-04-18 14:34:04.232290',2.22,27.15,19.03,180.58,222.20),(97,'Cpseetf','CPSEETF',NULL,1,106.93,'2026-04-18 14:34:04.232977',1.50,0.06,1.00,105.43,106.99),(98,'Craftsman Automation Limited','CRAFTSMAN',NULL,1,7675.00,'2026-04-18 14:34:04.233591',162.50,7.10,51.40,7512.50,8220.00),(99,'CRISIL Limited','CRISIL',NULL,1,4335.00,'2026-04-18 14:34:04.234202',208.70,41.61,41.38,4126.30,6064.44),(100,'Deepak Fertilizers(deepakfert)','DEEPAKFERT',NULL,1,1229.00,'2026-04-18 14:34:04.234814',30.35,44.72,17.73,1198.65,1765.95),(101,'Deepak Nitrite Limited','DEEPAKNTR',NULL,1,1544.00,'2026-04-18 14:34:04.235420',10.30,40.80,39.50,1533.70,2165.04),(102,'Dhampursug','DHAMPURSUG',NULL,1,142.70,'2026-04-18 14:34:04.236027',1.12,13.50,13.62,141.58,161.96),(103,'DLF Limited','DLF',NULL,1,601.30,'2026-04-18 14:34:04.236635',11.60,47.48,33.60,589.70,880.36),(104,'Easemytrip','EASEMYTRIP',NULL,1,7.80,'2026-04-18 14:34:04.237242',-0.18,72.56,NULL,7.98,13.46),(105,'EID Parry India Limited','EIDPARRY',NULL,1,867.90,'2026-04-18 14:34:04.237847',15.40,43.66,13.00,852.50,1246.80),(106,'ETERNAL LIMITED','ETERNAL',NULL,1,252.20,'2026-04-18 14:34:04.238446',-0.50,46.09,1003.38,252.70,368.45),(107,'Finopb','FINOPB',NULL,1,142.70,'2026-04-18 14:34:04.239058',3.20,137.56,17.16,139.50,339.00),(108,'GAIL (India) Limited','GAIL',NULL,1,157.98,'2026-04-18 14:34:04.239660',-0.94,28.36,12.10,158.92,195.53),(109,'Groww','GROWW',NULL,1,199.35,'2026-04-18 14:34:04.240381',-3.64,6.80,72.57,202.99,214.36),(110,'Hindustan Aeronautics Limited','HAL',NULL,1,4381.00,'2026-04-18 14:34:04.240989',17.60,17.90,32.93,4363.40,5105.25),(111,'HCL Technologies Limited','HCLTECH',NULL,1,1443.00,'2026-04-18 14:34:04.241595',-7.20,23.36,23.77,1450.20,1780.10),(112,'HDFC Asset Management (hdfcamc)','HDFCAMC',NULL,1,2796.10,'2026-04-18 14:34:04.242205',133.90,6.12,41.76,2662.20,2967.25),(113,'Hindalco Industries Limited','HINDALCO',NULL,1,1039.05,'2026-04-18 14:34:04.242820',-0.85,0.16,14.37,1039.90,1048.70),(114,'Hindustan Copper Limited','HINDCOPPER',NULL,1,568.15,'2026-04-18 14:34:04.243435',4.40,33.78,83.26,563.75,758.83),(116,'Icicib22','ICICIB22',NULL,1,125.27,'2026-04-18 14:34:04.244044',1.39,4.57,1.00,123.88,131.00),(117,'ICICI Bank Limited','ICICIBANK',NULL,1,1352.80,'2026-04-18 14:34:04.244646',7.30,10.88,18.45,1345.50,1488.51),(118,'IDFC First Bank Limited','IDFCFIRSTB',NULL,1,68.45,'2026-04-18 14:34:04.245254',0.63,27.10,33.29,67.82,87.00),(119,'Indian Energy Exchange Limited','IEX',NULL,1,135.30,'2026-04-18 14:34:04.245857',0.89,59.20,25.03,134.41,212.84),(120,'IndusInd Bank Limited','INDUSINDBK',NULL,1,853.00,'2026-04-18 14:34:04.246575',5.10,13.58,NULL,847.90,968.85),(121,'Indus Towers Limited','INDUSTOWER',NULL,1,412.35,'2026-04-18 14:34:04.247709',-0.80,16.77,15.25,413.15,481.50),(122,'Ionexchang','IONEXCHANG',NULL,1,402.70,'2026-04-18 14:34:04.248534',5.95,44.21,26.25,396.75,578.70),(123,'Jammu & Kashmir Bank(j&kbank)','J&KBANK',NULL,1,131.00,'2026-04-18 14:34:04.249216',-1.37,1.68,6.73,132.37,133.20),(124,'Jnkindia','JNKINDIA',NULL,1,304.35,'2026-04-18 14:34:04.249873',3.40,37.85,36.89,300.95,419.14),(125,'JSW Steel Limited','JSWSTEEL',NULL,1,1241.60,'2026-04-18 14:34:04.250520',26.70,3.47,40.78,1214.90,1284.70),(126,'Kscl','KSCL',NULL,1,925.00,'2026-04-18 14:34:04.251171',4.75,70.27,15.67,920.25,1566.91),(127,'Dr. Lal Path Labs Ltd.','LALPATHLAB',NULL,1,1404.50,'2026-04-18 14:34:04.251799',-6.30,26.02,44.33,1410.80,1761.62),(128,'Magadsugar','MAGADSUGAR',NULL,1,520.00,'2026-04-18 14:34:04.252426',5.30,57.88,8.47,514.70,805.57),(129,'Mazagon Dock Ship(mazdock)','MAZDOCK',NULL,1,2620.10,'2026-04-18 14:34:04.253053',55.50,44.08,43.91,2564.60,3751.65),(130,'Multi Commodity Exchange','MCX',NULL,1,2859.10,'2026-04-18 14:34:04.253680',-3.10,1.05,143.56,2862.20,2903.00),(131,'Meesho','MEESHO',NULL,1,163.60,'2026-04-18 14:34:04.254298',3.36,55.50,NULL,160.24,254.40),(132,'Mhril','MHRIL',NULL,1,273.00,'2026-04-18 14:34:04.254914',-1.79,39.93,54.30,274.79,382.00),(133,'Modefence','MODEFENCE',NULL,1,96.89,'2026-04-18 14:34:04.255528',1.45,5.27,1.00,95.44,102.00),(134,'Momentum50','MOMENTUM50',NULL,1,51.55,'2026-04-18 14:34:04.256143',0.47,10.38,1.00,51.08,56.90),(135,'Motilal Oswal Financial(motilalofs)','MOTILALOFS',NULL,1,814.00,'2026-04-18 14:34:04.256754',31.20,34.78,24.52,782.80,1088.32),(136,'National Aluminium','NATIONALUM',NULL,1,437.90,'2026-04-18 14:34:04.257364',5.20,0.48,13.10,432.70,440.00),(137,'Info Edge (India) Limited','NAUKRI',NULL,1,1054.05,'2026-04-18 14:34:04.257974',6.35,47.05,50.73,1047.70,1540.07),(138,'Nazara','NAZARA',NULL,1,273.05,'2026-04-18 14:34:04.258584',12.87,33.03,287.37,260.18,363.25),(139,'NMDC Limited','NMDC',NULL,1,89.78,'2026-04-18 14:34:04.259193',2.62,0.41,11.44,87.16,90.15),(140,'NTPC Green Energy Limited','NTPCGREEN',NULL,1,112.16,'2026-04-18 14:34:04.259809',3.37,4.89,171.77,108.79,117.64),(141,'Ola Electric Mobility Limited','OLAELEC',NULL,1,40.85,'2026-04-18 14:34:04.260413',2.17,74.42,NULL,38.68,71.25),(142,'Pharmabees','PHARMABEES',NULL,1,23.15,'2026-04-18 14:34:04.261016',0.07,14.56,NULL,23.08,26.52),(143,'Punjab National Bank','PNB',NULL,1,114.59,'2026-04-18 14:34:04.261614',1.03,17.94,7.41,113.56,135.15),(144,'PB Fintech Limited','POLICYBZR',NULL,1,1603.90,'2026-04-18 14:34:04.262223',53.40,23.32,128.38,1550.50,1978.00),(145,'Polycab India Limited','POLYCAB',NULL,1,8188.50,'2026-04-18 14:34:04.262829',285.00,6.52,47.07,7903.50,8722.00),(146,'Power Grid Corporation(powergrid)','POWERGRID',NULL,1,318.15,'2026-04-18 14:34:04.263928',5.90,1.21,19.05,312.25,318.95),(147,'Reliance Industries Limited','RELIANCE','INE002A01018',1,1364.90,'2026-04-18 14:34:04.264819',21.60,18.09,22.20,1343.30,1611.80),(148,'SBI Cards and Payment(sbicard)','SBICARD',NULL,1,696.00,'2026-04-18 14:34:04.265607',10.40,47.59,31.69,685.60,1023.66),(149,'State Bank of India','SBIN',NULL,1,1080.30,'2026-04-18 14:34:04.266312',13.15,14.29,11.79,1067.15,1234.70),(150,'Tanla','TANLA',NULL,1,492.95,'2026-04-18 14:34:04.266924',5.35,55.39,13.39,487.60,758.51),(151,'Tata Communications Limited','TATACOMM',NULL,1,1519.00,'2026-04-18 14:34:04.267553',-42.40,31.93,24.37,1561.40,2004.00),(152,'TATA CONSUMER','TATACONSUM',NULL,1,1112.10,'2026-04-18 14:34:04.268193',9.50,9.78,75.02,1102.60,1220.90),(154,'Tube Investments of India Limited','TIINDIA',NULL,1,2791.00,'2026-04-18 14:34:04.268826',38.10,22.53,90.35,2752.90,3417.01),(155,'Uflex','UFLEX',NULL,1,405.10,'2026-04-18 14:34:04.269452',1.75,69.24,10.12,403.35,682.12),(156,'United Spirits Limited','UNITDSPR',NULL,1,1304.60,'2026-04-18 14:34:04.270080',50.10,26.09,NULL,1254.50,1627.82),(157,'UPL Limited','UPL',NULL,1,664.25,'2026-04-18 14:34:04.270728',4.30,22.27,35.87,659.95,812.20),(158,'Varun Beverages Limited','VBL',NULL,1,473.35,'2026-04-18 14:34:04.271383',12.95,20.10,52.74,460.40,566.70),(159,'Vedanta Limited','VEDL',NULL,1,785.50,'2026-04-18 14:34:04.272005',2.65,0.72,21.83,782.85,791.15),(160,'Westlife','WESTLIFE',NULL,1,464.95,'2026-04-18 14:34:04.272617',-1.85,76.19,229.18,466.80,818.35),(161,'Whirlpool of India Limited','WHIRLPOOL',NULL,1,889.95,'2026-04-18 14:34:04.273249',41.30,65.60,33.92,848.65,1468.14),(162,'Wipro Limited','WIPRO',NULL,1,204.30,'2026-04-18 14:34:04.273864',-5.96,33.68,16.17,210.26,266.23),(163,'Yatharth','YATHARTH',NULL,1,755.00,'2026-04-18 14:34:04.274481',-16.05,11.75,43.48,771.05,843.70),(164,'Mtartech','MTARTECH',NULL,1,4829.00,'2026-04-18 14:34:04.275093',4.80,4.12,233.92,4824.20,5070.00),(165,'Waaree Energies Limited','WAAREEENER',NULL,1,3485.10,'2026-04-18 14:34:04.275702',46.30,10.90,30.80,3438.80,3862.83),(166,'Tata Steel Limited','TATASTEEL',NULL,1,211.82,'2026-04-18 14:34:04.276310',1.13,2.19,28.77,210.69,216.45),(167,'Torrent Pharmaceuticals Limited','TORNTPHARM',NULL,1,4169.70,'2026-04-18 14:34:04.276919',13.80,7.51,62.12,4155.90,4482.90),(168,'Axis Bank Limited','AXISBANK',NULL,1,1364.00,'2026-04-18 14:34:04.277526',14.40,3.98,16.18,1349.60,1418.30),(169,'Ashok Leyland Limited','ASHOKLEY',NULL,1,174.70,'2026-04-18 14:34:04.278134',-2.03,23.31,31.03,176.73,215.42),(170,'Trent Limited','TRENT',NULL,1,4097.80,'2026-04-18 14:34:04.278745',14.50,52.79,88.97,4083.30,6261.00),(171,'Nilkamal','NILKAMAL',NULL,1,1326.90,'2026-04-18 14:34:04.279351',20.20,40.55,18.30,1306.70,1865.00),(172,'Nestle India Limited','NESTLEIND',NULL,1,1285.10,'2026-04-18 14:34:04.280107',27.70,4.30,75.97,1257.40,1334.80),(173,'ICICI Lombard General Insurance','ICICIGI',NULL,1,1889.20,'2026-04-18 14:34:04.281416',2.50,9.50,34.57,1886.70,2064.90),(174,'Premier Energies Limited','PREMIERENE',NULL,1,1048.00,'2026-04-18 14:34:04.282228',44.90,11.06,37.15,1003.10,1163.04),(175,'Bajaj Finance Limited','BAJFINANCE',NULL,1,909.00,'2026-04-18 14:34:04.282932',3.10,21.29,31.38,905.90,1102.50),(176,'SBI Life Insurance Company Limited','SBILIFE',NULL,1,1968.10,'2026-04-18 14:34:04.283624',-6.60,8.33,79.63,1974.70,2129.04),(177,'Kaynes Technology India Limited','KAYNES',NULL,1,4220.00,'2026-04-18 14:34:04.284287',17.80,82.58,71.14,4202.20,7705.00),(178,'KWIL','KWIL',NULL,1,26.10,'2026-04-18 14:34:04.284968',0.74,19.89,NULL,25.36,31.29),(179,'OiliETF','OILIETF',NULL,1,11.58,'2026-04-18 14:34:04.285604',0.15,20.90,1.00,11.43,14.00),(180,'Iciciamc','ICICIAMC',NULL,1,3329.90,'2026-04-18 14:34:04.286233',35.30,3.01,49.90,3294.60,3430.00),(181,'United Breweries Limited','UBL',NULL,1,1494.40,'2026-04-18 14:34:04.286856',35.20,53.57,96.69,1459.20,2283.14),(182,'Dr. Reddy\'s Laboratories Limited','DRREDDY',NULL,1,1238.00,'2026-04-18 14:34:04.287478',16.60,11.45,18.53,1221.40,1371.00),(183,'Hdfcgrowth','HDFCGROWTH',NULL,1,116.76,'2026-04-18 14:34:04.288094',0.17,14.17,1.00,116.59,133.30),(184,'Hero MotoCorp Limited','HEROMOTOCO',NULL,1,5232.00,'2026-04-18 14:34:04.288719',72.50,22.10,19.25,5159.50,6266.36),(185,'Indian Oil Corporation Limited','IOC',NULL,1,146.15,'2026-04-18 14:34:04.289335',1.96,29.29,5.63,144.19,186.61),(186,'BLS International','BLS',NULL,1,298.20,'2026-04-18 14:34:04.289948',-0.35,41.52,19.07,298.55,417.85),(187,'InterGlobe Aviation Limited','INDIGO',NULL,1,4634.00,'2026-04-18 14:34:04.290564',25.30,34.50,55.89,4608.70,6232.50),(188,'Indiamart Intermesh Limited','INDIAMART',NULL,1,2173.00,'2026-04-18 14:34:04.291171',17.30,28.81,21.62,2155.70,2799.00),(189,'Cipla Limited','CIPLA',NULL,1,1244.50,'2026-04-18 14:34:04.291778',14.00,34.43,22.12,1230.50,1673.00),(190,'Samvardhana Motherson','MOTHERSON',NULL,1,124.50,'2026-04-18 14:34:04.292388',1.68,9.36,39.85,122.82,135.73),(191,'Narayana Hrudayalaya Ltd.','NH',NULL,1,1827.20,'2026-04-18 14:34:04.292999',45.50,29.72,47.57,1781.70,2364.63),(192,'Gujarat Gas Limited','GUJGASLTD',NULL,1,364.30,'2026-04-18 14:34:04.293608',28.80,39.64,21.58,335.50,502.01),(193,'Adani Enterprises Limited','ADANIENT',NULL,1,2224.00,'2026-04-18 14:34:04.294216',20.30,17.48,19.08,2203.70,2695.00),(194,'Shardamotr','SHARDAMOTR',NULL,1,867.00,'2026-04-18 14:34:04.294820',4.40,43.94,14.55,862.60,1248.00),(195,'Morealty','MOREALTY',NULL,1,78.66,'2026-04-18 14:34:04.295424',0.61,36.05,1.00,78.05,107.02),(196,'Hyundai Motor India Limited','HYUNDAI',NULL,1,1889.00,'2026-04-18 14:34:04.296041',36.50,52.99,26.51,1852.50,2890.00),(197,'Moil','MOIL',NULL,1,329.35,'2026-04-18 14:34:04.297080',2.75,23.15,23.07,326.60,398.62),(198,'Northarc','NORTHARC',NULL,1,243.13,'2026-04-18 14:34:04.297969',1.11,19.28,12.69,242.02,290.00),(199,'Dixon Technologies (India) Limited','DIXON',NULL,1,11379.00,'2026-04-18 14:34:04.298639',92.00,62.33,41.74,11287.00,18471.00),(200,'Aadhar Housing Finance','AADHARHFC',NULL,1,496.90,'2026-04-18 14:34:04.299288',5.30,10.24,21.20,491.60,547.80),(201,'Avenue Supermarts Limited','DMART',NULL,1,4630.00,'2026-04-18 14:34:04.299933',201.70,6.90,105.43,4428.30,4949.50),(202,'Maruti Suzuki India Limited','MARUTI',NULL,1,13474.00,'2026-04-18 14:34:04.300573',139.00,28.91,28.37,13335.00,17370.00),(203,'Hindustan Zinc Limited','HINDZINC',NULL,1,592.50,'2026-04-18 14:34:04.301192',0.00,23.71,21.24,592.50,733.00),(204,'Tata Investment','TATAINVEST',NULL,1,714.05,'2026-04-18 14:34:04.301811',4.10,65.91,88.64,709.95,1184.70),(205,'Alivus','ALIVUS',NULL,1,1063.20,'2026-04-18 14:34:04.302436',-8.00,15.23,24.04,1071.20,1218.62),(206,'Mahanagar Gas Limited','MGL',NULL,1,1129.55,'2026-04-18 14:34:04.303057',37.85,40.49,11.65,1091.70,1549.34),(208,'Ambuja Cements Limited','AMBUJACEM',NULL,1,459.15,'2026-04-18 14:34:04.303682',1.10,36.11,30.51,458.05,624.95),(209,'Latent View Analytics Limited','LATENTVIEW',NULL,1,310.25,'2026-04-18 14:34:04.304300',1.60,66.80,32.35,308.65,517.50),(210,'Life Insurance Corporation Of India','LICI',NULL,1,842.85,'2026-04-18 14:34:04.304914',1.20,16.27,10.06,841.65,967.18),(211,'Hindustan Unilever Limited','HINDUNILVR',NULL,1,2240.00,'2026-04-18 14:34:04.305563',100.90,21.23,36.27,2139.10,2728.55),(212,'Power Finance Corporation Limited','PFC',NULL,1,464.50,'2026-04-18 14:34:04.306173',5.60,0.58,6.08,458.90,467.20),(213,'Indegene Limited','INDGN',NULL,1,489.00,'2026-04-18 14:34:04.306783',-0.15,29.43,26.83,489.15,630.79),(214,'NHPC Limited','NHPC',NULL,1,84.26,'2026-04-18 14:34:04.307394',2.88,9.59,26.75,81.38,90.16),(215,'Jio Financial Services Limited','JIOFIN',NULL,1,244.80,'2026-04-18 14:34:04.308003',3.53,38.32,96.80,241.27,338.07),(216,'Indraprastha Gas Limited','IGL',NULL,1,169.22,'2026-04-18 14:34:04.308620',3.17,35.33,14.24,166.05,223.11),(217,'Oil India Limited','OIL',NULL,1,469.55,'2026-04-18 14:34:04.309229',7.15,11.60,13.10,462.40,516.11),(218,'Kajaria Ceramics Limited','KAJARIACER',NULL,1,1180.25,'2026-04-18 14:34:04.309836',10.05,12.00,50.52,1170.20,1309.03),(219,'Vstind','VSTIND',NULL,1,264.48,'2026-04-18 14:34:04.310443',22.95,26.53,19.64,241.53,324.05),(220,'C.E. Info Systems Limited','MAPMYINDIA',NULL,1,955.00,'2026-04-18 14:34:04.311051',33.05,126.88,39.92,921.95,2162.48),(221,'K.P.R. Mill Limited','KPRMILL',NULL,1,922.00,'2026-04-18 14:34:04.311805',28.15,50.65,37.35,893.85,1382.25),(222,'Indian Renewable Energy','IREDA',NULL,1,133.01,'2026-04-18 14:34:04.312413',3.58,40.28,19.44,129.43,185.60),(223,'Blse','BLSE',NULL,1,176.04,'2026-04-18 14:34:04.313084',-0.09,32.07,28.55,176.13,231.70),(224,'Hginfra','HGINFRA',NULL,1,620.00,'2026-04-18 14:34:04.314122',-1.95,105.65,10.30,621.95,1272.44),(225,'Rkswamy','RKSWAMY',NULL,1,90.50,'2026-04-18 14:34:04.314816',3.49,149.72,24.59,87.01,223.82),(226,'Rail Vikas Nigam Limited','RVNL',NULL,1,302.78,'2026-04-18 14:34:04.315467',8.89,47.90,54.97,293.89,444.08),(227,'Protean','PROTEAN',NULL,1,559.95,'2026-04-18 14:34:04.316106',-5.75,165.11,25.18,565.70,1467.95),(228,'Stanley','STANLEY',NULL,1,143.20,'2026-04-18 14:34:04.316741',0.92,163.62,34.94,142.28,377.50),(231,'Bharat Heavy Electricals Limited','BHEL',NULL,1,316.21,'2026-04-18 14:34:04.317370',6.95,0.50,119.83,309.26,317.80),(236,'Embassy','BOM:542602','INE041025011',1,439.90,'2026-04-18 14:34:04.317993',-2.32,5.02,79.32,442.22,461.99),(237,'SHILCTECH','BOM:531201','INE024F01011',1,4734.00,'2026-04-18 14:34:04.318662',-45.25,29.38,29.25,4779.25,6125.00),(238,'JYOTIRES','BOM:514448','INE577D01013',1,889.20,'2026-04-18 14:34:04.319264',35.75,76.56,15.45,853.45,1570.00),(239,'Heritgfood','HERITGFOOD',NULL,1,361.00,'2026-04-18 14:34:04.319812',5.60,49.58,20.38,355.40,540.00),(240,'BLIL','BOM:532485','INE525F01025',1,73.19,'2026-04-18 14:34:04.320400',0.71,30.82,9.41,72.48,95.75),(241,'Nsdl','BOM:544467',NULL,1,939.35,'2026-04-18 14:34:04.321030',7.40,51.70,50.38,931.95,1425.00),(242,'PVR INOX Limited','PVRINOX',NULL,1,938.00,'2026-04-18 14:34:04.321647',-12.85,33.23,NULL,950.85,1249.70),(243,'ZeeEntertainment(zeel)','ZEEL',NULL,1,81.04,'2026-04-18 14:34:04.322257',0.84,87.19,13.94,80.20,148.58),(244,'Relaxo','RELAXO',NULL,1,308.55,'2026-04-18 14:34:04.322872',4.08,70.47,45.75,304.47,526.00),(245,'Berger Paints (I) Limited','BERGEPAINT',NULL,1,469.00,'2026-04-18 14:34:04.323482',-3.10,29.00,51.87,472.10,600.97),(246,'Cochin Shipyard Limited','COCHINSHIP',NULL,1,1560.00,'2026-04-18 14:34:04.324089',61.90,63.14,56.42,1498.10,2529.76),(247,'Neclife','NECLIFE',NULL,1,12.88,'2026-04-18 14:34:04.324698',0.47,119.33,NULL,12.41,28.25),(248,'Rajeshexpo','RAJESHEXPO',NULL,1,127.90,'2026-04-18 14:34:04.325296',0.85,85.99,22.49,127.05,237.88),(249,'Bom:543284','BOM:543284',NULL,1,95.00,'2026-04-18 14:34:04.325903',-2.04,47.63,NULL,97.04,140.25),(250,'Yes Bank Limited','YESBANK',NULL,1,20.41,'2026-04-18 14:34:04.326505',0.46,19.06,20.25,19.95,24.30),(251,'Bajaj Finserv Limited','BAJAJFINSV',NULL,1,1838.00,'2026-04-18 14:34:04.327103',8.10,19.42,30.66,1829.90,2195.00),(252,'Sun Pharmaceutical(sunpharma)','SUNPHARMA',NULL,1,1675.50,'2026-04-18 14:34:04.327708',-17.60,10.49,36.86,1693.10,1843.00),(253,'UltraTech Cement Limited','ULTRACEMCO',NULL,1,11867.00,'2026-04-18 14:34:04.328312',41.00,10.47,49.10,11826.00,13110.00),(254,'Inoxgreen','INOXGREEN',NULL,1,163.00,'2026-04-18 14:34:04.328913',-1.17,71.17,74.94,164.17,279.00),(255,'Biocon Limited','BIOCON',NULL,1,358.35,'2026-04-18 14:34:04.329516',7.60,18.59,73.89,350.75,424.95),(256,'Silver','SILVER',NULL,1,248.30,'2026-04-18 14:34:04.330517',0.13,49.77,1.00,248.17,371.89),(257,'Hdfcnifty','HDFCNIFTY',NULL,1,272.65,'2026-04-18 14:34:04.331332',1.43,10.72,1.00,271.22,301.88),(258,'Monq50','MONQ50',NULL,1,122.73,'2026-04-18 14:34:04.332000',1.47,0.00,1.00,121.26,122.73),(259,'Psubnkbees','PSUBNKBEES',NULL,1,98.45,'2026-04-18 14:34:04.332646',0.72,12.14,1.00,97.73,110.40),(260,'Axsensex','AXSENSEX',NULL,1,81.00,'2026-04-18 14:34:04.333337',0.84,12.78,1.00,80.16,91.35),(261,'Autobees','AUTOBEES',NULL,1,271.71,'2026-04-18 14:34:04.334006',0.13,10.38,1.00,271.58,299.92),(264,'Aditya Birla Capital Limited','ABCAPITAL','INE674K01013',1,340.50,'2026-04-18 14:34:04.334639',2.55,8.46,25.63,337.95,369.30),(268,'SGBMAR31IV','SGBMAR31IV','SGBMAR31IV',1,15000.00,'2026-04-18 14:34:04.335265',0.00,20.00,1.00,15000.00,NULL),(269,'3M India Limited','3MINDIA',NULL,1,31440.00,'2026-04-18 14:34:04.335865',175.00,20.96,93.61,31265.00,38030.00),(270,'Aavas Financiers Limited','AAVAS',NULL,1,1340.00,'2026-04-18 14:34:04.336472',31.70,66.72,17.08,1308.30,2234.00),(271,'ABB India Limited','ABB',NULL,1,7015.00,'2026-04-18 14:34:04.337080',131.50,0.97,89.05,6883.50,7083.00),(272,'Abbott India Limited','ABBOTINDIA',NULL,1,25755.00,'2026-04-18 14:34:04.337688',-105.00,43.66,35.91,25860.00,36491.76),(273,'Aditya Birla Fashion n Retail','ABFRL',NULL,1,64.15,'2026-04-18 14:34:04.338295',0.37,53.95,NULL,63.78,295.70),(274,'Aditya Birla Lifestyle Brands Limited','ABLBL',NULL,1,105.90,'2026-04-18 14:34:04.338899',0.32,65.25,83.45,105.58,175.00),(275,'Aditya Birla Real Estate Limited','ABREL',NULL,1,1425.00,'2026-04-18 14:34:04.339509',3.00,78.10,NULL,1422.00,2535.63),(276,'Aditya Birla Sun Life AMC Limited','ABSLAMC',NULL,1,1071.50,'2026-04-18 14:34:04.340103',21.70,0.23,30.50,1049.80,1073.95),(277,'ACC Limited','ACC',NULL,1,1432.00,'2026-04-18 14:34:04.340705',-10.80,48.04,10.17,1442.80,2111.38),(278,'Action Construction','ACE',NULL,1,916.00,'2026-04-18 14:34:04.341327',0.85,51.64,25.78,915.15,1386.04),(279,'Acme Solar Holdings Limited','ACMESOLAR',NULL,1,304.30,'2026-04-18 14:34:04.341934',16.85,6.57,38.54,287.45,324.01),(280,'Adani Energy Solutions Limited','ADANIENSOL',NULL,1,1249.95,'2026-04-18 14:34:04.342541',27.35,1.32,66.79,1222.60,1266.45),(281,'Adani Green Energy Limited','ADANIGREEN',NULL,1,1127.00,'2026-04-18 14:34:04.343150',8.10,4.49,130.85,1118.90,1177.55),(282,'Adani Power Limited','ADANIPOWER',NULL,1,197.95,'2026-04-18 14:34:04.343759',4.76,1.04,32.48,193.19,200.00),(283,'Aegis Logistics Limited','AEGISLOG',NULL,1,705.05,'2026-04-18 14:34:04.344363',45.50,34.25,NULL,659.55,944.60),(284,'Aegis Vopak Terminals Limited','AEGISVOPAK',NULL,1,200.10,'2026-04-18 14:34:04.344958',2.34,50.92,88.62,197.76,302.00),(285,'Afcons Infrastructure Limited','AFCONS',NULL,1,333.50,'2026-04-18 14:34:04.345565',-13.45,43.75,27.28,346.95,479.40),(286,'Dr. Agarwal\'s Health Care Limited','AGARWALEYE',NULL,1,444.00,'2026-04-18 14:34:04.346169',-3.45,27.93,111.90,447.45,568.00),(287,'AIA Engineering Limited','AIAENG',NULL,1,3989.00,'2026-04-18 14:34:04.347246',63.70,5.44,32.03,3925.30,4206.10),(288,'Authum Investment & Infrastructure Limited','AIIL',NULL,1,462.50,'2026-04-18 14:34:04.348013',14.25,79.39,10.80,448.25,683.00),(289,'Ajanta Pharma Limited','AJANTPHARM',NULL,1,2788.20,'2026-04-18 14:34:04.348738',-39.40,15.77,34.33,2827.60,3228.00),(290,'Akums Drugs and Pharma','AKUMS',NULL,1,546.00,'2026-04-18 14:34:04.349478',-4.70,14.09,26.28,550.70,622.95),(291,'Akzo Nobel India Limited','AKZOINDIA',NULL,1,2976.50,'2026-04-18 14:34:04.350155',0.00,NULL,NULL,2976.50,3745.00),(292,'Alkem Laboratories Limited','ALKEM',NULL,1,5550.00,'2026-04-18 14:34:04.350778',-20.00,6.91,27.99,5570.00,5886.05),(293,'Alkyl Amines Chemicals Limited','ALKYLAMINE',NULL,1,1422.00,'2026-04-18 14:34:04.351403',-4.70,71.50,40.31,1426.70,2438.80),(294,'Alok Industries Limited','ALOKINDS',NULL,1,14.34,'2026-04-18 14:34:04.352027',-0.09,63.88,NULL,14.43,23.50),(295,'Amber Enterprises India Limited','AMBER',NULL,1,7951.50,'2026-04-18 14:34:04.352647',237.00,8.48,166.93,7714.50,8626.00),(296,'Anant Raj Limited','ANANTRAJ',NULL,1,513.40,'2026-04-18 14:34:04.353263',3.40,44.85,33.58,510.00,743.65),(297,'Apar Industries Limited','APARINDS',NULL,1,11460.00,'2026-04-18 14:34:04.353879',193.50,2.78,47.34,11266.50,11779.00),(298,'APL Apollo Tubes Limited','APLAPOLLO',NULL,1,2108.00,'2026-04-18 14:34:04.354501',62.70,9.17,51.26,2045.30,2301.40),(299,'Alembic Pharmaceuticals Limited','APLLTD',NULL,1,781.00,'2026-04-18 14:34:04.355117',32.70,41.86,24.36,748.30,1095.72),(300,'Apollo Hospitals Enterprise Limited','APOLLOHOSP',NULL,1,7710.00,'2026-04-18 14:34:04.355731',157.00,5.05,61.52,7553.00,8088.76),(301,'Apollo Tyres Limited','APOLLOTYRE',NULL,1,446.00,'2026-04-18 14:34:04.356340',2.35,21.19,30.53,443.65,536.76),(302,'Aptus Value Housing Finance India Limited','APTUS',NULL,1,245.10,'2026-04-18 14:34:04.356948',-1.76,48.51,13.82,246.86,361.53),(303,'Asahi India Glass Limited','ASAHIINDIA',NULL,1,850.00,'2026-04-18 14:34:04.357556',0.10,26.35,69.48,849.90,1074.00),(304,'Aster DM Healthcare Limited','ASTERDM',NULL,1,688.00,'2026-04-18 14:34:04.358162',13.65,6.42,107.40,674.35,729.01),(305,'AstraZeneca Pharma India Limited','ASTRAZEN',NULL,1,8498.00,'2026-04-18 14:34:04.358770',-30.00,25.81,105.73,8528.00,10654.58),(306,'Astral Limited','ASTRAL',NULL,1,1629.00,'2026-04-18 14:34:04.359373',50.30,8.58,86.98,1578.70,1768.70),(307,'Ather Energy Limited','ATHERENERG',NULL,1,850.90,'2026-04-18 14:34:04.359980',-15.20,11.41,NULL,866.10,948.00),(308,'Adani Total Gas Limited','ATGL',NULL,1,631.40,'2026-04-18 14:34:04.360582',33.80,26.39,108.12,597.60,798.00),(309,'Atul Limited','ATUL',NULL,1,6602.00,'2026-04-18 14:34:04.361185',3.50,17.96,32.71,6598.50,7762.06),(310,'AU Small Finance Bank Limited','AUBANK',NULL,1,990.00,'2026-04-18 14:34:04.361784',6.05,4.97,31.97,983.95,1039.20),(311,'AWL Agri Business Limited','AWL',NULL,1,184.51,'2026-04-18 14:34:04.362387',2.42,57.82,25.35,182.09,291.20),(312,'Bajaj Holdings & Investment Limited','BAJAJHLDNG',NULL,1,10390.00,'2026-04-18 14:34:04.363019',185.00,42.09,13.16,10205.00,14690.34),(313,'Balkrishna Industries Limited','BALKRISIND',NULL,1,2337.90,'2026-04-18 14:34:04.364145',-4.50,20.51,34.44,2342.40,2799.48),(314,'Balrampur Chini Mills Limited','BALRAMCHIN',NULL,1,486.00,'2026-04-18 14:34:04.364928',2.25,29.18,22.03,483.75,623.08),(315,'Bandhan Bank Limited','BANDHANBNK',NULL,1,174.40,'2026-04-18 14:34:04.365611',0.22,10.37,27.89,174.18,190.74),(316,'Bank of India','BANKINDIA',NULL,1,148.12,'2026-04-18 14:34:04.366259',-0.74,20.42,6.87,148.86,178.36),(317,'BASF India Limited','BASF',NULL,1,3720.00,'2026-04-18 14:34:04.366905',39.30,45.81,42.59,3680.70,5402.53),(318,'Bayer Cropscience Limited','BAYERCROP',NULL,1,4907.00,'2026-04-18 14:34:04.367540',-24.10,32.69,32.90,4931.10,6344.30),(319,'The Bombay Burmah Trading','BBTC',NULL,1,1518.30,'2026-04-18 14:34:04.368168',17.30,41.94,9.57,1501.00,2134.48),(320,'Bharat Dynamics Limited','BDL',NULL,1,1374.00,'2026-04-18 14:34:04.368825',14.60,52.59,86.79,1359.40,2088.32),(321,'Bharat Forge Limited','BHARATFORG',NULL,1,1857.60,'2026-04-18 14:34:04.369454',1.80,4.19,78.66,1855.80,1935.50),(322,'Bharti Hexacom Limited','BHARTIHEXA',NULL,1,1539.90,'2026-04-18 14:34:04.370075',6.90,33.31,43.88,1533.00,2041.65),(323,'Bikaji Foods International Limited','BIKAJI',NULL,1,662.00,'2026-04-18 14:34:04.370708',20.20,23.67,67.36,641.80,818.70),(324,'Blue Dart Express Limited','BLUEDART',NULL,1,5400.00,'2026-04-18 14:34:04.371326',160.40,33.80,50.51,5239.60,7193.83),(325,'Blue Jet Healthcare Limited','BLUEJET',NULL,1,423.00,'2026-04-18 14:34:04.371943',6.25,142.98,24.98,416.75,1026.00),(326,'Blue Star Limited','BLUESTARCO',NULL,1,1865.00,'2026-04-18 14:34:04.372552',15.70,12.84,77.57,1849.30,2094.44),(327,'Bosch Limited','BOSCHLTD',NULL,1,37500.00,'2026-04-18 14:34:04.373163',60.00,11.85,40.12,37440.00,41945.00),(328,'Brigade Enterprises Limited','BRIGADE',NULL,1,758.50,'2026-04-18 14:34:04.373766',20.00,75.61,24.88,738.50,1328.58),(329,'Britannia Industries Limited','BRITANNIA',NULL,1,5739.00,'2026-04-18 14:34:04.374369',153.00,10.40,57.24,5586.00,6336.00),(330,'BIRLASOFT LIMITED','BSOFT',NULL,1,392.40,'2026-04-18 14:34:04.374969',4.25,20.80,23.64,388.15,474.00),(331,'Campus Activewear Limited','CAMPUS',NULL,1,248.20,'2026-04-18 14:34:04.375574',-1.49,22.64,53.98,249.69,304.06),(332,'Can Fin Homes Limited','CANFINHOME',NULL,1,869.05,'2026-04-18 14:34:04.376184',10.25,11.79,11.88,858.80,971.50),(333,'Caplin Point Laboratories Limited','CAPLIPOINT',NULL,1,1763.00,'2026-04-18 14:34:04.376790',-1.90,35.85,21.90,1764.90,2395.00),(334,'Carborundum Universal Limited','CARBORUNIV',NULL,1,936.50,'2026-04-18 14:34:04.377394',49.80,16.12,72.98,886.70,1082.60),(335,'CCL Products (India) Limited','CCL',NULL,1,1091.50,'2026-04-18 14:34:04.377997',20.90,8.39,38.78,1070.60,1183.10),(336,'CEAT Limited','CEATLTD',NULL,1,3718.90,'2026-04-18 14:34:04.378618',21.40,19.34,27.15,3697.50,4438.00),(337,'Central Bank of India','CENTRALBK',NULL,1,36.05,'2026-04-18 14:34:04.379290',0.22,14.29,6.61,35.83,40.92),(338,'Century Plyboards (India) Limited','CENTURYPLY',NULL,1,762.30,'2026-04-18 14:34:04.380245',10.85,12.69,71.50,751.45,859.00),(339,'Cera Sanitaryware Limited','CERA',NULL,1,5320.00,'2026-04-18 14:34:04.381100',49.10,36.75,32.29,5270.90,7206.22),(340,'CESC Limited','CESC',NULL,1,171.49,'2026-04-18 14:34:04.381808',1.01,8.03,15.45,170.48,185.26),(341,'Capri Global Capital Limited','CGCL',NULL,1,182.28,'2026-04-18 14:34:04.382464',-2.85,17.40,19.65,185.13,214.00),(342,'CG Power and Industrial Solutions Limited','CGPOWER',NULL,1,774.10,'2026-04-18 14:34:04.383107',18.20,3.03,107.92,755.90,795.79),(343,'Chalet Hotels Limited','CHALET',NULL,1,778.55,'2026-04-18 14:34:04.383740',9.90,38.98,28.17,768.65,1080.80),(344,'Chambal Fertilizers & Chemicals Limited','CHAMBLFERT',NULL,1,454.90,'2026-04-18 14:34:04.384370',1.65,63.16,9.52,453.25,727.39),(345,'Chennai Petroleum Corporation Limited','CHENNPETRO',NULL,1,1045.00,'2026-04-18 14:34:04.384997',64.20,5.55,7.24,980.80,1094.33),(346,'Cholamandalam Financial Holdings Limited','CHOLAHLDNG',NULL,1,1636.60,'2026-04-18 14:34:04.385624',54.20,36.36,12.98,1582.40,2230.06),(347,'Cholamandalam Investment and Finance Company Limited','CHOLAFIN',NULL,1,1579.10,'2026-04-18 14:34:04.386241',9.20,15.98,27.47,1569.90,1830.13),(348,'Choice International Limited','CHOICEIN',NULL,1,724.00,'2026-04-18 14:34:04.386858',4.70,18.85,67.46,719.30,860.50),(349,'Clean Science and Technology Limited','CLEAN',NULL,1,759.00,'2026-04-18 14:34:04.387469',7.40,110.80,32.87,751.60,1590.61),(350,'Coforge Limited','COFORGE',NULL,1,1317.90,'2026-04-18 14:34:04.388094',4.70,51.30,37.06,1313.20,1984.96),(351,'Cohance Lifesciences Limited','COHANCE',NULL,1,382.60,'2026-04-18 14:34:04.388709',19.65,193.03,65.95,362.95,1123.40),(352,'Colgate Palmolive (India) Limited','COLPAL',NULL,1,2108.00,'2026-04-18 14:34:04.389323',130.60,30.33,43.20,1977.40,2688.80),(353,'Container Corporation of India Limited','CONCOR',NULL,1,504.00,'2026-04-18 14:34:04.389933',1.75,29.37,31.34,502.25,641.23),(354,'Concord Biotech Limited','CONCORDBIO',NULL,1,1084.40,'2026-04-18 14:34:04.390539',47.00,98.30,36.50,1037.40,2136.77),(355,'Coromandel International Limited','COROMANDEL',NULL,1,2052.00,'2026-04-18 14:34:04.391146',-25.80,32.50,25.26,2077.80,2708.22),(356,'CREDITACCESS GRAMEEN LIMITED','CREDITACC',NULL,1,1262.00,'2026-04-18 14:34:04.391754',23.30,18.60,41.75,1238.70,1496.70),(357,'Crompton Greaves Consumer Electricals Limited','CROMPTON',NULL,1,262.02,'2026-04-18 14:34:04.392359',1.05,38.44,36.55,260.97,359.55),(358,'City Union Bank Limited','CUB',NULL,1,259.51,'2026-04-18 14:34:04.392970',9.69,24.89,15.81,249.82,324.10),(359,'Cummins India Limited','CUMMINSIND',NULL,1,5140.00,'2026-04-18 14:34:04.393578',101.80,0.78,63.56,5038.20,5179.90),(360,'Cyient Limited','CYIENT',NULL,1,962.40,'2026-04-18 14:34:04.394181',-4.90,42.98,19.65,967.30,1343.18),(361,'Dabur India Limited','DABUR',NULL,1,443.00,'2026-04-18 14:34:04.394806',15.45,30.25,42.62,427.55,573.97),(362,'Dalmia Bharat Limited','DALBHARAT',NULL,1,1964.90,'2026-04-18 14:34:04.395417',-9.80,27.04,31.07,1974.70,2491.62),(363,'Data Patterns (India) Limited','DATAPATTNS',NULL,1,3505.00,'2026-04-18 14:34:04.396025',14.50,2.98,79.39,3490.50,3609.50),(364,'Valor Estate Limited','DBREALTY',NULL,1,107.24,'2026-04-18 14:34:04.396986',-1.98,102.62,70.26,109.22,252.67),(365,'DCM Shriram Limited','DCMSHRIRAM',NULL,1,1226.00,'2026-04-18 14:34:04.397807',41.00,22.54,28.87,1185.00,1489.48),(366,'Delhivery Limited','DELHIVERY',NULL,1,463.15,'2026-04-18 14:34:04.398511',3.40,5.80,230.29,459.75,490.00),(367,'Devyani International Limited','DEVYANI',NULL,1,107.98,'2026-04-18 14:34:04.399164',-0.70,76.88,NULL,108.68,191.00),(368,'Divi\'s Laboratories Limited','DIVISLAB',NULL,1,6228.00,'2026-04-18 14:34:04.399799',-65.50,13.54,66.65,6293.50,7039.45),(369,'DOMS Industries Limited','DOMS',NULL,1,2387.00,'2026-04-18 14:34:04.400440',3.90,28.39,67.41,2383.10,3060.88),(370,'eClerx Services Limited','ECLERX',NULL,1,1630.00,'2026-04-18 14:34:04.401070',78.70,53.22,23.41,1551.30,2497.50),(371,'Eicher Motors Limited','EICHERMOT',NULL,1,7172.00,'2026-04-18 14:34:04.401690',41.00,14.75,36.78,7131.00,8230.00),(372,'EIH Limited','EIHOTEL',NULL,1,321.10,'2026-04-18 14:34:04.402299',1.30,35.41,31.19,319.80,434.80),(373,'Elecon Engineering Company Limited','ELECON',NULL,1,413.20,'2026-04-18 14:34:04.402916',6.95,73.34,19.25,406.25,713.99),(374,'Elgi Equipments Limited','ELGIEQUIP',NULL,1,548.00,'2026-04-18 14:34:04.403529',6.35,11.02,42.92,541.65,608.40),(375,'Emami Limited','EMAMILTD',NULL,1,454.50,'2026-04-18 14:34:04.404139',29.00,43.75,24.98,425.50,636.45),(376,'Emcure Pharmaceuticals Limited','EMCURE',NULL,1,1681.60,'2026-04-18 14:34:04.404749',42.60,0.38,36.63,1639.00,1688.00),(377,'Endurance Technologies Limited','ENDURANCE',NULL,1,2391.00,'2026-04-18 14:34:04.405384',6.80,28.81,36.54,2384.20,3079.90),(378,'Engineers India Limited','ENGINERSIN',NULL,1,240.75,'2026-04-18 14:34:04.405991',12.43,6.11,17.45,228.32,249.78),(379,'Siemens Energy India Limited','ENRIN',NULL,1,3029.00,'2026-04-18 14:34:04.406612',127.70,19.68,91.30,2901.30,3619.16),(380,'Eris Lifesciences Limited','ERIS',NULL,1,1446.00,'2026-04-18 14:34:04.407224',-19.50,32.09,45.74,1465.50,1910.00),(381,'Escorts Kubota Limited','ESCORTS',NULL,1,3301.00,'2026-04-18 14:34:04.407828',18.80,26.63,15.19,3282.20,4159.02),(382,'Exide Industries Limited','EXIDEIND',NULL,1,330.45,'2026-04-18 14:34:04.408437',-0.95,30.43,39.37,331.40,431.00),(383,'Fertilizers and Chemicals Travancore Limited','FACT',NULL,1,904.00,'2026-04-18 14:34:04.409046',32.10,23.01,2240.67,871.90,1111.56),(384,'The Federal Bank Limited','FEDERALBNK',NULL,1,293.80,'2026-04-18 14:34:04.409668',9.40,2.79,17.81,284.40,302.00),(385,'Finolex Cables Limited','FINCABLES',NULL,1,944.00,'2026-04-18 14:34:04.410302',30.45,8.90,21.20,913.55,1018.40),(386,'Finolex Industries Limited','FINPIPE',NULL,1,175.00,'2026-04-18 14:34:04.410920',2.20,36.00,21.53,172.80,234.07),(387,'Brainbees Solutions Limited','FIRSTCRY',NULL,1,250.70,'2026-04-18 14:34:04.411529',3.27,74.99,NULL,247.43,438.70),(388,'Five-Star Business Finance Limited','FIVESTAR',NULL,1,471.80,'2026-04-18 14:34:04.412135',12.10,80.16,12.54,459.70,847.06),(389,'Gujarat Fluorochemicals Limited','FLUOROCHEM',NULL,1,3345.00,'2026-04-18 14:34:04.412745',-31.70,21.08,56.00,3376.70,4046.80),(390,'FORCE MOTORS LTD','FORCEMOT',NULL,1,22390.00,'2026-04-18 14:34:04.413773',-148.00,18.13,21.57,22538.00,26450.00),(391,'Fortis Healthcare Limited','FORTIS',NULL,1,887.80,'2026-04-18 14:34:04.414656',13.90,24.39,69.82,873.90,1104.30),(392,'Firstsource Solutions Limited','FSL',NULL,1,238.60,'2026-04-18 14:34:04.415335',-5.62,69.24,26.74,244.22,395.18),(393,'The Great Eastern Shipping Company Limited','GESHIP',NULL,1,1421.60,'2026-04-18 14:34:04.415983',40.20,6.15,8.99,1381.40,1509.00),(394,'General Insurance Corporation of India','GICRE',NULL,1,400.50,'2026-04-18 14:34:04.416616',0.45,13.31,7.30,400.05,441.62),(395,'Gillette India Limited','GILLETTE',NULL,1,7941.00,'2026-04-18 14:34:04.417246',100.50,44.82,41.70,7840.50,11214.86),(396,'Gland Pharma Limited','GLAND',NULL,1,1795.00,'2026-04-18 14:34:04.417870',59.40,18.72,34.91,1735.60,2111.33),(397,'GlaxoSmithKline Pharmaceuticals Limited','GLAXO',NULL,1,2452.00,'2026-04-18 14:34:04.418492',32.20,43.38,40.69,2419.80,3515.70),(398,'Glenmark Pharmaceuticals Limited','GLENMARK',NULL,1,2246.00,'2026-04-18 14:34:04.419121',-3.50,2.31,59.54,2249.50,2297.90),(399,'Gujarat Mineral Development Corporation Limited','GMDCLTD',NULL,1,729.00,'2026-04-18 14:34:04.419733',-17.75,5.88,23.44,746.75,771.90),(400,'GMR AIRPORTS LIMITED','GMRAIRPORT',NULL,1,97.30,'2026-04-18 14:34:04.420344',0.55,13.42,NULL,96.75,110.36),(401,'Godfrey Phillips India Limited','GODFRYPHLP',NULL,1,2209.70,'2026-04-18 14:34:04.420951',84.80,78.62,24.82,2124.90,3924.86),(402,'Go Digit General Insurance Limited','GODIGIT',NULL,1,318.55,'2026-04-18 14:34:04.421572',-0.50,19.73,57.74,319.05,381.40),(403,'Godrej Agrovet Limited','GODREJAGRO',NULL,1,614.55,'2026-04-18 14:34:04.422186',6.85,42.60,26.94,607.70,867.15),(404,'Godrej Consumer Products Limited','GODREJCP',NULL,1,1110.85,'2026-04-18 14:34:04.422795',29.70,17.84,62.38,1081.15,1297.65),(405,'Godrej Industries Limited','GODREJIND',NULL,1,924.50,'2026-04-18 14:34:04.423405',5.30,50.35,31.81,919.20,1390.00),(406,'Godrej Properties Limited','GODREJPROP',NULL,1,1756.80,'2026-04-18 14:34:04.424009',9.40,42.67,33.43,1747.40,2506.50),(407,'Godawari Power And Ispat limited','GPIL',NULL,1,306.50,'2026-04-18 14:34:04.424660',6.20,0.00,25.66,300.30,310.50),(408,'Granules India Limited','GRANULES',NULL,1,656.05,'2026-04-18 14:34:04.425292',5.05,0.68,29.19,651.00,660.50),(409,'Graphite India Limited','GRAPHITE',NULL,1,678.35,'2026-04-18 14:34:04.425911',-3.60,10.12,40.26,681.95,747.00),(410,'Grasim Industries Limited','GRASIM',NULL,1,2722.50,'2026-04-18 14:34:04.426519',5.20,9.42,43.64,2717.30,2979.00),(411,'Gravita India Limited','GRAVITA',NULL,1,1643.90,'2026-04-18 14:34:04.427120',-25.10,32.00,31.27,1669.00,2170.00),(412,'Garden Reach Shipbuilders & Engineers Limited','GRSE',NULL,1,2711.00,'2026-04-18 14:34:04.427706',103.20,30.52,45.07,2607.80,3513.72),(413,'Gujarat State Petronet','GSPL',NULL,1,273.02,'2026-04-18 14:34:04.428310',20.73,32.08,14.64,252.29,354.65),(414,'GE Vernova T&D India Limited','GVT&D',NULL,1,4140.00,'2026-04-18 14:34:04.428943',65.80,4.93,NULL,4074.20,4344.00),(415,'Happiest Minds Technologies Limited','HAPPSTMNDS',NULL,1,383.00,'2026-04-18 14:34:04.429535',1.30,76.20,31.10,381.70,667.53),(416,'Havells India Limited','HAVELLS',NULL,1,1304.00,'2026-04-18 14:34:04.430556',12.90,28.36,55.03,1291.10,1662.30),(417,'HBL Engineering Limited','HBLENGINE',NULL,1,788.00,'2026-04-18 14:34:04.431259',4.75,42.39,27.43,783.25,1119.11),(418,'HDFC Life Insurance','HDFCLIFE',NULL,1,616.25,'2026-04-18 14:34:04.431854',-15.25,33.18,70.31,631.50,820.75),(419,'HEG Limited','HEG',NULL,1,633.35,'2026-04-18 14:34:04.432494',6.50,6.10,32.05,626.85,672.00),(420,'Hexaware Technologies Limited','HEXT',NULL,1,494.50,'2026-04-18 14:34:04.433123',-1.95,82.00,22.33,496.45,892.80),(421,'HFCL Limited','HFCL',NULL,1,95.90,'2026-04-18 14:34:04.433754',4.42,0.31,272.82,91.48,96.20),(422,'Hindustan Petroleum Corporation Limited','HINDPETRO',NULL,1,372.30,'2026-04-18 14:34:04.434384',2.05,36.57,5.14,370.25,508.45),(423,'Home First Finance Company India Limited','HOMEFIRST',NULL,1,1133.00,'2026-04-18 14:34:04.435006',25.00,34.07,23.16,1108.00,1519.00),(424,'Honasa Consumer Limited','HONASA',NULL,1,345.95,'2026-04-18 14:34:04.435615',1.00,2.20,72.61,344.95,353.55),(425,'Honeywell Automation India','HONAUT',NULL,1,32750.00,'2026-04-18 14:34:04.436229',910.00,26.56,57.31,31840.00,41450.00),(426,'Himadri Speciality Chemical Limited','HSCL',NULL,1,491.40,'2026-04-18 14:34:04.436830',2.55,8.76,34.79,488.85,534.45),(427,'Housing & Urban Development Corporation Limited','HUDCO',NULL,1,196.85,'2026-04-18 14:34:04.437444',3.18,28.90,14.17,193.67,246.85),(428,'ICICI Prudential Life Insurance','ICICIPRULI',NULL,1,562.00,'2026-04-18 14:34:04.438062',4.05,25.77,51.37,557.95,706.80),(429,'IDBI Bank Limited','IDBI',NULL,1,75.14,'2026-04-18 14:34:04.438677',0.80,57.55,8.70,74.34,118.38),(430,'IFCI Limited','IFCI',NULL,1,61.15,'2026-04-18 14:34:04.439291',0.42,21.83,42.63,60.73,74.50),(431,'International Gemmological Institute (India) Limited','IGIL',NULL,1,372.00,'2026-04-18 14:34:04.439902',3.05,18.82,31.39,368.95,435.36),(432,'IIFL Finance Limited','IIFL',NULL,1,473.95,'2026-04-18 14:34:04.440533',7.90,42.42,15.87,466.05,670.04),(433,'Inventurus Knowledge Solutions Limited','IKS',NULL,1,1494.00,'2026-04-18 14:34:04.441160',-28.40,25.57,38.34,1522.40,1876.00),(434,'The Indian Hotels Company Limited','INDHOTEL',NULL,1,660.00,'2026-04-18 14:34:04.441770',7.25,29.30,46.80,652.75,850.85),(435,'The India Cements Limited','INDIACEM',NULL,1,415.00,'2026-04-18 14:34:04.442376',3.40,17.06,NULL,411.60,485.80),(436,'Indian Bank','INDIANB',NULL,1,938.80,'2026-04-18 14:34:04.442980',-1.25,6.61,10.98,940.05,1000.90),(437,'INOX India Limited','INOXINDIA',NULL,1,1490.50,'2026-04-18 14:34:04.443588',-7.60,4.31,54.67,1498.10,1554.80),(438,'Intellect Design Arena Limited','INTELLECT',NULL,1,694.40,'2026-04-18 14:34:04.444208',-4.55,80.73,27.08,698.95,1247.67),(439,'Indian Overseas Bank','IOB',NULL,1,34.99,'2026-04-18 14:34:04.444817',0.06,22.32,13.79,34.93,42.80),(440,'IPCA Laboratories Limited','IPCALAB',NULL,1,1472.90,'2026-04-18 14:34:04.445423',11.50,10.26,41.07,1461.40,1624.00),(441,'IRB Infrastructure Developers Limited','IRB',NULL,1,22.27,'2026-04-18 14:34:04.446026',0.17,21.87,35.02,22.10,27.01),(442,'Ircon International Limited','IRCON',NULL,1,154.60,'2026-04-18 14:34:04.447007',12.23,45.87,23.66,142.37,222.46),(443,'ITI Limited','ITI',NULL,1,297.70,'2026-04-18 14:34:04.447847',6.66,25.24,NULL,291.04,372.85),(444,'JB Chemicals & Pharmaceuticals Limited','JBCHEPHARM',NULL,1,1999.90,'2026-04-18 14:34:04.448483',24.90,9.76,42.16,1975.00,2195.00),(445,'JBM Auto Limited','JBMA',NULL,1,626.00,'2026-04-18 14:34:04.449129',1.90,26.20,70.11,624.10,790.00),(446,'Jindal Saw Limited','JINDALSAW',NULL,1,235.50,'2026-04-18 14:34:04.449762',14.08,16.31,13.36,221.42,271.38),(447,'JINDAL STEEL LIMITED','JINDALSTEL',NULL,1,1265.50,'2026-04-18 14:34:04.450388',37.20,1.46,64.41,1228.30,1284.00),(448,'JK Cement Limited','JKCEMENT',NULL,1,5550.00,'2026-04-18 14:34:04.451016',43.00,36.32,42.07,5507.00,7565.50),(449,'JK Tyre & Industries Limited','JKTYRE',NULL,1,429.50,'2026-04-18 14:34:04.451630',9.55,42.47,17.22,419.95,611.90),(450,'JM Financial Limited','JMFINANCIL',NULL,1,137.30,'2026-04-18 14:34:04.452250',2.63,45.52,10.54,134.67,197.86),(451,'Jaiprakash Power Ventures Limited','JPPOWER',NULL,1,19.19,'2026-04-18 14:34:04.452867',-0.42,44.35,6.93,19.61,27.70),(452,'Jindal Stainless Limited','JSL',NULL,1,788.50,'2026-04-18 14:34:04.453482',-0.95,12.11,22.09,789.45,882.91),(453,'JSW Cement Limited','JSWCEMENT',NULL,1,125.80,'2026-04-18 14:34:04.454099',-0.42,28.90,NULL,126.22,162.15),(454,'JSW Energy Limited','JSWENERGY',NULL,1,538.00,'2026-04-18 14:34:04.454711',2.05,3.61,41.27,535.95,557.40),(455,'JSW Infrastructure Limited','JSWINFRA',NULL,1,274.52,'2026-04-18 14:34:04.455318',1.93,27.13,35.57,272.59,349.00),(456,'Jubilant Ingrevia Limited','JUBLINGREA',NULL,1,662.20,'2026-04-18 14:34:04.455991',-5.60,28.63,39.53,667.80,846.00),(457,'Jubilant Pharmova Limited','JUBLPHARMA',NULL,1,915.00,'2026-04-18 14:34:04.456662',8.15,36.39,33.61,906.85,1248.00),(458,'Jupiter Wagons Limited','JWL',NULL,1,286.40,'2026-04-18 14:34:04.457280',5.24,59.57,NULL,281.16,455.87),(459,'Jyothy Labs Limited','JYOTHYLAB',NULL,1,238.11,'2026-04-18 14:34:04.457884',8.97,67.95,25.56,229.14,395.80),(460,'Jyoti CNC Automation Limited','JYOTICNC',NULL,1,708.20,'2026-04-18 14:34:04.458492',5.30,87.80,45.43,702.90,1330.00),(461,'Kalyan Jewellers India Limited','KALYANKJIL',NULL,1,426.20,'2026-04-18 14:34:04.459102',-14.10,44.93,38.99,440.30,615.90),(462,'Karur Vysya Bank Limited','KARURVYSYA',NULL,1,277.50,'2026-04-18 14:34:04.459712',-3.35,23.77,11.67,280.85,343.45),(463,'KEC International Limited','KEC',NULL,1,578.00,'2026-04-18 14:34:04.460319',8.55,63.84,22.58,569.45,941.06),(464,'Kfin Technologies Limited','KFINTECH',NULL,1,977.15,'2026-04-18 14:34:04.460938',21.25,42.10,48.63,955.90,1379.27),(465,'Krishna Institute of Medical Sciences Limited','KIMS',NULL,1,679.85,'2026-04-18 14:34:04.461541',14.70,17.44,90.60,665.15,798.40),(466,'Kirloskar Brothers Limited','KIRLOSBROS',NULL,1,1764.00,'2026-04-18 14:34:04.462147',27.00,40.31,35.10,1737.00,2466.51),(467,'Kirloskar Oil Engines Limited','KIRLOSENG',NULL,1,1615.20,'2026-04-18 14:34:04.462745',-1.80,1.44,42.99,1617.00,1664.00),(468,'Kalpataru Projects International Limited','KPIL',NULL,1,1232.00,'2026-04-18 14:34:04.463768',28.10,8.41,NULL,1203.90,1335.60),(469,'KPIT Technologies Limited','KPITTECH',NULL,1,748.70,'2026-04-18 14:34:04.464567',2.45,91.60,28.50,746.25,1424.24),(470,'Ksb Limited','KSB',NULL,1,966.00,'2026-04-18 14:34:04.465256',24.05,1.40,62.16,941.95,979.50),(471,'Laurus Labs Limited','LAURUSLABS',NULL,1,1134.50,'2026-04-18 14:34:04.465901',6.15,0.69,72.67,1128.35,1142.35),(472,'Lemon Tree Hotels Limited','LEMONTREE',NULL,1,114.73,'2026-04-18 14:34:04.466536',0.55,57.48,41.16,114.18,180.68),(473,'LIC Housing Finance Limited','LICHSGFIN',NULL,1,540.00,'2026-04-18 14:34:04.467164',5.15,19.72,5.42,534.85,635.31),(474,'Linde India Limited','LINDEINDIA',NULL,1,7236.00,'2026-04-18 14:34:04.467794',14.50,8.76,104.61,7221.50,7855.39),(475,'Lloyds Metals And Energy Limited','LLOYDSME',NULL,1,1629.00,'2026-04-18 14:34:04.468415',72.30,0.12,37.06,1556.70,1631.00),(476,'Lodha Developers Limited','LODHA',NULL,1,869.00,'2026-04-18 14:34:04.469027',-4.50,76.18,26.02,873.50,1525.97),(477,'L&T Finance Limited','LTF',NULL,1,286.75,'2026-04-18 14:34:04.469640',6.34,14.89,NULL,280.41,329.45),(478,'LT Foods Limited','LTFOODS',NULL,1,421.70,'2026-04-18 14:34:04.470248',2.55,22.97,NULL,419.15,514.98),(479,'LTIMindtree Limited','LTM',NULL,1,4740.00,'2026-04-18 14:34:04.470850',10.00,0.82,NULL,4730.00,5195.00),(480,'L&T Technology Services Limited','LTTS',NULL,1,3500.00,'2026-04-18 14:34:04.471465',51.80,35.03,29.52,3448.20,4726.00),(481,'Lupin Limited','LUPIN',NULL,1,2322.50,'2026-04-18 14:34:04.472144',-4.50,2.37,21.38,2327.00,2377.60),(482,'Mahindra & Mahindra Limited','M&M',NULL,1,3202.00,'2026-04-18 14:34:04.472756',-20.30,19.92,22.86,3222.30,3839.90),(483,'Mahindra & Mahindra Financial','M&MFIN',NULL,1,300.15,'2026-04-18 14:34:04.473368',2.85,37.33,17.00,297.30,412.20),(484,'Bank of Maharashtra','MAHABANK',NULL,1,72.69,'2026-04-18 14:34:04.473976',1.44,5.93,8.63,71.25,77.00),(485,'Maharashtra Scooters Limited','MAHSCOOTER',NULL,1,13144.00,'2026-04-18 14:34:04.474578',177.00,41.04,41.95,12967.00,18371.18),(486,'Maharashtra Seamless Limited','MAHSEAMLES',NULL,1,643.00,'2026-04-18 14:34:04.475181',0.45,20.34,10.71,642.55,762.51),(487,'Manappuram Finance Limited','MANAPPURAM',NULL,1,269.25,'2026-04-18 14:34:04.475790',1.10,19.44,57.30,268.15,321.05),(488,'Mankind Pharma Limited','MANKIND',NULL,1,2125.00,'2026-04-18 14:34:04.476395',20.60,27.84,49.36,2104.40,2715.43),(489,'Vedant Fashions Limited','MANYAVAR',NULL,1,441.00,'2026-04-18 14:34:04.476999',11.80,92.72,29.57,429.20,840.93),(490,'Max Healthcare Institute Limited','MAXHEALTH',NULL,1,1008.00,'2026-04-18 14:34:04.477605',17.35,30.39,69.38,990.65,1314.30),(491,'Global Health Limited','MEDANTA',NULL,1,1089.95,'2026-04-18 14:34:04.478211',-2.30,33.63,57.00,1092.25,1455.98),(492,'Metropolis Healthcare Limited','METROPOLIS',NULL,1,468.00,'2026-04-18 14:34:04.478816',-4.25,20.89,57.78,472.25,564.58),(493,'Max Financial Services Limited','MFSL',NULL,1,1670.20,'2026-04-18 14:34:04.479418',-25.00,13.31,404.18,1695.20,1892.50),(494,'Minda Corporation Limited','MINDACORP',NULL,1,530.60,'2026-04-18 14:34:04.480419',24.95,16.84,43.95,505.65,619.32),(495,'MMTC Limited','MMTC',NULL,1,68.50,'2026-04-18 14:34:04.481216',6.59,28.74,38.81,61.91,88.19),(496,'MphasiS Limited','MPHASIS',NULL,1,2458.10,'2026-04-18 14:34:04.481847',16.30,23.56,26.07,2441.80,3037.20),(497,'MRF Limited','MRF',NULL,1,139810.00,'2026-04-18 14:34:04.482494',1070.00,17.02,26.59,138740.00,163593.54),(498,'Mangalore Refinery and Petrochemicals Limited','MRPL',NULL,1,183.04,'2026-04-18 14:34:04.483133',8.11,15.99,14.70,174.93,212.00),(499,'Muthoot Finance Limited','MUTHOOTFIN',NULL,1,3569.90,'2026-04-18 14:34:04.483763',-8.10,16.24,16.44,3578.00,4114.71),(500,'Nippon Life India Asset','NAM-INDIA',NULL,1,1024.70,'2026-04-18 14:34:04.484397',59.85,0.00,45.24,964.85,1024.70),(501,'Natco Pharma Limited','NATCOPHARM',NULL,1,1118.00,'2026-04-18 14:34:04.485019',31.20,1.51,12.86,1086.80,1134.85),(502,'NAVA LIMITED','NAVA',NULL,1,693.70,'2026-04-18 14:34:04.485641',67.20,6.21,22.09,626.50,736.80),(503,'Navin Fluorine','NAVINFLUOR',NULL,1,6265.00,'2026-04-18 14:34:04.486255',9.00,11.17,58.09,6256.00,6965.00),(504,'NBCC (India) Limited','NBCC',NULL,1,94.40,'2026-04-18 14:34:04.486884',1.35,38.45,38.92,93.05,129.86),(505,'NCC Limited','NCC',NULL,1,161.57,'2026-04-18 14:34:04.487592',1.21,49.87,14.04,160.36,239.76),(506,'Netweb Technologies India Limited','NETWEB',NULL,1,3818.60,'2026-04-18 14:34:04.488367',110.20,17.29,121.60,3708.40,4479.00),(507,'Neuland Laboratories Limited','NEULANDLAB',NULL,1,15270.00,'2026-04-18 14:34:04.489153',270.00,29.32,109.37,15000.00,19747.00),(508,'Newgen Software Technologies Limited','NEWGEN',NULL,1,483.80,'2026-04-18 14:34:04.489809',5.55,184.65,22.90,478.25,1370.44),(509,'The New India Assurance Company Limited','NIACL',NULL,1,166.64,'2026-04-18 14:34:04.490464',-3.28,28.86,22.98,169.92,212.81),(510,'Niva Bupa Health Insurance Company Limited','NIVABUPA',NULL,1,80.10,'2026-04-18 14:34:04.491131',1.60,18.86,429.56,78.50,95.21),(511,'NLC India Limited','NLCINDIA',NULL,1,301.20,'2026-04-18 14:34:04.491762',3.45,2.37,15.41,297.75,308.35),(512,'NMDC Steel Limited','NSLNISP',NULL,1,42.70,'2026-04-18 14:34:04.492387',0.72,16.28,NULL,41.98,49.65),(513,'Nuvama Wealth Management Limited','NUVAMA',NULL,1,1408.00,'2026-04-18 14:34:04.493006',41.60,20.86,25.56,1366.40,1621.95),(514,'Nuvoco Vistas Corporation Limited','NUVOCO',NULL,1,311.45,'2026-04-18 14:34:04.493663',1.15,53.32,30.93,310.30,477.50),(515,'Oberoi Realty Limited','OBEROIRLTY',NULL,1,1712.00,'2026-04-18 14:34:04.494277',1.60,17.11,27.61,1710.40,1997.65),(516,'Oracle Financial Services','OFSS',NULL,1,8001.50,'2026-04-18 14:34:04.494895',225.50,24.35,28.59,7776.00,9798.09),(517,'Olectra Greentech Limited','OLECTRA',NULL,1,1224.30,'2026-04-18 14:34:04.495508',10.45,40.01,70.28,1213.85,1714.20),(518,'Onesource Specialty Pharma','ONESOURCE',NULL,1,1540.00,'2026-04-18 14:34:04.496135',33.70,45.97,875.96,1506.30,2248.00),(519,'Page Industries Limited','PAGEIND',NULL,1,37800.00,'2026-04-18 14:34:04.497195',820.00,33.84,56.28,36980.00,50075.73),(520,'PCBL Chemical Limited','PCBL',NULL,1,285.85,'2026-04-18 14:34:04.497988',1.73,55.12,42.08,284.12,436.16),(521,'Persistent Systems Limited','PERSISTENT',NULL,1,5443.00,'2026-04-18 14:34:04.498662',-57.50,21.24,49.17,5500.50,6575.41),(522,'Pfizer Limited','PFIZER',NULL,1,4963.00,'2026-04-18 14:34:04.499308',103.80,20.75,26.60,4859.20,5873.50),(523,'PG Electroplast Limited','PGEL',NULL,1,561.75,'2026-04-18 14:34:04.499942',4.10,79.44,58.22,557.65,1007.56),(524,'Procter & Gamble Hygiene n Health Care','PGHH',NULL,1,10011.00,'2026-04-18 14:34:04.500572',148.00,45.27,37.81,9863.00,14273.41),(525,'The Phoenix Mills Limited','PHOENIXLTD',NULL,1,1797.00,'2026-04-18 14:34:04.501192',14.70,10.91,59.00,1782.30,1993.00),(526,'PI Industries Limited','PIIND',NULL,1,3122.50,'2026-04-18 14:34:04.501815',10.30,38.67,32.65,3112.20,4312.31),(527,'PNB Housing Finance Limited','PNBHOUSING',NULL,1,927.50,'2026-04-18 14:34:04.502456',33.70,23.12,11.07,893.80,1136.11),(528,'Poly Medicure Limited','POLYMED',NULL,1,1466.20,'2026-04-18 14:34:04.503141',-30.70,100.35,42.98,1496.90,2932.45),(529,'Poonawalla Fincorp Limited','POONAWALLA',NULL,1,412.90,'2026-04-18 14:34:04.503775',5.75,38.14,93.42,407.15,570.40),(530,'Hitachi Energy India Limited','POWERINDIA',NULL,1,28960.00,'2026-04-18 14:34:04.504390',705.00,0.47,152.08,28255.00,29095.00),(531,'Piramal Pharma Limited','PPLPHARMA',NULL,1,149.00,'2026-04-18 14:34:04.504994',1.50,53.32,NULL,147.50,228.30),(532,'Praj Industries Limited','PRAJIND',NULL,1,350.50,'2026-04-18 14:34:04.505598',1.25,54.02,123.49,349.25,532.94),(533,'Prestige Estates Projects Limited','PRESTIGE',NULL,1,1355.00,'2026-04-18 14:34:04.506199',17.10,33.87,60.14,1337.90,1811.91),(534,'PTC Industries Limited','PTCIL',NULL,1,15675.00,'2026-04-18 14:34:04.506809',-300.00,23.68,354.92,15975.00,19387.00),(535,'Radico Khaitan Limited','RADICO',NULL,1,3190.00,'2026-04-18 14:34:04.507443',153.60,12.60,82.65,3036.40,3591.90),(536,'Railtel Corporation Of India Limited','RAILTEL',NULL,1,335.50,'2026-04-18 14:34:04.508086',-2.37,42.76,33.89,337.87,474.82),(537,'Rainbow Childrens Medicare Limited','RAINBOW',NULL,1,1248.10,'2026-04-18 14:34:04.508698',-8.80,31.86,49.28,1256.90,1645.70),(538,'The Ramco Cements Limited','RAMCOCEM',NULL,1,1013.00,'2026-04-18 14:34:04.509306',11.10,19.89,41.62,1001.90,1214.50),(539,'RBL Bank Limited','RBLBANK',NULL,1,316.55,'2026-04-18 14:34:04.509911',0.65,7.53,27.10,315.90,340.40),(540,'Rashtriya Chemicals and Fertilizers Limited','RCF',NULL,1,131.84,'2026-04-18 14:34:04.510519',3.13,26.29,23.19,128.71,163.75),(541,'Redington Limited','REDINGTON',NULL,1,234.00,'2026-04-18 14:34:04.511125',6.22,43.08,10.37,227.78,327.51),(542,'Reliance Infrastructure Limited','RELINFRA',NULL,1,85.30,'2026-04-18 14:34:04.511734',-3.79,396.37,0.53,89.09,423.40),(543,'RHI MAGNESITA INDIA LIMITED','RHIM',NULL,1,402.50,'2026-04-18 14:34:04.512349',1.85,33.59,NULL,400.65,534.89),(544,'RITES Limited','RITES',NULL,1,222.20,'2026-04-18 14:34:04.512955',6.04,42.21,25.89,216.16,306.23),(545,'Ramkrishna Forgings Limited','RKFORGE',NULL,1,534.90,'2026-04-18 14:34:04.513975',0.65,43.43,160.02,534.25,765.92),(546,'Reliance Power Limited','RPOWER',NULL,1,28.58,'2026-04-18 14:34:04.514741',-0.31,167.63,41.43,28.89,76.49),(547,'R R Kabel Limited','RRKABEL',NULL,1,1481.10,'2026-04-18 14:34:04.515418',26.10,6.56,36.96,1455.00,1578.20),(548,'SAGILITY LIMITED','SAGILITY',NULL,1,42.96,'2026-04-18 14:34:04.516061',-0.20,34.75,23.44,43.16,57.83),(549,'Steel Authority of India Limited','SAIL',NULL,1,172.82,'2026-04-18 14:34:04.516695',1.50,1.26,25.55,171.32,174.99),(550,'Sai Life Sciences Limited','SAILIFE',NULL,1,970.20,'2026-04-18 14:34:04.517321',-2.15,11.73,62.71,972.35,1084.00),(551,'Sapphire Foods India Limited','SAPPHIRE',NULL,1,172.00,'2026-04-18 14:34:04.517962',-0.53,113.95,NULL,172.53,368.00),(552,'Sarda Energy & Minerals Limited','SARDAEN',NULL,1,594.00,'2026-04-18 14:34:04.518621',-3.10,7.70,19.82,597.10,639.75),(553,'Saregama India Limited','SAREGAMA',NULL,1,343.85,'2026-04-18 14:34:04.519281',0.75,75.37,34.46,343.10,596.52),(554,'SBFC Finance Limited','SBFC',NULL,1,97.46,'2026-04-18 14:34:04.519904',-0.48,26.21,25.51,97.94,123.00),(555,'Schaeffler India Limited','SCHAEFFLER',NULL,1,4001.00,'2026-04-18 14:34:04.520519',34.90,11.66,54.36,3966.10,4467.70),(556,'Schneider Electric Infrastructure','SCHNEIDER',NULL,1,1039.95,'2026-04-18 14:34:04.521152',41.70,1.16,101.42,998.25,1052.00),(557,'Shipping Corporation','SCI',NULL,1,306.00,'2026-04-18 14:34:04.521766',17.07,5.49,12.58,288.93,322.80),(558,'SHREE CEMENT LIMITED','SHREECEM',NULL,1,25300.00,'2026-04-18 14:34:04.522379',190.00,28.42,50.94,25110.00,32398.19),(559,'Shyam Metalics and Energy','SHYAMMETL',NULL,1,865.00,'2026-04-18 14:34:04.522986',1.45,15.72,24.96,863.55,998.67),(560,'Siemens Limited','SIEMENS',NULL,1,3702.00,'2026-04-18 14:34:04.523593',138.20,0.46,74.52,3563.80,3718.90),(561,'Signatureglobal (India) Limited','SIGNATURE',NULL,1,802.90,'2026-04-18 14:34:04.524200',-4.05,63.10,3659.53,806.95,1309.50),(562,'SJVN Limited','SJVN',NULL,1,79.00,'2026-04-18 14:34:04.524812',2.67,36.08,48.65,76.33,105.51),(563,'Sobha Limited','SOBHA',NULL,1,1335.00,'2026-04-18 14:34:04.525418',13.80,29.78,101.62,1321.20,1732.50),(564,'Solar Industries India Limited','SOLARINDS',NULL,1,15070.00,'2026-04-18 14:34:04.526024',80.00,18.25,93.92,14990.00,17809.34),(565,'Sona BLW Precision Forgings','SONACOMS',NULL,1,593.00,'2026-04-18 14:34:04.526626',12.15,0.67,60.11,580.85,596.95),(566,'Sonata Software Limited','SONATSOFTW',NULL,1,280.80,'2026-04-18 14:34:04.527232',1.53,65.31,17.66,279.27,454.26),(567,'SRF Limited','SRF',NULL,1,2498.50,'2026-04-18 14:34:04.527841',-5.50,33.08,41.63,2504.00,3314.53),(568,'Star Health and Allied Insurance','STARHEALTH',NULL,1,504.60,'2026-04-18 14:34:04.528453',7.95,5.83,67.02,496.65,534.00),(569,'Sundaram Finance Limited','SUNDARMFIN',NULL,1,5000.00,'2026-04-18 14:34:04.529058',6.70,12.84,26.78,4993.30,5642.00),(570,'Sundram Fasteners Limited','SUNDRMFAST',NULL,1,828.00,'2026-04-18 14:34:04.529730',14.30,30.43,31.40,813.70,1075.76),(571,'Sun TV Network Limited','SUNTV',NULL,1,644.00,'2026-04-18 14:34:04.530745',11.80,6.65,16.07,632.20,672.07),(572,'Supreme Industries Limited','SUPREMEIND',NULL,1,3731.00,'2026-04-18 14:34:04.531393',67.20,27.02,58.19,3663.80,4699.79),(573,'Suzlon Energy Limited','SUZLON','INE040H01021',1,53.35,'2026-04-18 14:34:04.532001',3.10,39.27,22.70,50.25,74.30),(574,'SWAN CORP LIMITED','SWANCORP',NULL,1,355.50,'2026-04-18 14:34:04.532607',2.70,42.33,NULL,352.80,506.00),(575,'Swiggy Limited','SWIGGY',NULL,1,277.40,'2026-04-18 14:34:04.533254',-3.00,70.87,NULL,280.40,474.00),(576,'Syngene International Limited','SYNGENE',NULL,1,435.75,'2026-04-18 14:34:04.533943',1.05,73.23,49.95,434.70,753.39),(577,'Syrma SGS Technology Limited','SYRMA',NULL,1,976.80,'2026-04-18 14:34:04.534578',8.05,1.66,64.19,968.75,993.00),(578,'Transformers And Rectifiers','TARIL',NULL,1,322.50,'2026-04-18 14:34:04.535205',2.75,84.19,35.95,319.75,593.75),(579,'Tata Chemicals Limited','TATACHEM',NULL,1,710.30,'2026-04-18 14:34:04.535818',3.65,44.54,90.31,706.65,1026.65),(580,'TBO Tek Limited','TBOTEK',NULL,1,1288.00,'2026-04-18 14:34:04.536437',18.70,37.02,57.02,1269.30,1764.80),(581,'Tech Mahindra Limited','TECHM',NULL,1,1512.30,'2026-04-18 14:34:04.537049',21.30,22.59,29.02,1491.00,1854.00),(582,'Techno Electric & Engineering','TECHNOE',NULL,1,1234.95,'2026-04-18 14:34:04.537660',28.40,33.93,29.08,1206.55,1643.83),(583,'Tejas Networks Limited','TEJASNET',NULL,1,425.00,'2026-04-18 14:34:04.538274',-7.25,115.15,NULL,432.25,911.12),(584,'Leela Palaces Hotels & Resorts','THELEELA',NULL,1,425.00,'2026-04-18 14:34:04.538880',-2.95,11.62,46.10,427.95,474.40),(585,'Thermax Limited','THERMAX',NULL,1,4138.00,'2026-04-18 14:34:04.539488',11.60,0.77,68.37,4126.40,4185.80),(586,'Timken India Limited','TIMKEN',NULL,1,3529.70,'2026-04-18 14:34:04.540098',36.30,2.37,61.03,3493.40,3618.00),(587,'TITAGARH RAIL SYSTEMS','TITAGARH',NULL,1,740.80,'2026-04-18 14:34:04.540707',3.35,31.53,54.74,737.45,973.19),(588,'Torrent Power Limited','TORNTPOWER',NULL,1,1555.00,'2026-04-18 14:34:04.541317',33.40,4.32,24.81,1521.60,1605.00),(589,'Trident Limited','TRIDENT',NULL,1,26.00,'2026-04-18 14:34:04.541921',0.12,33.15,32.33,25.88,34.10),(590,'Triveni Turbine Limited','TRITURBINE',NULL,1,517.50,'2026-04-18 14:34:04.542531',39.70,30.47,48.22,477.80,669.59),(591,'Triveni Engineering','TRIVENI',NULL,1,392.00,'2026-04-18 14:34:04.543137',3.10,19.41,17.17,388.90,462.91),(592,'Tata Teleservices','TTML',NULL,1,45.64,'2026-04-18 14:34:04.543745',1.87,77.74,NULL,43.77,81.12),(593,'TVS Motor Company Limited','TVSMOTOR',NULL,1,3742.20,'2026-04-18 14:34:04.544345',-15.00,6.09,61.41,3757.20,3956.17),(594,'UCO Bank','UCOBANK',NULL,1,26.73,'2026-04-18 14:34:04.544950',0.18,31.24,NULL,26.55,35.08),(595,'Union Bank of India','UNIONBANK',NULL,1,188.79,'2026-04-18 14:34:04.545550',0.30,8.85,7.61,188.49,205.49),(596,'UNO Minda Limited','UNOMINDA',NULL,1,1096.50,'2026-04-18 14:34:04.546153',-12.90,26.04,NULL,1109.40,1380.99),(597,'Usha Martin Limited','USHAMART',NULL,1,449.00,'2026-04-18 14:34:04.547091',2.35,10.71,32.61,446.65,497.10),(598,'UTI Asset Management','UTIAMC',NULL,1,1036.85,'2026-04-18 14:34:04.547859',36.95,44.17,23.90,999.90,1445.98),(599,'Ventive Hospitality Limited','VENTIVE',NULL,1,618.40,'2026-04-18 14:34:04.548567',8.50,35.83,44.57,609.90,840.00),(600,'V-Guard Industries Limited','VGUARD',NULL,1,328.50,'2026-04-18 14:34:04.549209',3.25,24.73,50.33,325.25,409.75),(601,'Vijaya Diagnostic Centre','VIJAYA',NULL,1,1024.95,'2026-04-18 14:34:04.549778',5.80,15.13,66.08,1019.15,1177.63),(602,'Vishal Mega Mart Limited','VMM',NULL,1,119.15,'2026-04-18 14:34:04.550395',1.60,32.27,71.67,117.55,157.60),(603,'Voltas Limited','VOLTAS',NULL,1,1445.10,'2026-04-18 14:34:04.551019',36.30,9.51,95.46,1408.80,1582.50),(604,'Vardhman Textiles Limited','VTL',NULL,1,557.00,'2026-04-18 14:34:04.551646',11.55,1.62,19.86,545.45,566.00),(605,'Welspun Corp Limited','WELCORP',NULL,1,1077.50,'2026-04-18 14:34:04.552262',0.40,1.81,14.64,1077.10,1097.00),(606,'Welspun Living Limited','WELSPUNLIV',NULL,1,125.45,'2026-04-18 14:34:04.552883',1.62,23.21,NULL,123.83,152.85),(607,'Wockhardt Limited','WOCKPHARMA',NULL,1,1393.00,'2026-04-18 14:34:04.553533',33.90,34.16,1052.82,1359.10,1868.80),(608,'Zensar Technologies','ZENSARTECH',NULL,1,602.05,'2026-04-18 14:34:04.554146',13.80,48.49,18.68,588.25,879.31),(609,'Zen Technologies Limited','ZENTEC',NULL,1,1628.00,'2026-04-18 14:34:04.554761',103.70,39.31,55.64,1524.30,2264.81),(610,'ZF Commercial Vehicle','ZFCVINDIA',NULL,1,14443.00,'2026-04-18 14:34:04.555373',85.00,15.38,55.06,14358.00,16665.00),(611,'Zydus Lifesciences','ZYDUSLIFE',NULL,1,944.70,'2026-04-18 14:34:04.555975',5.60,12.10,19.25,939.10,1059.05),(614,'Test Stock','TESTSTOCK',NULL,1,0.00,NULL,0.00,NULL,NULL,0.00,NULL),(615,'Brookfield India Real Estate','BOM:543261',NULL,1,330.99,'2026-04-18 14:34:04.556582',1.34,13.75,40.76,329.65,376.50),(616,'MIDCAP','MIDCAP','MIDCAP',1,17.39,'2026-04-18 14:34:04.557187',0.26,5.52,1.00,17.13,18.35),(617,'ABSLPSE','ABSLPSE','ABSLPSE',1,11.00,'2026-04-18 14:34:04.557796',0.16,5.45,NULL,10.84,11.60),(618,'CONS','CONS','CONS',1,11.82,'2026-04-18 14:34:04.558403',0.24,11.68,1.00,11.58,132.00),(619,'INVENTURE','INVENTURE','INVENTURE',1,1.03,'2026-04-18 14:34:04.559007',0.04,77.67,15.25,0.99,1.83),(620,'MOSMALL250','MOSMALL250','MOSMALL250',1,16.52,'2026-04-18 14:34:04.559599',0.26,17.31,1.00,16.26,19.38),(621,'TATSILV','TATSILV','TATSILV',1,24.17,'2026-04-18 14:34:04.560202',0.01,45.22,1.00,24.16,35.10),(622,'MIDCAPETF','MIDCAPETF','MIDCAPETF',1,22.50,'2026-04-18 14:34:04.560814',0.26,4.93,1.00,22.24,23.61),(623,'TATAGOLD','TATAGOLD','TATAGOLD',1,14.65,'2026-04-18 14:34:04.561418',-0.09,20.82,1.00,14.74,17.70),(624,'EVINDIA','EVINDIA','EVINDIA',1,29.79,'2026-04-18 14:34:04.562026',0.18,9.30,1.00,29.61,32.56),(625,'MOMOMENTUM','MOMOMENTUM','MOMOMENTUM',1,62.41,'2026-04-18 14:34:04.562645',0.62,6.35,1.00,61.79,66.37),(626,'FMCGIETF','FMCGIETF','FMCGIETF',1,53.45,'2026-04-18 14:34:04.563427',1.63,16.56,1.00,51.82,62.30),(627,'GROWWEV','GROWWEV','GROWWEV',1,29.70,'2026-04-18 14:34:04.564430',0.20,9.02,1.00,29.50,32.38),(628,'HDFCNEXT50','HDFCNEXT50','HDFCNEXT50',1,71.60,'2026-04-18 14:34:04.565109',1.12,1.96,1.00,70.48,73.00),(629,'MOLOWVOL','MOLOWVOL','MOLOWVOL',1,36.54,'2026-04-18 14:34:04.565760',0.36,17.87,1.00,36.18,43.07),(630,'MNC','MNC','MNC',1,32.22,'2026-04-18 14:34:04.566409',0.77,2.92,1.00,31.45,33.16),(631,'MOHEALTH','MOHEALTH','MOHEALTH',1,44.11,'2026-04-18 14:34:04.567047',0.24,7.84,1.00,43.87,47.57),(632,'ALPHAETF','ALPHAETF','ALPHAETF',1,25.37,'2026-04-18 14:34:04.567680',0.25,4.57,1.00,25.12,26.53),(633,'EBANKNIFTY','EBANKNIFTY','EBANKNIFTY',1,57.10,'2026-04-18 14:34:04.568309',0.66,21.52,1.00,56.44,69.39),(634,'BANKBETF','BANKBETF','BANKBETF',1,57.20,'2026-04-18 14:34:04.568938',0.41,13.64,1.00,56.79,65.00),(635,'PVTBANIETF','PVTBANIETF','PVTBANIETF',1,27.16,'2026-04-18 14:34:04.569557',0.05,11.63,1.00,27.11,30.32),(636,'ITIETF','ITIETF','ITIETF',1,35.08,'2026-04-18 14:34:04.570175',0.02,26.28,1.00,35.06,44.30),(637,'ITETF','ITETF','ITETF',1,33.49,'2026-04-18 14:34:04.570795',0.06,25.47,1.00,33.43,42.02),(638,'IT','IT','IT',1,35.19,'2026-04-18 14:34:04.571412',0.15,26.43,1.00,35.04,44.49),(639,'MID150','MID150','MID150',1,22.68,'2026-04-18 14:34:04.572028',0.60,12.39,1.00,22.08,25.49),(640,'SNXT50BETA','SNXT50BETA','SNXT50BETA',1,91.26,'2026-04-18 14:34:04.572651',1.23,8.48,1.00,90.03,99.00),(641,'NEXT50BETA','NEXT50BETA','NEXT50BETA',1,75.95,'2026-04-18 14:34:04.573260',1.39,2.44,1.00,74.56,77.80),(642,'TOP10ADD','TOP10ADD','TOP10ADD',1,90.89,'2026-04-18 14:34:04.573874',0.58,13.80,1.00,90.31,103.43),(643,'HDFCGOLD','HDFCGOLD','HDFCGOLD',1,128.84,'2026-04-18 14:34:04.574483',-0.80,18.21,1.00,129.64,152.30),(644,'MASPTOP50','MASPTOP50','MASPTOP50',1,74.44,'2026-04-18 14:34:04.575094',2.23,0.00,1.00,72.21,74.44),(645,'SBIETFCON','SBIETFCON','SBIETFCON',1,117.98,'2026-04-18 14:34:04.575697',1.90,13.55,1.00,116.08,133.97),(646,'NIF100BEES','NIF100BEES','NIF100BEES',1,267.30,'2026-04-18 14:34:04.576301',3.29,8.49,1.00,264.01,290.00),(647,'HEALTHIETF','HEALTHIETF','HEALTHIETF',1,148.88,'2026-04-18 14:34:04.576908',0.80,5.58,1.00,148.08,157.19),(648,'LICNETFN50','LICNETFN50','LICNETFN50',1,270.77,'2026-04-18 14:34:04.577519',0.94,8.95,1.00,269.83,295.00),(649,'HDFCSILVER','HDFCSILVER','HDFCSILVER',1,238.21,'2026-04-18 14:34:04.578126',0.27,50.71,1.00,237.94,359.00),(650,'PGHL','PGHL','PGHL',1,5003.00,'2026-04-18 14:34:04.578727',5.30,34.70,28.32,4997.70,6542.35);
/*!40000 ALTER TABLE `core_instrument` ENABLE KEYS */;
UNLOCK TABLES;

--
-- Table structure for table `core_investmentgoal`
--

DROP TABLE IF EXISTS `core_investmentgoal`;
/*!40101 SET @saved_cs_client     = @@character_set_client */;
/*!50503 SET character_set_client = utf8mb4 */;
CREATE TABLE `core_investmentgoal` (
  `id` bigint NOT NULL AUTO_INCREMENT,
  `name` varchar(100) NOT NULL,
  `target_amount` decimal(20,2) NOT NULL,
  `target_date` date NOT NULL,
  `current_amount` decimal(20,2) NOT NULL,
  `created_at` datetime(6) NOT NULL,
  `user_id` int NOT NULL,
  PRIMARY KEY (`id`),
  KEY `core_investmentgoal_user_id_231a8fa8_fk_auth_user_id` (`user_id`),
  CONSTRAINT `core_investmentgoal_user_id_231a8fa8_fk_auth_user_id` FOREIGN KEY (`user_id`) REFERENCES `auth_user` (`id`)
) ENGINE=InnoDB DEFAULT CHARSET=utf8mb4 COLLATE=utf8mb4_0900_ai_ci;
/*!40101 SET character_set_client = @saved_cs_client */;

--
-- Dumping data for table `core_investmentgoal`
--

LOCK TABLES `core_investmentgoal` WRITE;
/*!40000 ALTER TABLE `core_investmentgoal` DISABLE KEYS */;
/*!40000 ALTER TABLE `core_investmentgoal` ENABLE KEYS */;
UNLOCK TABLES;

--
-- Table structure for table `core_ipo`
--

DROP TABLE IF EXISTS `core_ipo`;
/*!40101 SET @saved_cs_client     = @@character_set_client */;
/*!50503 SET character_set_client = utf8mb4 */;
CREATE TABLE `core_ipo` (
  `id` bigint NOT NULL AUTO_INCREMENT,
  `name` varchar(200) NOT NULL,
  `start_date` date NOT NULL,
  `end_date` date NOT NULL,
  `company_work` longtext NOT NULL,
  `notes` longtext NOT NULL,
  `advise` varchar(20) NOT NULL,
  `created_at` datetime(6) NOT NULL,
  `updated_at` datetime(6) NOT NULL,
  PRIMARY KEY (`id`)
) ENGINE=InnoDB AUTO_INCREMENT=3 DEFAULT CHARSET=utf8mb4 COLLATE=utf8mb4_0900_ai_ci;
/*!40101 SET character_set_client = @saved_cs_client */;

--
-- Dumping data for table `core_ipo`
--

LOCK TABLES `core_ipo` WRITE;
/*!40000 ALTER TABLE `core_ipo` DISABLE KEYS */;
INSERT INTO `core_ipo` VALUES (1,'Emiac Technologies','2026-03-27','2026-04-08','About Emiac Technologies\r\nEmiac Technologies Limited is an AI-based technology and digital solutions company that provides digital marketing and related services to businesses. The company offers a wide range of services, including content creation, branding and online reputation management, digital marketing, technical services and business automation. It serves as a one-stop partner for clients seeking digital transformation and growth, helping them improve operations, build a digital presence, and achieve their business objectives. Its offerings include developing marketing strategies, managing campaigns, creating content, and enabling automation solutions. The company serves clients across multiple sectors such as BFSI, healthcare, IT, education, and automobile. It generates revenue primarily from digital, technology-driven services, delivering tailored solutions based on client requirements and engagement outcomes.','Issue size\r\nFunds Raised in the IPO	Amount\r\nTotal issue size	31.75\r\nFresh Issue – Proceeds go to the company	31.75\r\nUtilisation of proceeds\r\nPurpose	INR crores (%)\r\nPurchase of computers, laptops, accessories, software & cloud hosting	5.72 (18.02%)\r\nWorking capital requirements	8.8 (27.72%)\r\nHiring of manpower	5.42 (17.07%)\r\nBranding, advertisement & marketing\r\n3.9 (12.28%)\r\nGeneral corporate purposes	7.91 (24.91%)\r\nStrengths\r\nOffers end-to-end digital solutions including content, marketing, branding and automation services.\r\nUses AI, automation and data-driven insights to deliver tailored solutions to clients.\r\nServes diverse industries such as BFSI, healthcare, IT, education and automobile.\r\nFocuses on integrated digital strategies, including omnichannel campaigns and business automation.\r\nHolds multiple ISO certifications for quality, security and customer management systems. \r\nRisks\r\nHigh dependence on key customers for a significant portion of revenue.\r\nRevenue is largely dependent on digital marketing spend by clients, which can fluctuate.\r\nRapid technological changes may make services outdated if not continuously upgraded.\r\nIntense competition and evolving industry trends may impact client acquisition and retention.\r\nClients may shift marketing activities in-house, reducing demand for the company’s services.\r\nSubscription Figures for Emiac Technologies\r\nAccording to media reports (Link), Emiac Technologies is seeing no premium in the grey market. Since GMP is an unreliable indicator, IPO subscription data from the exchanges offers a more accurate view of market demand.\r\n\r\nSubscription numbers as of 05:00 PM on April 06, 2026:\r\n\r\nCategory	Reserved (lakhs)	Applied (lakhs)	Subscription (X times)\r\nInstitutional	6.24	6.38	1.02x\r\nNII	6.36	5.64	0.89x\r\nRetail	10.92	10.56	0.97x\r\nTotal	23.52	22.58	0.96x','WAITING','2026-04-05 12:46:02.502214','2026-04-07 08:17:57.358977'),(2,'Om Power Transmission','2026-04-09','2026-04-13','About Om Power Transmission Ltd.\r\nIncorporated in June 2011, Om Power Transmission Limited is a power transmission infrastructure engineering, procurement, and construction (EPC) company with over 14 years of experience.\r\n\r\nThe company\'s expertise lies in the execution of high-voltage (“ HV”) and extra-high voltage (“EHV”) transmission lines, substations and underground cabling projects delivered on a turnkey basis, encompassing design, engineering, supply, erection, installation, testing, commissioning, and comprehensive operation and maintenance (“O&M”) services.\r\n\r\nThe company is certified under ISO 9001:2015, ISO 45001:2018, and ISO 14001:2015. \r\n\r\nAs of December 31, 2025, the unexecuted Order Book comprised 58 projects amounting to ₹ 74,460.27 lakhs, including 51 EPC projects and 7 O&M contracts.','Om Power Transmission IPO is a book build issue of ₹150.06 crores. The issue is a combination of fresh issue of 0.76 crore shares aggregating to ₹132.56 crores and offer for sale of 0.10 crore shares aggregating to ₹17.50 crores.\r\n\r\nOm Power Transmission IPO opens for subscription on Apr 9, 2026 and closes on Apr 13, 2026. The allotment for the Om Power Transmission IPO is expected to be finalized on Apr 15, 2026. Om Power Transmission IPO will list on the NSE and the BSE with a tentative listing date fixed as Apr 17, 2026.\r\n\r\nOm Power Transmission IPO is set issue price band at ₹166 to ₹175 per share. The lot size for an application is 85 shares. The minimum amount of investment required by an individual investor (retail) is ₹14,875 (85 shares) (based on upper price). The lot size investment for sNII is 14 lots (1,190 shares), amounting to ₹2,08,250, and for bNII, it is 68 lots (5,780 shares), amounting to ₹10,11,500.\r\n\r\nBeeline Capital Advisors Pvt.Ltd. is the book running lead manager and MUFG Intime India Pvt.Ltd. is the registrar of the issue.\r\n\r\nRefer to Om Power Transmission IPO RHP  for detailed Information\r\nTotal Issue Size	85,75,000 shares\r\n(agg. up to ₹150 Cr)\r\nFresh Issue	75,75,000 shares\r\n(agg. up to ₹133 Cr)\r\nOffer for Sale	10,00,000 shares of ₹10\r\n(agg. up to ₹18 Cr)\r\nShare Holding Pre Issue	2,66,70,000 shares\r\nShare Holding Post Issue	3,42,45,000 shares','WAITING','2026-04-09 05:09:39.347243','2026-04-09 05:09:39.347313');
/*!40000 ALTER TABLE `core_ipo` ENABLE KEYS */;
UNLOCK TABLES;

--
-- Table structure for table `core_loan`
--

DROP TABLE IF EXISTS `core_loan`;
/*!40101 SET @saved_cs_client     = @@character_set_client */;
/*!50503 SET character_set_client = utf8mb4 */;
CREATE TABLE `core_loan` (
  `id` bigint NOT NULL AUTO_INCREMENT,
  `bank_name` longtext NOT NULL,
  `category` varchar(50) NOT NULL,
  `loan_amount` longtext NOT NULL,
  `start_date` date NOT NULL,
  `interest_rate` longtext NOT NULL,
  `interest_type` varchar(20) NOT NULL,
  `tenure_months` int NOT NULL,
  `emi_amount` longtext NOT NULL,
  `interest_lock` varchar(20) NOT NULL,
  `next_emi_date` date DEFAULT NULL,
  `is_active` tinyint(1) NOT NULL,
  `created_at` datetime(6) NOT NULL,
  `user_id` int NOT NULL,
  PRIMARY KEY (`id`),
  KEY `core_loan_user_id_8fe86854_fk_auth_user_id` (`user_id`),
  CONSTRAINT `core_loan_user_id_8fe86854_fk_auth_user_id` FOREIGN KEY (`user_id`) REFERENCES `auth_user` (`id`)
) ENGINE=InnoDB AUTO_INCREMENT=2 DEFAULT CHARSET=utf8mb4 COLLATE=utf8mb4_0900_ai_ci;
/*!40101 SET character_set_client = @saved_cs_client */;

--
-- Dumping data for table `core_loan`
--

LOCK TABLES `core_loan` WRITE;
/*!40000 ALTER TABLE `core_loan` DISABLE KEYS */;
INSERT INTO `core_loan` VALUES (1,'gAAAAABp1N0NAC9W46AyJe4rOahj-Yk5IAZqEmcKG5Gl4jsMqGvWPp80-EohKHQ881Cfhmrm5wtJzu4XNnGfJ6XQu5KLqjtGhg==','Personal','gAAAAABp1N0Nui8hvG7reL19fdsZZCGqsEYgnLTy5REikgy0sa0RXCjLnzn-FoCXAu393jZvyRRMXrlM65JcKQhyZ1a4XKAZYQ==','2026-04-01','gAAAAABp1N0NBwBdhdLUvw0wkPSfRorgH6YH7BlWBzIfTqjZS-Zwv8YUltHYmAAzBzype2MFphgD-wnpK-z4YnG1XaVrEHYYRw==','Reducing',24,'gAAAAABp1N0NoAiDBoigb0Oan0sc3vYmj79JQOHVr-zt3FyfgsTscQXS1hzZa1cbq4zp6XYhdBGHHHPuyDG7dUfkrnX1oiHKLg==','Fixed','2026-04-20',1,'2026-04-01 09:40:31.094585',4);
/*!40000 ALTER TABLE `core_loan` ENABLE KEYS */;
UNLOCK TABLES;

--
-- Table structure for table `core_loanpayment`
--

DROP TABLE IF EXISTS `core_loanpayment`;
/*!40101 SET @saved_cs_client     = @@character_set_client */;
/*!50503 SET character_set_client = utf8mb4 */;
CREATE TABLE `core_loanpayment` (
  `id` bigint NOT NULL AUTO_INCREMENT,
  `payment_type` varchar(20) NOT NULL,
  `amount` longtext NOT NULL,
  `date` date NOT NULL,
  `principal_component` longtext NOT NULL,
  `interest_component` longtext NOT NULL,
  `created_at` datetime(6) NOT NULL,
  `loan_id` bigint NOT NULL,
  PRIMARY KEY (`id`),
  KEY `core_loanpayment_loan_id_0e63df8a_fk_core_loan_id` (`loan_id`),
  CONSTRAINT `core_loanpayment_loan_id_0e63df8a_fk_core_loan_id` FOREIGN KEY (`loan_id`) REFERENCES `core_loan` (`id`)
) ENGINE=InnoDB DEFAULT CHARSET=utf8mb4 COLLATE=utf8mb4_0900_ai_ci;
/*!40101 SET character_set_client = @saved_cs_client */;

--
-- Dumping data for table `core_loanpayment`
--

LOCK TABLES `core_loanpayment` WRITE;
/*!40000 ALTER TABLE `core_loanpayment` DISABLE KEYS */;
/*!40000 ALTER TABLE `core_loanpayment` ENABLE KEYS */;
UNLOCK TABLES;

--
-- Table structure for table `core_marketticker`
--

DROP TABLE IF EXISTS `core_marketticker`;
/*!40101 SET @saved_cs_client     = @@character_set_client */;
/*!50503 SET character_set_client = utf8mb4 */;
CREATE TABLE `core_marketticker` (
  `id` bigint NOT NULL AUTO_INCREMENT,
  `name` varchar(100) NOT NULL,
  `price` decimal(20,2) NOT NULL,
  `change` decimal(20,2) NOT NULL,
  `updated_at` datetime(6) NOT NULL,
  `percent_change` decimal(20,2) NOT NULL,
  PRIMARY KEY (`id`),
  UNIQUE KEY `name` (`name`)
) ENGINE=InnoDB AUTO_INCREMENT=1498 DEFAULT CHARSET=utf8mb4 COLLATE=utf8mb4_0900_ai_ci;
/*!40101 SET character_set_client = @saved_cs_client */;

--
-- Dumping data for table `core_marketticker`
--

LOCK TABLES `core_marketticker` WRITE;
/*!40000 ALTER TABLE `core_marketticker` DISABLE KEYS */;
INSERT INTO `core_marketticker` VALUES (1338,'SENSEX',78493.54,504.88,'2026-04-18 14:37:06.592732',0.65),(1341,'NIFTY BANK',56565.70,529.30,'2026-04-18 14:37:07.293571',0.94),(1350,'NIFTY IT',31809.85,33.35,'2026-04-18 14:37:07.828046',0.10),(1351,'NIFTY 50',24353.55,165.15,'2026-04-18 14:37:05.965373',0.68),(1432,'ADANIPORTS',1572.40,1.46,'2026-04-18 14:37:05.039628',0.09),(1433,'APOLLOHOSP',7710.00,2.08,'2026-04-18 14:37:05.041479',0.03),(1434,'ASIANPAINT',2471.60,1.28,'2026-04-18 14:37:05.043287',0.05),(1435,'AXISBANK',1364.00,1.07,'2026-04-18 14:37:05.045034',0.08),(1436,'BAJAJ-AUTO',9750.00,-0.76,'2026-04-18 14:37:05.046734',-0.01),(1438,'BAJAJFINSV',1838.00,0.44,'2026-04-18 14:37:05.050164',0.02),(1440,'BHARTIARTL',1847.30,0.36,'2026-04-18 14:37:05.054183',0.02),(1441,'CIPLA',1244.50,1.14,'2026-04-18 14:37:05.056018',0.09),(1443,'DRREDDY',1238.00,1.36,'2026-04-18 14:37:05.059484',0.11),(1444,'EICHERMOT',7172.00,0.57,'2026-04-18 14:37:05.061620',0.01),(1448,'HDFCBANK',800.00,0.57,'2026-04-18 14:37:05.068599',0.07),(1450,'HINDALCO',1039.05,-0.08,'2026-04-18 14:37:05.072981',-0.01),(1451,'HINDUNILVR',2240.00,4.72,'2026-04-18 14:37:05.074857',0.21),(1452,'ICICIBANK',1352.80,0.54,'2026-04-18 14:37:05.076756',0.04),(1453,'ITC',307.00,1.19,'2026-04-18 14:37:05.078544',0.39),(1454,'INFY',1320.00,0.06,'2026-04-18 14:37:05.080317',0.00),(1455,'INDIGO',4634.00,0.55,'2026-04-18 14:37:05.082108',0.01),(1456,'JSWSTEEL',1241.60,2.20,'2026-04-18 14:37:05.083820',0.18),(1457,'JIOFIN',244.80,1.46,'2026-04-18 14:37:05.085535',0.60),(1458,'KOTAKBANK',383.35,1.11,'2026-04-18 14:37:05.088053',0.29),(1459,'LT',4105.00,-0.36,'2026-04-18 14:37:05.090007',-0.01),(1462,'MAXHEALTH',1008.00,1.75,'2026-04-18 14:37:05.095484',0.17),(1463,'NTPC',393.70,0.74,'2026-04-18 14:37:05.097766',0.19),(1465,'ONGC',284.00,0.44,'2026-04-18 14:37:05.101713',0.16),(1467,'RELIANCE',1364.90,1.61,'2026-04-18 14:37:05.106704',0.12),(1468,'SBILIFE',1968.10,-0.33,'2026-04-18 14:37:05.108661',-0.02),(1470,'SBIN',1080.30,1.23,'2026-04-18 14:37:05.112483',0.11),(1471,'SUNPHARMA',1675.50,-1.04,'2026-04-18 14:37:05.114275',-0.06),(1473,'TATACONSUM',1112.10,0.86,'2026-04-18 14:37:05.117808',0.08),(1474,'TMPV',361.00,1.32,'2026-04-18 14:37:05.119717',0.37),(1475,'TATASTEEL',211.82,0.54,'2026-04-18 14:37:05.121999',0.26),(1477,'TITAN',4524.00,1.40,'2026-04-18 14:37:05.125348',0.03),(1481,'HDFCLIFE',616.25,-2.41,'2026-04-18 14:37:05.071071',-0.39),(1482,'TECHM',1512.30,1.43,'2026-04-18 14:37:05.123713',0.09),(1483,'WIPRO',204.30,-2.83,'2026-04-18 14:37:05.130138',-1.37),(1484,'BEL',461.80,1.35,'2026-04-18 14:37:05.051896',0.29),(1485,'COALINDIA',438.60,1.35,'2026-04-18 14:37:05.057754',0.31),(1486,'M&M',3202.00,-0.63,'2026-04-18 14:37:05.091815',-0.02),(1487,'MARUTI',13474.00,1.04,'2026-04-18 14:37:05.093582',0.01),(1488,'TRENT',4097.80,0.36,'2026-04-18 14:37:05.126967',0.01),(1489,'ULTRACEMCO',11867.00,0.35,'2026-04-18 14:37:05.128557',0.00),(1490,'BAJFINANCE',909.00,0.34,'2026-04-18 14:37:05.048437',0.04),(1491,'ETERNAL',252.20,-0.20,'2026-04-18 14:37:05.063475',-0.08),(1492,'GRASIM',2722.50,0.19,'2026-04-18 14:37:05.065349',0.01),(1493,'HCLTECH',1443.00,-0.50,'2026-04-18 14:37:05.067035',-0.03),(1494,'NESTLEIND',1285.10,2.20,'2026-04-18 14:37:05.099772',0.17),(1495,'POWERGRID',318.15,1.89,'2026-04-18 14:37:05.104703',0.60),(1496,'SHRIRAMFIN',1037.00,1.39,'2026-04-18 14:37:05.110591',0.13),(1497,'TCS',2583.60,0.26,'2026-04-18 14:37:05.116065',0.01);
/*!40000 ALTER TABLE `core_marketticker` ENABLE KEYS */;
UNLOCK TABLES;

--
-- Table structure for table `core_mfportfolio`
--

DROP TABLE IF EXISTS `core_mfportfolio`;
/*!40101 SET @saved_cs_client     = @@character_set_client */;
/*!50503 SET character_set_client = utf8mb4 */;
CREATE TABLE `core_mfportfolio` (
  `id` bigint NOT NULL AUTO_INCREMENT,
  `units` decimal(20,4) NOT NULL,
  `avg_nav` decimal(20,4) NOT NULL,
  `user_id` int NOT NULL,
  `fund_id` bigint NOT NULL,
  `realized_profit` decimal(20,2) NOT NULL,
  PRIMARY KEY (`id`),
  UNIQUE KEY `core_mfportfolio_user_id_fund_id_ce275d5c_uniq` (`user_id`,`fund_id`),
  KEY `core_mfportfolio_fund_id_6ca5609b_fk_core_mutualfund_id` (`fund_id`),
  CONSTRAINT `core_mfportfolio_fund_id_6ca5609b_fk_core_mutualfund_id` FOREIGN KEY (`fund_id`) REFERENCES `core_mutualfund` (`id`),
  CONSTRAINT `core_mfportfolio_user_id_303fc874_fk_auth_user_id` FOREIGN KEY (`user_id`) REFERENCES `auth_user` (`id`)
) ENGINE=InnoDB AUTO_INCREMENT=12 DEFAULT CHARSET=utf8mb4 COLLATE=utf8mb4_0900_ai_ci;
/*!40101 SET character_set_client = @saved_cs_client */;

--
-- Dumping data for table `core_mfportfolio`
--

LOCK TABLES `core_mfportfolio` WRITE;
/*!40000 ALTER TABLE `core_mfportfolio` DISABLE KEYS */;
INSERT INTO `core_mfportfolio` VALUES (3,6887.8730,40.7000,4,1,0.00),(4,5948.7230,30.5340,4,10,0.00),(5,2087.5440,221.3240,4,4,0.00),(6,650.1230,405.2300,4,11,0.00),(7,1713.4400,17.4999,4,3,0.00),(8,4070.3810,10.5642,4,6,0.00),(9,4460.2890,18.2080,4,2,0.00),(10,438.7660,150.7490,4,8,0.00),(11,1.0000,86.5200,3,7,0.00);
/*!40000 ALTER TABLE `core_mfportfolio` ENABLE KEYS */;
UNLOCK TABLES;

--
-- Table structure for table `core_mfsip`
--

DROP TABLE IF EXISTS `core_mfsip`;
/*!40101 SET @saved_cs_client     = @@character_set_client */;
/*!50503 SET character_set_client = utf8mb4 */;
CREATE TABLE `core_mfsip` (
  `id` bigint NOT NULL AUTO_INCREMENT,
  `amount` decimal(20,2) NOT NULL,
  `sip_date` int NOT NULL,
  `next_execution_date` date NOT NULL,
  `is_active` tinyint(1) NOT NULL,
  `created_at` datetime(6) NOT NULL,
  `last_executed_at` datetime(6) DEFAULT NULL,
  `fund_id` bigint NOT NULL,
  `user_id` int NOT NULL,
  PRIMARY KEY (`id`),
  KEY `core_mfsip_fund_id_962728e1_fk_core_mutualfund_id` (`fund_id`),
  KEY `core_mfsip_user_id_8b9a5b40_fk_auth_user_id` (`user_id`),
  CONSTRAINT `core_mfsip_fund_id_962728e1_fk_core_mutualfund_id` FOREIGN KEY (`fund_id`) REFERENCES `core_mutualfund` (`id`),
  CONSTRAINT `core_mfsip_user_id_8b9a5b40_fk_auth_user_id` FOREIGN KEY (`user_id`) REFERENCES `auth_user` (`id`)
) ENGINE=InnoDB DEFAULT CHARSET=utf8mb4 COLLATE=utf8mb4_0900_ai_ci;
/*!40101 SET character_set_client = @saved_cs_client */;

--
-- Dumping data for table `core_mfsip`
--

LOCK TABLES `core_mfsip` WRITE;
/*!40000 ALTER TABLE `core_mfsip` DISABLE KEYS */;
/*!40000 ALTER TABLE `core_mfsip` ENABLE KEYS */;
UNLOCK TABLES;

--
-- Table structure for table `core_mftransaction`
--

DROP TABLE IF EXISTS `core_mftransaction`;
/*!40101 SET @saved_cs_client     = @@character_set_client */;
/*!50503 SET character_set_client = utf8mb4 */;
CREATE TABLE `core_mftransaction` (
  `id` bigint NOT NULL AUTO_INCREMENT,
  `transaction_type` varchar(4) NOT NULL,
  `units` decimal(20,4) NOT NULL,
  `price` decimal(20,4) NOT NULL,
  `date` date NOT NULL,
  `created_at` datetime(6) NOT NULL,
  `user_id` int NOT NULL,
  `fund_id` bigint NOT NULL,
  `remaining_units` decimal(20,4) NOT NULL,
  PRIMARY KEY (`id`),
  KEY `core_mftransaction_user_id_1aed609f_fk_auth_user_id` (`user_id`),
  KEY `core_mftransaction_fund_id_dbe49428_fk_core_mutualfund_id` (`fund_id`),
  CONSTRAINT `core_mftransaction_fund_id_dbe49428_fk_core_mutualfund_id` FOREIGN KEY (`fund_id`) REFERENCES `core_mutualfund` (`id`),
  CONSTRAINT `core_mftransaction_user_id_1aed609f_fk_auth_user_id` FOREIGN KEY (`user_id`) REFERENCES `auth_user` (`id`)
) ENGINE=InnoDB AUTO_INCREMENT=20 DEFAULT CHARSET=utf8mb4 COLLATE=utf8mb4_0900_ai_ci;
/*!40101 SET character_set_client = @saved_cs_client */;

--
-- Dumping data for table `core_mftransaction`
--

LOCK TABLES `core_mftransaction` WRITE;
/*!40000 ALTER TABLE `core_mftransaction` DISABLE KEYS */;
INSERT INTO `core_mftransaction` VALUES (1,'BUY',100.0000,100.0000,'2026-03-30','2026-03-30 11:14:23.581901',4,1,0.0000),(2,'BUY',13.4300,372.3000,'2026-03-30','2026-03-30 11:44:43.527143',4,9,0.0000),(3,'SELL',12.4300,395.2800,'2026-03-30','2026-03-30 14:41:08.681414',4,9,0.0000),(4,'BUY',1.0000,372.3000,'2026-03-30','2026-03-30 14:44:55.763093',4,9,1.0000),(5,'SELL',1.0000,395.2800,'2026-03-30','2026-03-30 14:49:37.194458',4,9,0.0000),(6,'BUY',100.0000,35.4400,'2026-03-30','2026-03-30 15:00:10.136873',4,1,0.0000),(7,'BUY',100.0000,1.0000,'2026-03-30','2026-03-30 15:00:36.169210',4,1,0.0000),(8,'SELL',200.0000,41.4400,'2026-03-30','2026-03-30 15:04:32.704425',4,1,0.0000),(9,'BUY',100.0000,1000.0000,'2026-03-31','2026-03-31 00:16:54.619014',4,1,100.0000),(10,'SELL',100.0000,953.5600,'2026-03-31','2026-03-31 00:18:53.694727',4,1,0.0000),(11,'BUY',5948.7230,30.5340,'2026-03-31','2026-03-31 06:25:18.878723',4,10,5948.7230),(12,'BUY',2087.5440,221.3240,'2026-04-01','2026-04-01 11:54:10.086677',4,4,2087.5440),(13,'BUY',650.1230,405.2300,'2026-04-01','2026-04-01 13:36:16.625715',4,11,650.1230),(14,'BUY',1713.4400,17.4999,'2026-04-01','2026-04-01 13:39:16.540645',4,3,1713.4400),(15,'BUY',4070.3810,10.5642,'2026-04-01','2026-04-01 13:41:49.531410',4,6,4070.3810),(16,'BUY',4460.2890,18.2080,'2026-04-01','2026-04-01 13:44:36.008534',4,2,4460.2890),(17,'BUY',6887.8730,40.7000,'2026-04-01','2026-04-01 13:46:51.311261',4,1,6887.8730),(18,'BUY',438.7660,150.7490,'2026-04-07','2026-04-07 04:58:45.451474',4,8,438.7660),(19,'BUY',1.0000,86.5200,'2026-04-07','2026-04-07 10:46:05.444597',3,7,1.0000);
/*!40000 ALTER TABLE `core_mftransaction` ENABLE KEYS */;
UNLOCK TABLES;

--
-- Table structure for table `core_mutualfund`
--

DROP TABLE IF EXISTS `core_mutualfund`;
/*!40101 SET @saved_cs_client     = @@character_set_client */;
/*!50503 SET character_set_client = utf8mb4 */;
CREATE TABLE `core_mutualfund` (
  `id` bigint NOT NULL AUTO_INCREMENT,
  `name` varchar(200) NOT NULL,
  `symbol` varchar(50) NOT NULL,
  `isin` varchar(20) DEFAULT NULL,
  `amc` varchar(100) DEFAULT NULL,
  `nav` decimal(20,4) NOT NULL,
  `last_updated` datetime(6) NOT NULL,
  `prev_nav` decimal(20,4) NOT NULL,
  PRIMARY KEY (`id`),
  UNIQUE KEY `symbol` (`symbol`),
  UNIQUE KEY `isin` (`isin`)
) ENGINE=InnoDB AUTO_INCREMENT=12 DEFAULT CHARSET=utf8mb4 COLLATE=utf8mb4_0900_ai_ci;
/*!40101 SET character_set_client = @saved_cs_client */;

--
-- Dumping data for table `core_mutualfund`
--

LOCK TABLES `core_mutualfund` WRITE;
/*!40000 ALTER TABLE `core_mutualfund` DISABLE KEYS */;
INSERT INTO `core_mutualfund` VALUES (1,'HDFC Balanced Advantage Fund - Direct Plan (D)','MUTF_IN:HDFC_BALA_ADV_1VFYMPU',NULL,NULL,43.7800,'2026-04-18 14:31:01.276961',43.7800),(2,'HDFC NIFTY Smallcap 250 Index Fund - Direct - Growth','MUTF_IN:HDFC_NIFT_SMAL_1BRSAFW',NULL,NULL,17.8900,'2026-04-18 14:31:00.638032',17.8900),(3,'Midcap 150 Index Fund ICICI Nifty','MUTF_IN:ICIC_PRU_NIFT_1OWCP4Z',NULL,NULL,19.6900,'2026-04-18 14:31:00.684091',19.6900),(4,'Nifty Index Fund SBI  Direct Growth','MUTF_IN:SBI_NIFT_INDE_1U4UMFS',NULL,NULL,226.2500,'2026-04-18 14:31:00.827091',226.2500),(5,'Nippon India Growth Fund','MUTF_IN:NIPP_INDI_GROW_1MPWZCQ',NULL,NULL,4775.8300,'2026-04-18 14:31:00.931868',4775.8300),(6,'Nasdaq 100 index fund ICICI Prudential','MUTF_IN:ICIC_PRU_NASD_1K1H35W',NULL,NULL,21.3900,'2026-04-18 14:31:00.982485',21.3900),(7,'Parag Parikh Flexi Cap Direct Growth','MUTF_IN:PARA_PARI_FLEX_17J17OL',NULL,NULL,91.4400,'2026-04-18 14:31:01.025829',91.4400),(8,'Canara Robeco Equity Taxsaver Direct Plan Growth Option','MUTF_IN:CANA_ROBE_ELSS_X5SGZY',NULL,NULL,196.3700,'2026-04-18 14:31:01.072378',196.3700),(9,'SBI Contrafund','MUTF_IN:SBI_CONT_DIR_1RU9ENP',NULL,NULL,408.3400,'2026-04-18 14:31:01.109202',408.3400),(10,'Kotak Pioneer Fund Direct Growth','MUTF_IN:KOTA_PION_DIR_ISHKC8',NULL,NULL,34.7200,'2026-04-18 14:31:01.184202',34.7200),(11,'ICICI Prudential Equity & Debt Fund - Direct Plan (G)','MUTF_IN:ICIC_PRU_EQUI_1QZF38U',NULL,NULL,450.0700,'2026-04-18 14:31:01.225877',450.0700);
/*!40000 ALTER TABLE `core_mutualfund` ENABLE KEYS */;
UNLOCK TABLES;

--
-- Table structure for table `core_npsfund`
--

DROP TABLE IF EXISTS `core_npsfund`;
/*!40101 SET @saved_cs_client     = @@character_set_client */;
/*!50503 SET character_set_client = utf8mb4 */;
CREATE TABLE `core_npsfund` (
  `id` bigint NOT NULL AUTO_INCREMENT,
  `name` varchar(200) NOT NULL,
  `nav` decimal(20,4) NOT NULL,
  `prev_nav` decimal(20,4) NOT NULL,
  `last_updated` datetime(6) NOT NULL,
  PRIMARY KEY (`id`),
  UNIQUE KEY `name` (`name`)
) ENGINE=InnoDB AUTO_INCREMENT=274 DEFAULT CHARSET=utf8mb4 COLLATE=utf8mb4_0900_ai_ci;
/*!40101 SET character_set_client = @saved_cs_client */;

--
-- Dumping data for table `core_npsfund`
--

LOCK TABLES `core_npsfund` WRITE;
/*!40000 ALTER TABLE `core_npsfund` DISABLE KEYS */;
INSERT INTO `core_npsfund` VALUES (1,'SBI SCHEME - CENTRAL GOVT',49.6000,49.6000,'2026-04-18 14:31:03.598064'),(2,'SBI SCHEME - STATE GOVT',42.6800,42.6800,'2026-04-18 14:31:03.662498'),(3,'SBI SCHEME E - TIER I',56.7200,56.7200,'2026-04-18 14:31:03.700669'),(4,'SBI SCHEME C - TIER I',45.5700,45.5700,'2026-04-18 14:31:03.742185'),(5,'SBI SCHEME E - TIER II',52.3900,52.3900,'2026-04-18 14:31:03.784010'),(6,'SBI - NPS LITE SCHEME - GOVT. PATTERN',40.3500,40.3500,'2026-04-18 14:31:03.861293'),(7,'SBI SCHEME - CORPORATE-CG',31.6500,31.6500,'2026-04-18 14:31:03.955447'),(8,'SBI Scheme-APY Fund Scheme',12.5100,12.5100,'2026-04-18 14:31:03.992140'),(9,'SBI SCHEME G - TIER I',41.0800,41.0800,'2026-04-18 14:31:04.034927'),(10,'SBI SCHEME C - TIER II',40.6500,40.6500,'2026-04-18 14:31:04.086992'),(11,'SBI SCHEME G - TIER II',39.5100,39.5100,'2026-04-18 14:31:04.142566'),(12,'SBI SCHEME - ATAL PENSION YOJANA (APY)',24.1400,24.1400,'2026-04-18 14:31:04.186201'),(13,'SBI SCHEME A - TIER I',10.0000,10.0000,'2026-04-18 14:31:04.243299'),(14,'SBI SCHEME A - TIER II',10.0000,10.0000,'2026-04-18 14:31:04.284935'),(15,'SBI SCHEME TAX SAVER TIER II',14.0100,14.0100,'2026-04-18 14:31:04.351676'),(16,'SBI SCHEME - NPS TIER - II COMPOSITE SCHEME',11.1200,11.1200,'2026-04-18 14:31:04.386683'),(17,'UTI SCHEME- CENTRAL GOVT',48.4300,48.4300,'2026-04-18 14:31:04.494542'),(18,'UTI SCHEME- STATE GOVT',43.1100,43.1100,'2026-04-18 14:31:04.561527'),(19,'UTI SCHEME E - TIER I',71.5000,71.5000,'2026-04-18 14:31:04.603209'),(20,'UTI SCHEME C - TIER I',40.3300,40.3300,'2026-04-18 14:31:04.676746'),(21,'UTI SCHEME E - TIER II',57.1300,57.1300,'2026-04-18 14:31:04.726569'),(22,'UTI - NPS LITE SCHEME - GOVT. PATTERN',39.9700,39.9700,'2026-04-18 14:31:04.781662'),(23,'UTI SCHEME - CORPORATE CG',10.0000,10.0000,'2026-04-18 14:31:04.853228'),(24,'UTI SCHEME - APY FUND SCHEME',12.8000,12.8000,'2026-04-18 14:31:04.936441'),(25,'UTI SCHEME G - TIER I',36.7300,36.7300,'2026-04-18 14:31:04.994849'),(26,'UTI SCHEME C - TIER II',38.3700,38.3700,'2026-04-18 14:31:05.036470'),(27,'UTI SCHEME G - TIER II',37.7800,37.7800,'2026-04-18 14:31:05.078140'),(28,'UTI . SCHEME - ATAL PENSION YOJANA (APY)',24.7600,24.7600,'2026-04-18 14:31:05.128205'),(29,'UTI SCHEME A - TIER I',10.0000,10.0000,'2026-04-18 14:31:05.169758'),(30,'UTI SCHEME A - TIER II',10.0000,10.0000,'2026-04-18 14:31:05.228175'),(31,'UTI SCHEME TAX SAVER TIER II',14.2900,14.2900,'2026-04-18 14:31:05.286602'),(32,'UTI SCHEME - NPS TIER- II COMPOSITE',11.2200,11.2200,'2026-04-18 14:31:05.336539'),(33,'LIC SCHEME - CENTRAL GOVT',48.6400,48.6400,'2026-04-18 14:31:05.378210'),(34,'LIC SCHEME - STATE GOVT',43.2800,43.2800,'2026-04-18 14:31:05.436326'),(35,'LIC - NPS LITE SCHEME - GOVT. PATTERN',40.1700,40.1700,'2026-04-18 14:31:05.478157'),(36,'LIC SCHEME - CORPORATE-CG',32.0000,32.0000,'2026-04-18 14:31:05.519822'),(37,'LIC SCHEME C - TIER I',29.1700,29.1700,'2026-04-18 14:31:05.561479'),(38,'LIC SCHEME C - TIER II',27.6900,27.6900,'2026-04-18 14:31:05.635153'),(39,'LIC SCHEME G - TIER II',31.3300,31.3300,'2026-04-18 14:31:05.686484'),(40,'LIC Scheme-APY Fund Scheme',12.7700,12.7700,'2026-04-18 14:31:05.728104'),(41,'LIC SCHEME E - TIER I',45.1700,45.1700,'2026-04-18 14:31:05.786487'),(42,'LIC SCHEME G - TIER I',30.7000,30.7000,'2026-04-18 14:31:05.876508'),(43,'LIC SCHEME E - TIER II',37.5800,37.5800,'2026-04-18 14:31:05.997603'),(44,'LIC SCHEME - ATAL PENSION YOJANA (APY)',24.8000,24.8000,'2026-04-18 14:31:06.042575'),(45,'LIC SCHEME A - TIER I',10.0000,10.0000,'2026-04-18 14:31:06.095558'),(46,'LIC SCHEME A - TIER II',10.0000,10.0000,'2026-04-18 14:31:06.176401'),(47,'LIC SCHEME TAX SAVER TIER II',15.0100,15.0100,'2026-04-18 14:31:06.226489'),(48,'LIC SCHEME - NPS TIER - II COMPOSITE SCHEME',11.0500,11.0500,'2026-04-18 14:31:06.278262'),(49,'KOTAK SCHEME C - TIER II',37.7400,37.7400,'2026-04-18 14:31:06.319727'),(50,'KOTAK MAHINDRA - NPS LITE SCHEME - GOVT. PATTERN',34.8900,34.8900,'2026-04-18 14:31:06.392109'),(51,'KOTAK SCHEME A - TIER I',10.0000,10.0000,'2026-04-18 14:31:06.433815'),(52,'KOTAK SCHEME E - TIER I',67.8900,67.8900,'2026-04-18 14:31:06.492126'),(53,'KOTAK SCHEME C - TIER I',43.5700,43.5700,'2026-04-18 14:31:06.536477'),(54,'KOTAK SCHEME G - TIER I',37.3200,37.3200,'2026-04-18 14:31:06.576586'),(55,'KOTAK SCHEME E - TIER II',59.5800,59.5800,'2026-04-18 14:31:06.619672'),(56,'KOTAK SCHEME G - TIER II',34.5300,34.5300,'2026-04-18 14:31:06.683142'),(57,'KOTAK SCHEME A - TIER II',10.0000,10.0000,'2026-04-18 14:31:06.718127'),(58,'KOTAK MAHINDRA SCHEME TAX SAVER TIER II',14.9800,14.9800,'2026-04-18 14:31:06.758949'),(59,'ICICI PRUDENTIAL SCHEME C - TIER II',42.0000,42.0000,'2026-04-18 14:31:06.811161'),(60,'ICICI PRUDENTIAL MANAGEMENT - NPS LITE SCHEME - GOVT. PATTERN',10.0000,10.0000,'2026-04-18 14:31:06.867581'),(61,'ICICI PRUDENTIAL SCHEME A - TIER I',10.0000,10.0000,'2026-04-18 14:31:06.945096'),(62,'ICICI PRUDENTIAL SCHEME E - TIER I',74.0300,74.0300,'2026-04-18 14:31:06.999199'),(63,'ICICI PRUDENTIAL SCHEME C - TIER I',45.3800,45.3800,'2026-04-18 14:31:07.036234'),(64,'ICICI PRUDENTIAL SCHEME G - TIER I',37.8500,37.8500,'2026-04-18 14:31:07.075798'),(65,'ICICI PRUDENTIAL SCHEME E - TIER II',58.4900,58.4900,'2026-04-18 14:31:07.126642'),(66,'ICICI PRUDENTIAL SCHEME G - TIER II',36.4600,36.4600,'2026-04-18 14:31:07.180223'),(67,'ICICI PRUDENTIAL SCHEME A - TIER II',10.0000,10.0000,'2026-04-18 14:31:07.238913'),(68,'ICICI PRUDENTIAL SCHEME TAX SAVER TIER II',14.8600,14.8600,'2026-04-18 14:31:07.293417'),(69,'HDFC SCHEME C - TIER II',28.0900,28.0900,'2026-04-18 14:31:07.342281'),(70,'HDFC SCHEME - NPS LITE SCHEME - GOVT. PATTERN',10.0000,10.0000,'2026-04-18 14:31:07.392260'),(71,'HDFC SCHEME A - TIER I',10.0000,10.0000,'2026-04-18 14:31:07.443493'),(72,'HDFC SCHEME E - TIER I',54.2500,54.2500,'2026-04-18 14:31:07.505032'),(73,'HDFC SCHEME C - TIER I',30.1500,30.1500,'2026-04-18 14:31:07.570013'),(74,'HDFC SCHEME G - TIER I',28.1500,28.1500,'2026-04-18 14:31:07.643263'),(75,'HDFC SCHEME E - TIER II',46.8600,46.8600,'2026-04-18 14:31:07.710091'),(76,'HDFC SCHEME G - TIER II',28.7000,28.7000,'2026-04-18 14:31:07.750599'),(77,'HDFC SCHEME A - TIER II',10.0000,10.0000,'2026-04-18 14:31:07.792174'),(78,'HDFC SCHEME TAX SAVER TIER II',14.4500,14.4500,'2026-04-18 14:31:07.858102'),(79,'ADITYA BIRLA SUNLIFE SCHEME E - TIER I',28.6000,28.6000,'2026-04-18 14:31:07.948185'),(80,'ADITYA BIRLA SUNLIFE SCHEME C - TIER I',20.1400,20.1400,'2026-04-18 14:31:07.992232'),(81,'ADITYA BIRLA SUNLIFE SCHEME G - TIER I',19.1100,19.1100,'2026-04-18 14:31:08.036499'),(82,'ADITYA BIRLA SUNLIFE SCHEME A - TIER I',10.0000,10.0000,'2026-04-18 14:31:08.086297'),(83,'ADITYA BIRLA SUNLIFE SCHEME C - TIER II',19.3400,19.3400,'2026-04-18 14:31:08.142463'),(84,'ADITYA BIRLA SUN LIFE SCHEME TAX SAVER TIER II',14.9500,14.9500,'2026-04-18 14:31:08.194872'),(85,'ADITYA BIRLA SUNLIFE SCHEME E - TIER II',28.9900,28.9900,'2026-04-18 14:31:08.237060'),(86,'ADITYA BIRLA SUNLIFE SCHEME G - TIER II',18.3700,18.3700,'2026-04-18 14:31:08.295104'),(87,'ADITYA BIRLA SUNLIFE SCHEME A - TIER II',10.0000,10.0000,'2026-04-18 14:31:08.393589'),(88,'TATA PENSION SCHEME E - TIER II',15.9500,15.9500,'2026-04-18 14:31:08.434523'),(89,'TATA PENSION SCHEME G - TIER II',12.7900,12.7900,'2026-04-18 14:31:08.476180'),(90,'TATA PENSION TAX SAVER - TIER II',13.0400,13.0400,'2026-04-18 14:31:08.536488'),(91,'TATA PENSION SCHEME E - TIER I',16.0600,16.0600,'2026-04-18 14:31:08.594752'),(92,'TATA PENSION SCHEME C - TIER I',12.9200,12.9200,'2026-04-18 14:31:08.662507'),(93,'TATA PENSION SCHEME G - TIER I',12.7200,12.7200,'2026-04-18 14:31:08.702681'),(94,'TATA PENSION SCHEME A - TIER I',10.0000,10.0000,'2026-04-18 14:31:08.744710'),(95,'TATA PENSION SCHEME C - TIER II',12.9500,12.9500,'2026-04-18 14:31:08.819042'),(96,'MAX LIFE SCHEME E - TIER II',14.2200,14.2200,'2026-04-18 14:31:08.894837'),(97,'MAX LIFE SCHEME G - TIER II',12.3900,12.3900,'2026-04-18 14:31:08.980207'),(98,'MAX LIFE TAX SAVER TIER II',12.2000,12.2000,'2026-04-18 14:31:09.070808'),(99,'MAX LIFE SCHEME E - TIER I',13.5500,13.5500,'2026-04-18 14:31:09.108989'),(100,'MAX LIFE SCHEME C - TIER I',12.2700,12.2700,'2026-04-18 14:31:09.150409'),(101,'MAX LIFE SCHEME G - TIER I',12.7600,12.7600,'2026-04-18 14:31:09.194780'),(102,'MAX LIFE SCHEME A - TIER I',10.2200,10.2200,'2026-04-18 14:31:09.244626'),(103,'MAX LIFE SCHEME C - TIER II',12.4000,12.4000,'2026-04-18 14:31:09.284144'),(104,'AXIS SCHEME E - TIER II',14.6700,14.6700,'2026-04-18 14:31:09.327994'),(105,'AXIS SCHEME G - TIER II',12.5600,12.5600,'2026-04-18 14:31:09.402866'),(106,'AXIS SCHEME TAX SAVER - TIER II',11.8700,11.8700,'2026-04-18 14:31:09.459697'),(107,'AXIS SCHEME E - TIER I',14.3100,14.3100,'2026-04-18 14:31:09.501352'),(108,'AXIS SCHEME C - TIER I',12.9100,12.9100,'2026-04-18 14:31:09.542057'),(109,'AXIS SCHEME G - TIER I',12.6400,12.6400,'2026-04-18 14:31:09.583770'),(110,'AXIS SCHEME A - TIER I',10.0000,10.0000,'2026-04-18 14:31:09.625576'),(111,'AXIS SCHEME C - TIER II',12.7000,12.7000,'2026-04-18 14:31:09.675380'),(112,'DSP SCHEME E - TIER II',10.9300,10.9300,'2026-04-02 02:12:10.751414'),(113,'DSP SCHEME G - TIER II',11.4500,11.4500,'2026-04-02 02:12:10.818954'),(114,'DSP SCHEME TAX SAVER - TIER II',11.4800,11.4800,'2026-04-18 14:31:09.819730'),(115,'DSP SCHEME E - TIER I',11.3000,11.3000,'2026-04-02 02:12:10.934935'),(116,'DSP SCHEME C - TIER I',11.8200,11.8200,'2026-04-02 02:12:11.024870'),(117,'DSP SCHEME G - TIER I',11.3500,11.3500,'2026-04-02 02:12:11.076572'),(118,'DSP SCHEME A - TIER I',10.0000,10.0000,'2026-04-18 14:31:10.044291'),(119,'DSP SCHEME C - TIER II',12.0000,12.0000,'2026-04-02 02:12:11.176567'),(120,'SBI - UPS CG SCHEME',10.4300,10.4300,'2026-04-18 14:31:10.145027'),(121,'UTI SCHEME - UPS CG SCHEME',10.3500,10.3500,'2026-04-18 14:31:10.204028'),(122,'LIC - UPS CG SCHEME',10.1800,10.1800,'2026-04-18 14:31:10.286324'),(123,'SBI - UPS POOL CG SCHEME',10.2700,10.2700,'2026-04-18 14:31:10.365160'),(124,'SBI NPS JEEVAN SWARNA RETIREMENT YOJANA - LIFE’S GOLDEN PLAN - TIER I',9.9600,9.9600,'2026-04-18 14:31:10.408744'),(125,'SBI NPS AKSHAY DHARA RETIREMENT YOJANA-HAPPY RETIREMENT PLAN',10.0700,10.0700,'2026-04-18 14:31:10.458698'),(126,'UTI SCHEME - UPS POOL CG SCHEME',10.3900,10.3900,'2026-04-18 14:31:10.508603'),(127,'UTI PF WEALTH BUILDER NPS EQUITY SCHEME - TIER I',9.9200,9.9200,'2026-04-18 14:31:10.551051'),(128,'UTI PF WEALTH BUILDER NPS EQUITY SCHEME - TIER II',10.1800,10.1800,'2026-04-18 14:31:10.592236'),(129,'UTI PF DYNAMIC ASSET ALLOCATOR NPS SCHEME - TIER I',10.1300,10.1300,'2026-04-18 14:31:10.643295'),(130,'UTI PF DYNAMIC ASSET ALLOCATOR NPS SCHEME TIER II',10.1800,10.1800,'2026-04-18 14:31:10.701225'),(131,'LIC - UPS POOL CG SCHEME',10.2400,10.2400,'2026-04-18 14:31:10.753096'),(132,'LIC PFL NPS SMART BALANCE - TIER I',9.7100,9.7100,'2026-04-18 14:31:10.806884'),(133,'KOTAK NPS KUBER EQUITY FUND - TIER I',9.6800,9.6800,'2026-04-18 14:31:10.843502'),(134,'ICICI NPS MY FAMILY MY FUTURE (INMFMF) - TIER I',9.8900,9.8900,'2026-04-18 14:31:10.898840'),(135,'ICICI PF NPS DYNAMIC REALLOCATION ENHANCED ACCUMULATION MODEL PLAN (ICICI \nNPS DREAM) - TIER I',9.7300,9.7300,'2026-04-18 14:31:10.967406'),(136,'HDFC PF NPS SURAKSHIT INCOME FUND - TIER I',9.7800,9.7800,'2026-04-18 14:31:11.051024'),(137,'HDFC PF NPS SURAKSHIT INCOME FUND - TIER II',10.0300,10.0300,'2026-04-18 14:31:11.083679'),(138,'HDFC PF NPS EQUITY ADVANTAGE FUND - TIER I',9.7400,9.7400,'2026-04-18 14:31:11.127884'),(139,'ABSLPF SECURE RETIREMENT EQUITY FUND - NPS - TIER I',10.2000,10.2000,'2026-04-18 14:31:11.169755'),(140,'ABSLPF SECURE FUTURE FUND - NPS - TIER I',10.2600,10.2600,'2026-04-18 14:31:11.290964'),(141,'TATA NPS SMART RETIREMENT FUND - TIER I',9.7200,9.7200,'2026-04-18 14:31:11.390823'),(142,'AXIS NPS GOLDEN YEARS FUND - GROWTH - TIER I',9.6000,9.6000,'2026-04-18 14:31:11.484830'),(143,'DSP NPS LONG TERM EQUITY FUND - TIER I',9.3700,9.3700,'2026-04-18 14:31:11.551285'),(144,'LIC PFL NPS GROWTH PLUS - TIER I',9.6500,9.6500,'2026-04-18 14:31:11.643129'),(145,'SBI - NPS VATSALYA SCHEME',9.2800,9.2800,'2026-04-02 02:12:12.709893'),(146,'UTI - NPS VATSALYA SCHEME',9.2300,9.2300,'2026-04-02 02:12:12.785071'),(147,'LIC - NPS VATSALYA SCHEME',9.4500,9.4500,'2026-04-02 02:12:12.835005'),(148,'KOTAK MAHINDRA - NPS VATSALYA SCHEME',9.0100,9.0100,'2026-04-02 02:12:12.901604'),(149,'ICICI PRUDENTIAL - NPS VATSALYA SCHEME',9.2600,9.2600,'2026-04-02 02:12:12.974842'),(150,'HDFC - NPS VATSALYA SCHEME',9.4100,9.4100,'2026-04-02 02:12:13.026704'),(151,'ADITYA BIRLA SUNLIFE - NPS VATSALYA SCHEME',9.1200,9.1200,'2026-04-02 02:12:13.093271'),(152,'TATA - NPS VATSALYA SCHEME',9.3300,9.3300,'2026-04-02 02:12:13.131252'),(153,'AXIS - NPS VATSALYA SCHEME',9.0600,9.0600,'2026-04-02 02:12:13.163824'),(154,'DSP - NPS VATSALYA SCHEME',8.8800,8.8800,'2026-04-02 02:12:13.209901'),(155,'DSP SCHEME E - TIER II POP',11.8900,11.8900,'2026-04-18 14:31:09.719754'),(156,'DSP SCHEME G - TIER II POP',11.6300,11.6300,'2026-04-18 14:31:09.776031'),(157,'DSP SCHEME E - TIER I POP',12.2700,12.2700,'2026-04-18 14:31:09.880766'),(158,'DSP SCHEME C - TIER I POP',11.8800,11.8800,'2026-04-18 14:31:09.928313'),(159,'DSP SCHEME G - TIER I POP',11.5900,11.5900,'2026-04-18 14:31:10.007329'),(160,'DSP SCHEME C - TIER II POP',12.0800,12.0800,'2026-04-18 14:31:10.103262'),(161,'SBI - NPS VATSALYA SCHEME DIRECT',9.9500,9.9500,'2026-04-18 14:31:11.705865'),(162,'UTI - NPS VATSALYA SCHEME DIRECT',9.8100,9.8100,'2026-04-18 14:31:11.765341'),(163,'LIC - NPS VATSALYA SCHEME DIRECT',10.0200,10.0200,'2026-04-18 14:31:11.803110'),(164,'KOTAK MAHINDRA - NPS VATSALYA SCHEME DIRECT',9.6500,9.6500,'2026-04-18 14:31:11.873855'),(165,'ICICI PRUDENTIAL - NPS VATSALYA SCHEME DIRECT',9.9200,9.9200,'2026-04-18 14:31:11.936214'),(166,'HDFC - NPS VATSALYA SCHEME DIRECT',9.9200,9.9200,'2026-04-18 14:31:12.035467'),(167,'ADITYA BIRLA SUNLIFE - NPS VATSALYA SCHEME DIRECT',9.8100,9.8100,'2026-04-18 14:31:12.068399'),(168,'TATA - NPS VATSALYA SCHEME DIRECT',9.9900,9.9900,'2026-04-18 14:31:12.108809'),(169,'AXIS - NPS VATSALYA SCHEME DIRECT',9.6800,9.6800,'2026-04-18 14:31:12.150456'),(170,'DSP - NPS VATSALYA SCHEME DIRECT',9.5000,9.5000,'2026-04-18 14:31:12.227867'),(171,'SBI SCHEME E - TIER I GS',56.7600,56.7600,'2026-04-18 14:31:12.308268'),(172,'SBI SCHEME E - TIER I DIRECT',56.7600,56.7600,'2026-04-18 14:31:12.350361'),(173,'SBI SCHEME C - TIER I GS',45.6100,45.6100,'2026-04-18 14:31:12.417602'),(174,'SBI SCHEME C - TIER I DIRECT',45.6100,45.6100,'2026-04-18 14:31:12.450336'),(175,'SBI SCHEME G - TIER I GS',41.1100,41.1100,'2026-04-18 14:31:12.509916'),(176,'SBI SCHEME G - TIER I DIRECT',41.1100,41.1100,'2026-04-18 14:31:12.561907'),(177,'SBI SCHEME E - TIER II DIRECT',52.4300,52.4300,'2026-04-18 14:31:12.617141'),(178,'SBI SCHEME C - TIER II DIRECT',40.6800,40.6800,'2026-04-18 14:31:12.658663'),(179,'SBI SCHEME G - TIER II DIRECT',39.5300,39.5300,'2026-04-18 14:31:12.715564'),(180,'SBI - NPS LITE SCHEME - GOVT. PATTERN DIRECT',40.3800,40.3800,'2026-04-18 14:31:12.750491'),(181,'SBI - NPS VATSALYA SCHEME POP',9.9400,9.9400,'2026-04-18 14:31:12.791991'),(182,'UTI SCHEME E - TIER I GS',71.5500,71.5500,'2026-04-18 14:31:12.841993'),(183,'UTI SCHEME C - TIER I GS',40.3600,40.3600,'2026-04-18 14:31:12.893000'),(184,'UTI SCHEME G - TIER I GS',36.7500,36.7500,'2026-04-18 14:31:13.001251'),(185,'UTI SCHEME E - TIER I DIRECT',71.5500,71.5500,'2026-04-18 14:31:13.097043'),(186,'UTI SCHEME C - TIER I DIRECT',40.3600,40.3600,'2026-04-18 14:31:13.141924'),(187,'UTI SCHEME G - TIER I DIRECT',36.7500,36.7500,'2026-04-18 14:31:13.183767'),(188,'UTI SCHEME E - TIER II DIRECT',57.1700,57.1700,'2026-04-18 14:31:13.226800'),(189,'UTI SCHEME C - TIER II DIRECT',38.3900,38.3900,'2026-04-18 14:31:13.277833'),(190,'UTI SCHEME G - TIER II DIRECT',37.8000,37.8000,'2026-04-18 14:31:13.319688'),(191,'UTI - NPS VATSALYA SCHEME POP',9.8000,9.8000,'2026-04-18 14:31:13.369713'),(192,'UTI - NPS LITE SCHEME GOVT. PATTERN DIRECT',40.0000,40.0000,'2026-04-18 14:31:13.422744'),(193,'LIC SCHEME E - TIER I GS',45.2100,45.2100,'2026-04-18 14:31:13.477915'),(194,'LIC SCHEME C - TIER I GS',29.1900,29.1900,'2026-04-18 14:31:13.519720'),(195,'LIC SCHEME G - TIER I GS',30.7200,30.7200,'2026-04-18 14:31:13.561298'),(196,'LIC SCHEME E - TIER I DIRECT',45.2100,45.2100,'2026-04-18 14:31:13.621572'),(197,'LIC SCHEME C - TIER I DIRECT',29.1900,29.1900,'2026-04-18 14:31:13.675484'),(198,'LIC SCHEME G - TIER I DIRECT',30.7200,30.7200,'2026-04-18 14:31:13.718293'),(199,'LIC SCHEME E - TIER II DIRECT',37.6100,37.6100,'2026-04-18 14:31:13.773905'),(200,'LIC SCHEME C - TIER II DIRECT',27.7100,27.7100,'2026-04-18 14:31:13.808988'),(201,'LIC SCHEME G - TIER II DIRECT',31.3500,31.3500,'2026-04-18 14:31:13.851786'),(202,'LIC - NPS VATSALYA SCHEME POP',10.0200,10.0200,'2026-04-18 14:31:13.918727'),(203,'LIC - NPS LITE SCHEME - GOVT. PATTERN DIRECT',40.2000,40.2000,'2026-04-18 14:31:14.014618'),(204,'KOTAK SCHEME E - TIER I GS',67.9400,67.9400,'2026-04-18 14:31:14.058623'),(205,'KOTAK SCHEME C - TIER I GS',43.6000,43.6000,'2026-04-18 14:31:14.102327'),(206,'KOTAK SCHEME G - TIER I GS',37.3500,37.3500,'2026-04-18 14:31:14.152979'),(207,'KOTAK SCHEME E - TIER I DIRECT',67.9400,67.9400,'2026-04-18 14:31:14.192071'),(208,'KOTAK SCHEME C - TIER I DIRECT',43.6000,43.6000,'2026-04-18 14:31:14.233780'),(209,'KOTAK SCHEME G - TIER I DIRECT',37.3500,37.3500,'2026-04-18 14:31:14.277515'),(210,'KOTAK SCHEME E - TIER II DIRECT',59.6200,59.6200,'2026-04-18 14:31:14.426549'),(211,'KOTAK SCHEME C - TIER II DIRECT',37.7700,37.7700,'2026-04-18 14:31:14.477693'),(212,'KOTAK SCHEME G - TIER II DIRECT',34.5500,34.5500,'2026-04-18 14:31:14.584396'),(213,'KOTAK MAHINDRA - NPS VATSALYA SCHEME POP',9.6500,9.6500,'2026-04-18 14:31:14.667194'),(214,'ICICI PRUDENTIAL SCHEME E - TIER I GS',74.0800,74.0800,'2026-04-18 14:31:14.708573'),(215,'ICICI PRUDENTIAL SCHEME C - TIER I GS',45.4100,45.4100,'2026-04-18 14:31:14.750259'),(216,'ICICI PRUDENTIAL SCHEME G - TIER I GS',37.8800,37.8800,'2026-04-18 14:31:14.793979'),(217,'ICICI PRUDENTIAL SCHEME E - TIER I DIRECT',74.0800,74.0800,'2026-04-18 14:31:14.858867'),(218,'ICICI PRUDENTIAL SCHEME C - TIER I DIRECT',45.4100,45.4100,'2026-04-18 14:31:14.925426'),(219,'ICICI PRUDENTIAL SCHEME G - TIER I DIRECT',37.8800,37.8800,'2026-04-18 14:31:14.983665'),(220,'ICICI PRUDENTIAL SCHEME E - TIER II DIRECT',58.5300,58.5300,'2026-04-18 14:31:15.025265'),(221,'ICICI PRUDENTIAL SCHEME C - TIER II DIRECT',42.0300,42.0300,'2026-04-18 14:31:15.092514'),(222,'ICICI PRUDENTIAL SCHEME G - TIER II DIRECT',36.4800,36.4800,'2026-04-18 14:31:15.169793'),(223,'ICICI PRUDENTIAL - NPS VATSALYA SCHEME POP',9.9100,9.9100,'2026-04-18 14:31:15.200142'),(224,'HDFC SCHEME E - TIER I GS',54.2900,54.2900,'2026-04-18 14:31:15.241981'),(225,'HDFC SCHEME C - TIER I GS',30.1700,30.1700,'2026-04-18 14:31:15.286092'),(226,'HDFC SCHEME G - TIER I GS',28.1700,28.1700,'2026-04-18 14:31:15.359957'),(227,'HDFC SCHEME E - TIER I DIRECT',54.2800,54.2800,'2026-04-18 14:31:15.409236'),(228,'HDFC SCHEME C - TIER I DIRECT',30.1700,30.1700,'2026-04-18 14:31:15.450516'),(229,'HDFC SCHEME G - TIER I DIRECT',28.1700,28.1700,'2026-04-18 14:31:15.503008'),(230,'HDFC SCHEME E - TIER II DIRECT',46.8900,46.8900,'2026-04-18 14:31:15.562055'),(231,'HDFC SCHEME C - TIER II DIRECT',28.1100,28.1100,'2026-04-18 14:31:15.606782'),(232,'HDFC SCHEME G - TIER II DIRECT',28.7200,28.7200,'2026-04-18 14:31:15.692755'),(233,'HDFC - NPS VATSALYA SCHEME POP',9.9100,9.9100,'2026-04-18 14:31:15.808128'),(234,'ADITYA BIRLA SUNLIFE SCHEME E - TIER I GS',28.6200,28.6200,'2026-04-18 14:31:15.883729'),(235,'ADITYA BIRLA SUNLIFE SCHEME C - TIER I GS',20.1600,20.1600,'2026-04-18 14:31:15.950242'),(236,'ADITYA BIRLA SUNLIFE SCHEME G - TIER I GS',19.1300,19.1300,'2026-04-18 14:31:16.051405'),(237,'ADITYA BIRLA SUNLIFE SCHEME E - TIER I DIRECT',28.6200,28.6200,'2026-04-18 14:31:16.108444'),(238,'ADITYA BIRLA SUNLIFE SCHEME C - TIER I DIRECT',20.1600,20.1600,'2026-04-18 14:31:16.150460'),(239,'ADITYA BIRLA SUNLIFE SCHEME G - TIER I DIRECT',19.1300,19.1300,'2026-04-18 14:31:16.194095'),(240,'ADITYA BIRLA SUNLIFE SCHEME E - TIER II DIRECT',29.0100,29.0100,'2026-04-18 14:31:16.236125'),(241,'ADITYA BIRLA SUNLIFE SCHEME C - TIER II DIRECT',19.3600,19.3600,'2026-04-18 14:31:16.310849'),(242,'ADITYA BIRLA SUNLIFE SCHEME G - TIER II DIRECT',18.3900,18.3900,'2026-04-18 14:31:16.427090'),(243,'ADITYA BIRLA SUNLIFE - NPS VATSALYA SCHEME POP',9.8000,9.8000,'2026-04-18 14:31:16.466898'),(244,'TATA MANAGEMENT SCHEME E - TIER I GS',16.0700,16.0700,'2026-04-18 14:31:16.508688'),(245,'TATA MANAGEMENT SCHEME E - TIER I DIRECT',16.0700,16.0700,'2026-04-18 14:31:16.565312'),(246,'TATA MANAGEMENT SCHEME C - TIER I GS',12.9300,12.9300,'2026-04-18 14:31:16.608667'),(247,'TATA MANAGEMENT SCHEME C - TIER I DIRECT',12.9300,12.9300,'2026-04-18 14:31:16.710634'),(248,'TATA MANAGEMENT SCHEME G - TIER I GS',12.7300,12.7300,'2026-04-18 14:31:16.745020'),(249,'TATA MANAGEMENT SCHEME G - TIER I DIRECT',12.7300,12.7300,'2026-04-18 14:31:16.792007'),(250,'TATA MANAGEMENT SCHEME E - TIER II DIRECT',15.9600,15.9600,'2026-04-18 14:31:16.833601'),(251,'TATA MANAGEMENT SCHEME C - TIER II DIRECT',12.9600,12.9600,'2026-04-18 14:31:16.875323'),(252,'TATA MANAGEMENT SCHEME G - TIER II DIRECT',12.8000,12.8000,'2026-04-18 14:31:16.935253'),(253,'TATA - NPS VATSALYA SCHEME POP',9.9900,9.9900,'2026-04-18 14:31:17.042067'),(254,'AXIS SCHEME E - TIER I GS',14.3200,14.3200,'2026-04-18 14:31:17.161210'),(255,'AXIS SCHEME C - TIER I GS',12.9200,12.9200,'2026-04-18 14:31:17.220855'),(256,'AXIS SCHEME G - TIER I GS',12.6400,12.6400,'2026-04-18 14:31:17.269576'),(257,'AXIS SCHEME E - TIER I DIRECT',14.3200,14.3200,'2026-04-18 14:31:17.328055'),(258,'AXIS SCHEME C - TIER I DIRECT',12.9200,12.9200,'2026-04-18 14:31:17.398975'),(259,'AXIS SCHEME G - TIER I DIRECT',12.6400,12.6400,'2026-04-18 14:31:17.433706'),(260,'AXIS SCHEME E - TIER II DIRECT',14.6800,14.6800,'2026-04-18 14:31:17.492033'),(261,'AXIS SCHEME C - TIER II DIRECT',12.7100,12.7100,'2026-04-18 14:31:17.543105'),(262,'AXIS SCHEME G - TIER II DIRECT',12.5600,12.5600,'2026-04-18 14:31:17.601210'),(263,'AXIS - NPS VATSALYA SCHEME POP',9.6800,9.6800,'2026-04-18 14:31:17.650358'),(264,'DSP SCHEME E - TIER I GS',12.2800,12.2800,'2026-04-18 14:31:17.694241'),(265,'DSP SCHEME C - TIER I GS',11.8900,11.8900,'2026-04-18 14:31:17.761406'),(266,'DSP SCHEME G - TIER I GS',11.6000,11.6000,'2026-04-18 14:31:17.794510'),(267,'DSP SCHEME E - TIER I DIRECT',12.2800,12.2800,'2026-04-18 14:31:17.827897'),(268,'DSP SCHEME C - TIER I DIRECT',11.8900,11.8900,'2026-04-18 14:31:17.878139'),(269,'DSP SCHEME G - TIER I DIRECT',11.6000,11.6000,'2026-04-18 14:31:17.919632'),(270,'DSP SCHEME E - TIER II DIRECT',11.9000,11.9000,'2026-04-18 14:31:18.045673'),(271,'DSP SCHEME C - TIER II DIRECT',12.0900,12.0900,'2026-04-18 14:31:18.085175'),(272,'DSP SCHEME G - TIER II DIRECT',11.6400,11.6400,'2026-04-18 14:31:18.126523'),(273,'DSP - NPS VATSALYA SCHEME POP',9.4900,9.4900,'2026-04-18 14:31:18.260034');
/*!40000 ALTER TABLE `core_npsfund` ENABLE KEYS */;
UNLOCK TABLES;

--
-- Table structure for table `core_npsportfolio`
--

DROP TABLE IF EXISTS `core_npsportfolio`;
/*!40101 SET @saved_cs_client     = @@character_set_client */;
/*!50503 SET character_set_client = utf8mb4 */;
CREATE TABLE `core_npsportfolio` (
  `id` bigint NOT NULL AUTO_INCREMENT,
  `units` decimal(20,4) NOT NULL,
  `avg_nav` decimal(20,4) NOT NULL,
  `realized_profit` decimal(20,2) NOT NULL,
  `fund_id` bigint NOT NULL,
  `user_id` int NOT NULL,
  PRIMARY KEY (`id`),
  UNIQUE KEY `core_npsportfolio_user_id_fund_id_9147806b_uniq` (`user_id`,`fund_id`),
  KEY `core_npsportfolio_fund_id_2ebd32e3_fk_core_npsfund_id` (`fund_id`),
  CONSTRAINT `core_npsportfolio_fund_id_2ebd32e3_fk_core_npsfund_id` FOREIGN KEY (`fund_id`) REFERENCES `core_npsfund` (`id`),
  CONSTRAINT `core_npsportfolio_user_id_468d6bcf_fk_auth_user_id` FOREIGN KEY (`user_id`) REFERENCES `auth_user` (`id`)
) ENGINE=InnoDB AUTO_INCREMENT=4 DEFAULT CHARSET=utf8mb4 COLLATE=utf8mb4_0900_ai_ci;
/*!40101 SET character_set_client = @saved_cs_client */;

--
-- Dumping data for table `core_npsportfolio`
--

LOCK TABLES `core_npsportfolio` WRITE;
/*!40000 ALTER TABLE `core_npsportfolio` DISABLE KEYS */;
INSERT INTO `core_npsportfolio` VALUES (1,6457.6453,50.6700,0.00,72,4),(2,1977.3734,29.8900,0.00,73,4),(3,1286.5875,27.6500,0.00,74,4);
/*!40000 ALTER TABLE `core_npsportfolio` ENABLE KEYS */;
UNLOCK TABLES;

--
-- Table structure for table `core_npstransaction`
--

DROP TABLE IF EXISTS `core_npstransaction`;
/*!40101 SET @saved_cs_client     = @@character_set_client */;
/*!50503 SET character_set_client = utf8mb4 */;
CREATE TABLE `core_npstransaction` (
  `id` bigint NOT NULL AUTO_INCREMENT,
  `transaction_type` varchar(4) NOT NULL,
  `units` decimal(20,4) NOT NULL,
  `price` decimal(20,4) NOT NULL,
  `date` date NOT NULL,
  `remaining_units` decimal(20,4) NOT NULL,
  `created_at` datetime(6) NOT NULL,
  `fund_id` bigint NOT NULL,
  `user_id` int NOT NULL,
  PRIMARY KEY (`id`),
  KEY `core_npstransaction_fund_id_b34edb11_fk_core_npsfund_id` (`fund_id`),
  KEY `core_npstransaction_user_id_95e5ee7d_fk_auth_user_id` (`user_id`),
  CONSTRAINT `core_npstransaction_fund_id_b34edb11_fk_core_npsfund_id` FOREIGN KEY (`fund_id`) REFERENCES `core_npsfund` (`id`),
  CONSTRAINT `core_npstransaction_user_id_95e5ee7d_fk_auth_user_id` FOREIGN KEY (`user_id`) REFERENCES `auth_user` (`id`)
) ENGINE=InnoDB AUTO_INCREMENT=4 DEFAULT CHARSET=utf8mb4 COLLATE=utf8mb4_0900_ai_ci;
/*!40101 SET character_set_client = @saved_cs_client */;

--
-- Dumping data for table `core_npstransaction`
--

LOCK TABLES `core_npstransaction` WRITE;
/*!40000 ALTER TABLE `core_npstransaction` DISABLE KEYS */;
INSERT INTO `core_npstransaction` VALUES (1,'BUY',6457.6453,50.6700,'2026-03-31',6457.6453,'2026-03-31 14:33:00.418382',72,4),(2,'BUY',1977.3734,29.8900,'2026-03-31',1977.3734,'2026-03-31 14:34:40.392286',73,4),(3,'BUY',1286.5875,27.6500,'2026-03-31',1286.5875,'2026-03-31 14:38:21.991426',74,4);
/*!40000 ALTER TABLE `core_npstransaction` ENABLE KEYS */;
UNLOCK TABLES;

--
-- Table structure for table `core_otherasset`
--

DROP TABLE IF EXISTS `core_otherasset`;
/*!40101 SET @saved_cs_client     = @@character_set_client */;
/*!50503 SET character_set_client = utf8mb4 */;
CREATE TABLE `core_otherasset` (
  `id` bigint NOT NULL AUTO_INCREMENT,
  `name` varchar(100) NOT NULL,
  `asset_type` varchar(50) NOT NULL,
  `purchase_date` date NOT NULL,
  `purchase_price` decimal(20,2) NOT NULL,
  `current_value` decimal(20,2) NOT NULL,
  `monthly_rent` decimal(20,2) NOT NULL,
  `created_at` datetime(6) NOT NULL,
  `user_id` int NOT NULL,
  `asset_id` longtext,
  `holder_name` longtext,
  PRIMARY KEY (`id`),
  KEY `core_otherasset_user_id_efbe9eca_fk_auth_user_id` (`user_id`),
  CONSTRAINT `core_otherasset_user_id_efbe9eca_fk_auth_user_id` FOREIGN KEY (`user_id`) REFERENCES `auth_user` (`id`)
) ENGINE=InnoDB AUTO_INCREMENT=7 DEFAULT CHARSET=utf8mb4 COLLATE=utf8mb4_0900_ai_ci;
/*!40101 SET character_set_client = @saved_cs_client */;

--
-- Dumping data for table `core_otherasset`
--

LOCK TABLES `core_otherasset` WRITE;
/*!40000 ALTER TABLE `core_otherasset` DISABLE KEYS */;
INSERT INTO `core_otherasset` VALUES (1,'JASOLAFLAT','Flat','2014-12-31',1200000.00,1950000.00,9000.00,'2026-04-01 09:09:29.143642',4,NULL,NULL),(2,'BLS TOLONKSAI','Plot','2011-01-01',300000.00,2800000.00,0.00,'2026-04-01 13:49:35.407758',4,NULL,NULL),(3,'REMUNA','Plot','2022-01-02',1000000.00,1200000.00,0.00,'2026-04-01 13:51:38.272142',4,NULL,NULL),(4,'SGB GOLD','Gold','2026-04-02',175000.00,600000.00,0.21,'2026-04-02 13:15:49.533732',4,NULL,NULL),(6,'CASH','Other','2026-04-17',200000.00,200000.00,0.00,'2026-04-17 10:05:49.823899',4,'gAAAAABp4gX9j8_Ct_beJkU6eaaVxvTNWL76UDBo_azhIhRtVKt1AZm6ftNPTFPyMdqH-flQvPGW2BefxoE47CdnPd2B4dwt6Q==','gAAAAABp4gX9xWT_b36n5mdoQuL4QnScd3O2J_cHzgqiLr0wfnZhl-x1eHjllmN_c1GeTXVAC7alt8DuoPzm5QHo_hEplkX-Ww==');
/*!40000 ALTER TABLE `core_otherasset` ENABLE KEYS */;
UNLOCK TABLES;

--
-- Table structure for table `core_otp`
--

DROP TABLE IF EXISTS `core_otp`;
/*!40101 SET @saved_cs_client     = @@character_set_client */;
/*!50503 SET character_set_client = utf8mb4 */;
CREATE TABLE `core_otp` (
  `id` bigint NOT NULL AUTO_INCREMENT,
  `code` longtext NOT NULL,
  `created_at` datetime(6) NOT NULL,
  `user_id` int NOT NULL,
  PRIMARY KEY (`id`),
  KEY `core_otp_user_id_20a9e364_fk_auth_user_id` (`user_id`),
  CONSTRAINT `core_otp_user_id_20a9e364_fk_auth_user_id` FOREIGN KEY (`user_id`) REFERENCES `auth_user` (`id`)
) ENGINE=InnoDB AUTO_INCREMENT=20 DEFAULT CHARSET=utf8mb4 COLLATE=utf8mb4_0900_ai_ci;
/*!40101 SET character_set_client = @saved_cs_client */;

--
-- Dumping data for table `core_otp`
--

LOCK TABLES `core_otp` WRITE;
/*!40000 ALTER TABLE `core_otp` DISABLE KEYS */;
INSERT INTO `core_otp` VALUES (16,'gAAAAABp2vXEMDMgIf7tAMEDGJHsVDLcD6psntQ3WmsSig5sFXhxLFUMshwEUy84G1mGIR7t_4mzjdW_hsEFGmnkSu5unAGsSQ==','2026-04-12 01:30:44.152624',1),(18,'gAAAAABp3t8bHotvawiMdjr7lThJpWExFFIuwz7bk_taulNDlB2-yfy3G04Yhrt5WxXHe7SbjjTbo1YjUh2NU99F25FQHIdgXw==','2026-04-15 00:43:07.394218',31);
/*!40000 ALTER TABLE `core_otp` ENABLE KEYS */;
UNLOCK TABLES;

--
-- Table structure for table `core_pnlstatement`
--

DROP TABLE IF EXISTS `core_pnlstatement`;
/*!40101 SET @saved_cs_client     = @@character_set_client */;
/*!50503 SET character_set_client = utf8mb4 */;
CREATE TABLE `core_pnlstatement` (
  `id` bigint NOT NULL AUTO_INCREMENT,
  `entry_date` date DEFAULT NULL,
  `exit_date` date NOT NULL,
  `quantity` int NOT NULL,
  `buy_value` decimal(15,2) NOT NULL,
  `sell_value` decimal(15,2) NOT NULL,
  `realized_profit` decimal(15,2) NOT NULL,
  `instrument_id` bigint NOT NULL,
  `user_id` int NOT NULL,
  PRIMARY KEY (`id`),
  KEY `core_pnlstatement_instrument_id_ab2f4a34_fk_core_instrument_id` (`instrument_id`),
  KEY `core_pnlstatement_user_id_4f4b4233_fk_auth_user_id` (`user_id`),
  CONSTRAINT `core_pnlstatement_instrument_id_ab2f4a34_fk_core_instrument_id` FOREIGN KEY (`instrument_id`) REFERENCES `core_instrument` (`id`),
  CONSTRAINT `core_pnlstatement_user_id_4f4b4233_fk_auth_user_id` FOREIGN KEY (`user_id`) REFERENCES `auth_user` (`id`)
) ENGINE=InnoDB AUTO_INCREMENT=2681 DEFAULT CHARSET=utf8mb4 COLLATE=utf8mb4_0900_ai_ci;
/*!40101 SET character_set_client = @saved_cs_client */;

--
-- Dumping data for table `core_pnlstatement`
--

LOCK TABLES `core_pnlstatement` WRITE;
/*!40000 ALTER TABLE `core_pnlstatement` DISABLE KEYS */;
INSERT INTO `core_pnlstatement` VALUES (41,NULL,'2026-02-21',919,365088.80,418952.70,53863.89,38,4),(42,'2026-02-28','2026-02-21',599,1367362.59,1393281.84,24920.03,16,4),(43,NULL,'2026-02-21',700,166978.50,190687.00,23708.50,5,4),(44,'2026-02-27','2026-02-21',9257,1744809.72,1780979.59,36169.44,68,4),(45,NULL,'2026-02-21',8719,1458396.50,1508310.44,49913.98,10,4),(46,NULL,'2026-02-21',624,861754.80,876289.30,14534.50,28,4),(47,NULL,'2026-02-21',325,895422.00,918730.30,23308.36,30,4),(48,NULL,'2026-02-21',76,258034.50,275705.20,17670.83,2,4),(49,NULL,'2026-02-21',758,1337354.11,1355481.13,18127.02,4,4),(50,NULL,'2026-02-21',1040,275748.90,291507.20,15758.33,27,4),(51,NULL,'2026-02-21',3556,932474.33,954135.47,21661.12,149,4),(52,NULL,'2026-02-21',177,233183.50,247767.80,14584.29,21,4),(53,NULL,'2026-02-21',37,231027.80,241288.40,10260.60,32,4),(54,NULL,'2026-02-21',193,381584.20,395190.90,13606.71,33,4),(55,NULL,'2026-02-21',140,406840.30,416238.10,9397.76,35,4),(56,NULL,'2026-02-21',775,408741.70,420186.50,11444.75,8,4),(57,NULL,'2026-02-21',8250,307264.47,320456.29,13191.83,20,4),(58,NULL,'2026-02-21',4066,182100.70,192024.60,9923.83,25,4),(59,NULL,'2026-02-21',138,361785.12,370290.26,8505.16,72,4),(60,NULL,'2026-02-21',236,395880.20,416763.90,20883.68,23,4),(61,NULL,'2026-02-21',475,114797.20,123055.16,8258.00,215,4),(62,NULL,'2026-02-21',9135,1051182.04,1089082.49,37900.50,11,4),(63,NULL,'2026-02-21',298,416670.15,425073.50,8403.34,147,4),(64,NULL,'2026-02-21',2505,135828.90,142117.00,6288.17,214,4),(65,NULL,'2026-02-21',5600,98574.73,106601.90,8027.16,142,4),(66,NULL,'2026-02-21',267,371084.99,381738.80,8653.78,227,4),(67,NULL,'2026-02-21',280,266564.40,278739.35,12175.00,221,4),(68,NULL,'2026-02-21',450,1040234.00,1047845.60,7611.37,211,4),(69,NULL,'2026-02-21',339,155800.20,165248.90,9448.70,19,4),(70,NULL,'2026-02-21',2413,622375.50,631567.60,9192.08,39,4),(71,NULL,'2026-02-21',66,57929.18,64518.32,6589.14,37,4),(72,NULL,'2026-02-21',1090,143385.10,149888.80,6503.66,222,4),(73,NULL,'2026-02-21',277,396162.00,407055.40,10893.34,83,4),(74,NULL,'2026-02-21',237,185000.50,190662.30,5661.79,148,4),(75,NULL,'2026-02-21',548,152965.00,159284.00,6318.97,77,4),(76,NULL,'2026-02-21',189,107086.70,110924.10,3837.47,208,4),(77,NULL,'2026-02-21',169,134837.85,137236.47,2398.62,55,4),(78,NULL,'2026-02-21',18238,1497486.91,1529891.60,32404.72,9,4),(79,NULL,'2026-02-21',1313,142048.80,144804.70,2755.90,49,4),(80,NULL,'2026-02-21',714,175689.54,177802.46,2112.85,226,4),(81,NULL,'2026-02-21',7205,224639.24,227120.60,2481.43,87,4),(82,NULL,'2026-02-21',1017,259144.90,271373.90,12229.06,31,4),(83,NULL,'2026-02-21',65,351306.30,361736.35,10430.07,98,4),(84,NULL,'2026-02-21',491,113275.20,119192.50,5917.30,166,4),(85,NULL,'2026-02-21',215,199445.69,203333.51,3887.84,205,4),(86,NULL,'2026-02-21',76,105219.80,108947.80,3728.04,218,4),(87,NULL,'2026-02-21',46,56716.18,58647.06,1930.88,78,4),(88,NULL,'2026-02-21',501,699397.20,705938.00,6540.79,3,4),(89,NULL,'2026-02-21',164,167483.14,169111.21,1628.08,43,4),(90,NULL,'2026-02-21',203,239729.90,250613.90,10883.98,129,4),(91,NULL,'2026-02-21',212,12323.51,15482.94,3159.44,7,4),(92,NULL,'2026-02-21',1948,753009.32,768198.97,15189.67,236,4),(93,NULL,'2026-02-21',2890,1150292.15,1184849.42,34557.32,12,4),(94,NULL,'2026-02-21',248,106501.90,110132.50,3630.55,162,4),(95,NULL,'2026-02-21',457,277219.37,283384.13,6164.67,95,4),(96,NULL,'2026-02-21',50,459056.95,465426.80,6369.92,202,4),(97,'2026-03-09','2026-02-21',947,136149.50,140822.10,4672.65,53,4),(98,NULL,'2026-02-21',260,121699.60,125962.00,4262.38,216,4),(99,NULL,'2026-02-21',411,75503.81,77902.51,2398.70,65,4),(100,NULL,'2026-02-21',56,20076.00,21596.95,1520.95,223,4),(101,NULL,'2026-02-21',9,16667.39,18569.58,1902.19,137,4),(102,NULL,'2026-02-21',650,53845.18,56434.87,2589.68,118,4),(103,NULL,'2026-02-21',84,77446.44,81286.88,3840.44,210,4),(104,NULL,'2026-02-21',385,90017.54,92143.14,2125.60,48,4),(105,NULL,'2026-02-21',21,94378.30,97693.77,3315.47,201,4),(106,NULL,'2026-02-21',235,210609.65,216631.70,6022.00,105,4),(107,NULL,'2026-02-21',49,85858.59,87598.80,1740.22,151,4),(108,NULL,'2026-02-21',410,61669.60,65282.17,3612.57,185,4),(109,NULL,'2026-02-21',100,57230.16,58696.81,1466.65,192,4),(110,NULL,'2026-02-21',40,83141.01,84521.70,1380.69,220,4),(111,NULL,'2026-02-21',19,40654.34,42255.07,1600.73,193,4),(112,NULL,'2026-02-21',88,75347.14,77104.59,1757.46,156,4),(113,NULL,'2026-02-21',140,470673.87,486541.92,15868.05,22,4),(114,NULL,'2026-02-21',895,213104.20,219925.95,6821.74,106,4),(115,NULL,'2026-02-21',490,58864.59,59130.09,265.50,240,4),(116,NULL,'2026-02-21',75,79358.35,83864.50,4506.15,224,4),(117,NULL,'2026-02-21',31,31274.49,31966.89,692.40,86,4),(118,NULL,'2026-02-21',13,9287.70,9878.14,590.44,81,4),(119,NULL,'2026-02-21',16,47779.31,43751.76,-4027.55,127,4),(120,NULL,'2026-02-21',65,9962.47,10497.64,535.17,197,4),(121,NULL,'2026-02-21',165,90188.31,91627.39,1439.08,160,4),(122,NULL,'2026-02-21',19,86174.26,88265.51,2091.24,145,4),(123,NULL,'2026-02-21',344,63203.31,60895.89,-2307.40,119,4),(124,NULL,'2026-02-21',145,64743.21,67815.39,3072.18,212,4),(125,NULL,'2026-02-21',121,59943.89,63548.77,3604.88,209,4),(126,'2026-02-20','2026-02-21',157,52636.58,53044.76,408.18,242,4),(127,NULL,'2026-02-21',175,99306.40,102176.17,2869.77,113,4),(128,NULL,'2026-02-21',13,19944.07,21228.46,1284.39,111,4),(129,NULL,'2026-02-21',1,1105.14,1393.60,288.46,92,4),(130,NULL,'2026-02-21',12068,460113.40,461109.80,996.35,143,4),(131,NULL,'2026-02-21',10,17770.50,18269.69,499.19,101,4),(132,NULL,'2026-02-21',5,6830.41,7069.26,238.85,154,4),(133,NULL,'2026-02-21',188,103787.82,105287.14,1499.32,157,4),(134,NULL,'2026-02-21',18,56066.15,54532.59,-1533.55,184,4),(135,NULL,'2026-02-21',10,2628.71,2826.71,198.00,128,4),(136,NULL,'2026-02-21',10,4093.67,4286.95,193.28,104,4),(137,NULL,'2026-02-21',10,5287.96,5464.08,176.11,155,4),(138,NULL,'2026-02-21',265,83631.64,86769.18,3137.55,46,4),(139,NULL,'2026-02-21',3,4096.14,4237.66,141.51,181,4),(140,NULL,'2026-02-21',19,16866.58,17534.65,668.08,125,4),(141,NULL,'2026-02-21',12,3758.31,3487.77,-270.54,243,4),(142,'2026-03-11','2026-02-21',5,5770.42,5896.87,126.45,244,4),(143,NULL,'2026-02-21',18,33815.40,34269.17,453.76,161,4),(144,NULL,'2026-02-21',78,14493.63,14922.77,429.14,102,4),(145,NULL,'2026-02-21',5,3626.33,3731.19,104.87,126,4),(146,NULL,'2026-02-21',2,5717.39,5817.63,100.24,167,4),(147,'2026-03-15','2026-02-21',10,8108.69,8171.81,63.12,245,4),(148,NULL,'2026-02-21',8,13278.07,13516.47,238.40,173,4),(149,NULL,'2026-02-21',5,571.43,624.61,53.18,103,4),(150,NULL,'2026-02-21',20,2951.56,3003.79,52.23,96,4),(151,NULL,'2026-02-21',25,3788.22,3830.95,42.73,108,4),(152,NULL,'2026-02-21',12,18380.31,19281.49,901.18,182,4),(153,NULL,'2026-02-21',155,24959.34,26439.58,1480.24,90,4),(154,NULL,'2026-02-21',10,5193.49,5204.36,10.87,63,4),(155,NULL,'2026-02-21',107,87977.64,90556.49,2578.85,117,4),(156,NULL,'2026-02-21',192,154121.60,155776.80,1655.14,168,4),(157,NULL,'2026-02-21',10,2746.46,2647.16,-99.30,246,4),(158,NULL,'2026-02-21',44767,573563.22,537929.64,-35633.53,40,4),(159,NULL,'2026-02-21',5,8760.20,8618.52,-141.68,18,4),(160,NULL,'2026-02-21',387,103757.79,104635.10,877.31,69,4),(161,NULL,'2026-02-21',1396,205551.50,209877.10,4325.60,190,4),(162,NULL,'2026-02-21',755,31382.72,30110.08,-1272.64,247,4),(163,NULL,'2026-02-21',59,195668.55,197322.80,1654.30,175,4),(164,NULL,'2026-02-21',5,7297.31,6082.44,-1214.87,171,4),(165,NULL,'2026-02-21',13,20805.72,18946.34,-1859.38,138,4),(166,NULL,'2026-02-21',22,34681.24,35025.29,344.05,164,4),(167,NULL,'2026-02-21',2168,207170.80,203612.90,-3557.88,169,4),(168,NULL,'2026-02-21',40,14503.34,11152.83,-3350.51,248,4),(169,NULL,'2026-02-21',170,95258.71,90104.19,-5154.53,249,4),(170,NULL,'2026-02-21',12691,1511366.00,1505830.00,-5535.63,250,4),(171,NULL,'2026-02-21',84,286742.40,280396.35,-6346.06,112,4),(172,NULL,'2026-02-21',8,21110.10,21485.50,375.40,172,4),(173,NULL,'2026-02-21',49,16325.00,16472.25,147.25,186,4),(174,NULL,'2026-02-21',1707,82529.22,84610.74,2081.51,84,4),(175,NULL,'2026-02-21',16,66180.82,67989.09,1808.27,219,4),(176,NULL,'2026-02-21',214,63465.03,65650.52,2185.49,225,4),(177,NULL,'2026-02-21',316,178519.64,187158.75,8639.15,203,4),(178,NULL,'2026-02-21',175,118054.30,119632.60,1578.35,217,4),(179,NULL,'2026-02-21',49,226898.02,235850.63,8952.55,204,4),(180,NULL,'2026-02-21',114,66238.45,72193.14,5954.69,213,4),(181,NULL,'2026-02-21',373,164994.21,170752.75,5758.47,200,4),(182,NULL,'2026-02-21',6,9530.10,9900.00,369.90,251,4),(183,NULL,'2026-02-21',80,112964.70,115417.25,2452.55,206,4),(184,NULL,'2026-02-21',125,41707.50,42774.25,1066.75,146,4),(185,NULL,'2026-02-21',8,41820.45,43199.80,1379.35,26,4),(186,NULL,'2026-02-21',322,129685.20,133765.30,4080.07,121,4),(187,NULL,'2026-02-21',120,57159.64,64257.23,7097.59,228,4),(188,NULL,'2026-02-21',32,55951.80,55843.44,-108.36,252,4),(189,NULL,'2026-02-21',45,257776.20,260763.50,2987.31,177,4),(190,'2026-02-22','2026-02-21',5,58534.00,59869.10,1335.10,253,4),(191,NULL,'2026-02-21',19,288893.05,288700.40,-192.70,199,4),(192,NULL,'2026-02-21',495,39003.32,39707.09,703.77,141,4),(193,NULL,'2026-02-21',80,9204.00,9352.00,148.00,116,4),(194,NULL,'2026-02-21',3,30319.51,31291.04,971.53,88,4),(195,NULL,'2026-02-21',143,41637.92,42369.96,732.04,71,4),(196,NULL,'2026-02-21',135,25652.83,26362.80,709.97,29,4),(197,NULL,'2026-02-21',468,58689.54,62093.12,3403.58,47,4),(198,NULL,'2026-02-21',130,153759.80,150309.05,-3450.73,174,4),(199,NULL,'2026-02-21',70,9507.40,9772.00,264.60,50,4),(200,NULL,'2026-02-21',590,44278.20,46528.60,2250.40,133,4),(201,NULL,'2026-02-21',1716,216944.20,221371.20,4427.03,62,4),(202,NULL,'2026-02-21',16,51340.98,55543.20,4202.23,42,4),(203,NULL,'2026-02-21',6,18612.60,19080.75,468.15,85,4),(204,NULL,'2026-02-21',45,44874.01,46449.81,1575.80,152,4),(205,NULL,'2026-02-21',16,49324.85,47224.65,-2100.20,165,4),(206,NULL,'2026-02-21',4,21608.36,22397.55,789.18,99,4),(207,NULL,'2026-02-21',5110,70526.00,73180.40,2654.40,54,4),(208,NULL,'2026-02-21',3381,82222.53,85825.81,3603.28,93,4),(209,NULL,'2026-02-21',80,10749.90,11313.60,563.70,140,4),(210,NULL,'2026-02-21',63,11858.20,12011.04,152.84,254,4),(211,NULL,'2026-02-21',145,29968.05,26861.00,-3107.05,56,4),(212,NULL,'2026-02-21',3,21355.20,18282.40,-3072.80,170,4),(213,NULL,'2026-02-21',15,19194.32,16307.54,-2886.78,51,4),(214,NULL,'2026-02-21',25,19899.23,21486.18,1586.96,120,4),(215,NULL,'2026-02-21',33,44301.75,45240.85,939.10,238,4),(216,NULL,'2026-02-21',34,63276.29,65066.45,1790.16,58,4),(217,NULL,'2026-02-21',78,120994.45,124129.70,3135.25,191,4),(218,NULL,'2026-02-21',174,90708.72,94724.56,4015.84,159,4),(219,NULL,'2026-02-21',45,17768.25,18105.75,337.50,255,4),(220,NULL,'2026-02-21',206,123339.95,126073.05,2733.10,163,4),(221,NULL,'2026-02-21',14,94357.85,97116.60,2758.75,237,4),(222,NULL,'2026-02-21',10,6155.60,6560.40,404.80,74,4),(223,NULL,'2026-02-21',5,1160.20,862.27,-297.93,24,4),(224,NULL,'2026-02-21',284,24291.40,38474.37,14182.97,44,4),(225,NULL,'2026-02-21',120,11055.13,11165.59,110.46,256,4),(226,NULL,'2026-02-21',612,188643.41,192637.96,3994.54,91,4),(227,NULL,'2026-02-21',1412,128568.87,130397.96,1829.09,97,4),(228,NULL,'2026-02-21',57,16013.26,16307.21,293.95,257,4),(229,NULL,'2026-02-21',80,10161.91,10339.27,177.36,183,4),(230,NULL,'2026-02-21',5,22528.66,21535.44,-993.23,110,4),(231,NULL,'2026-02-21',1722,21106.75,21790.16,683.41,179,4),(232,NULL,'2026-02-21',280,194253.21,190885.44,-3367.81,73,4),(233,NULL,'2026-02-21',200,10628.54,7956.22,-2672.32,76,4),(234,NULL,'2026-02-21',50,2964.06,3129.65,165.60,258,4),(235,NULL,'2026-02-21',600,62072.18,63214.75,1142.57,195,4),(236,NULL,'2026-02-21',100,9412.88,10288.33,875.45,67,4),(237,NULL,'2026-02-21',150,11098.76,11433.92,335.16,259,4),(238,NULL,'2026-02-21',740,189576.04,196762.30,7186.26,198,4),(239,NULL,'2026-02-21',97,64544.10,62817.15,-1726.95,150,4),(240,NULL,'2026-02-21',100,8453.75,8731.34,277.59,260,4),(241,NULL,'2026-02-21',40,9037.30,9103.09,65.80,261,4),(242,NULL,'2026-02-21',73,58897.15,61190.70,2293.55,135,4),(243,NULL,'2026-02-21',29,61586.80,63273.04,1686.24,196,4),(244,NULL,'2026-02-21',27,67233.60,74637.01,7403.41,180,4),(245,NULL,'2026-02-21',20,10646.00,11120.00,474.00,122,4),(246,NULL,'2026-02-21',5,28084.00,28936.15,852.15,187,4),(247,NULL,'2026-02-21',584,63887.28,65170.60,1283.32,123,4),(248,NULL,'2026-02-21',246,54979.18,56175.89,1196.71,89,4),(249,NULL,'2026-02-21',222,56937.33,61054.85,4117.52,136,4),(250,NULL,'2026-02-21',20,3153.80,3408.00,254.20,109,4),(251,NULL,'2026-02-21',48,14201.23,18886.95,4685.72,80,4),(252,NULL,'2026-02-21',55,19134.00,19944.00,810.00,132,4),(253,NULL,'2026-02-21',13,23651.20,24099.40,448.20,144,4),(254,NULL,'2026-02-21',104,30635.40,31819.87,1184.47,107,4),(255,NULL,'2026-02-21',34,35494.85,38031.17,2536.33,241,4),(256,NULL,'2026-02-21',450,9846.00,10147.50,301.50,61,4),(257,NULL,'2026-02-21',11,16846.85,17518.60,671.75,194,4),(258,NULL,'2026-02-21',13,16983.90,17934.50,950.60,82,4),(259,NULL,'2026-02-21',14,23648.41,25286.34,1637.92,176,4),(260,NULL,'2026-02-21',6,14914.21,15731.14,816.93,188,4),(261,NULL,'2026-02-21',3,4799.10,5064.90,265.80,100,4),(262,NULL,'2026-02-21',6,9171.30,9503.40,332.10,189,4),(263,NULL,'2026-02-21',68,5044.63,5451.56,406.93,139,4),(264,NULL,'2026-02-21',74,29378.00,37907.65,8529.65,79,4),(265,NULL,'2026-02-21',5,3166.00,3649.25,483.25,114,4),(266,NULL,'2026-02-21',60,14053.24,15170.29,1117.04,70,4),(267,NULL,'2026-02-21',1199,10860.09,13220.05,2359.96,64,4),(268,NULL,'2026-02-21',26,35885.21,42143.97,6258.76,59,4),(269,NULL,'2026-02-21',600,13800.00,25351.99,11551.99,94,4),(270,NULL,'2026-02-21',12,8880.00,9982.34,1102.34,13,4),(271,NULL,'2026-02-21',100,10200.00,13160.31,2960.31,34,4),(272,NULL,'2026-02-21',23,7498.00,8274.28,776.28,14,4),(273,'2026-02-22','2026-02-21',1,12648.00,12848.00,200.00,253,4),(274,NULL,'2026-02-21',1,12748.00,12548.00,-200.00,253,4),(275,NULL,'2026-02-21',1,12748.00,13748.00,1000.00,253,4),(276,'2026-02-21','2026-02-21',1,1039.60,2039.60,1000.00,242,4),(277,NULL,'2026-02-21',1,1039.60,39.60,-1000.00,242,4),(278,NULL,'2026-02-21',1,2039.60,3039.60,1000.00,242,4),(279,NULL,'2026-02-22',1,1039.60,39.60,-1000.00,242,4),(280,NULL,'2025-01-10',5,11000.00,15000.00,4000.00,147,1),(281,NULL,'2025-01-15',2,6000.00,7500.00,1500.00,2,1),(282,NULL,'2025-02-01',10,12000.00,13500.00,1500.00,3,1),(283,NULL,'2025-02-05',5,7000.00,8000.00,1000.00,4,1),(284,NULL,'2025-02-10',20,4000.00,5500.00,1500.00,5,1),(286,NULL,'2026-02-22',1,12748.00,13748.00,1000.00,253,4),(287,NULL,'2026-02-22',1,12748.00,11748.00,-1000.00,253,4),(294,'2026-02-28','2026-02-28',1,698.16,698.16,0.00,17,4),(295,'2026-02-28','2026-02-28',1,698.16,698.16,0.00,17,4),(302,NULL,'2026-03-02',5,0.00,25750.00,25750.00,16,4),(303,'2026-03-02','2026-03-02',1,4444.00,5220.00,776.00,16,4),(304,'2026-03-01','2026-03-01',5,20444.00,15000.00,-5444.00,16,4),(305,'2026-03-02','2026-03-02',2,8444.00,0.00,-8444.00,16,4),(306,'2026-03-02','2026-03-02',8,40000.00,64.00,-39936.00,16,4),(307,NULL,'2026-03-03',28,114000.00,146160.00,32160.00,16,4),(317,'2026-03-09','2026-03-10',1,100.00,100.00,0.00,36,4),(318,'2026-03-09','2026-03-10',1,100.00,100.00,0.00,36,4),(319,'2026-03-09','2026-03-10',1,100.00,200.00,100.00,36,4),(320,'2026-03-10','2026-03-10',1,0.00,395.30,395.30,31,4),(321,NULL,'2026-03-10',1,526.17,100.00,-426.17,31,4),(322,'2026-03-10','2026-03-10',360,58213.00,55818.00,-2395.00,53,4),(323,NULL,'2026-03-11',100,15000.00,17505.00,2505.00,53,4),(324,NULL,'2026-03-11',1,308.10,308.10,0.00,244,4),(325,NULL,'2026-03-10',2,4737.40,5707.20,969.80,22,7),(326,NULL,'2026-03-10',4,9966.80,11414.40,1447.60,22,7),(327,NULL,'2025-12-12',65,7215.00,10604.10,3389.10,131,7),(328,NULL,'2025-12-10',70,7770.00,11900.00,4130.00,131,7),(329,NULL,'2025-12-04',1,299.85,302.05,2.20,215,7),(330,NULL,'2025-12-04',19,3534.19,3936.14,401.95,29,7),(331,NULL,'2025-12-04',20,3868.00,4143.60,275.60,29,7),(332,NULL,'2025-12-04',18,2891.29,3729.24,837.95,29,7),(333,NULL,'2025-12-04',15,3389.85,4530.75,1140.90,215,7),(334,NULL,'2025-12-03',2,4351.80,4365.40,13.60,193,7),(335,NULL,'2025-11-21',22,8734.00,10519.30,1785.30,79,7),(336,NULL,'2025-11-19',15,5955.00,7692.75,1737.75,79,7),(337,NULL,'2025-08-07',2,321.24,462.64,141.40,29,7),(338,NULL,'2025-08-07',10,1632.18,2313.20,681.02,29,7),(339,NULL,'2025-08-07',10,2259.90,3173.50,913.60,215,7),(340,NULL,'2025-08-06',20,3663.80,5602.00,1938.20,264,7),(341,NULL,'2025-08-06',10,1951.90,2801.00,849.10,264,7),(342,NULL,'2025-08-06',9,1795.77,2520.90,725.13,264,7),(343,NULL,'2025-08-06',10,3007.50,3886.00,878.50,91,7),(344,NULL,'2025-08-06',30,9149.50,11658.00,2508.50,91,7),(345,NULL,'2025-06-20',5,6455.00,7184.50,729.50,147,7),(346,NULL,'2025-05-15',10,2600.60,2759.90,159.30,68,7),(347,NULL,'2025-05-15',1,264.30,275.99,11.69,68,7),(729,'2026-02-20','2026-03-13',770,86813.58,87117.80,304.22,60,4),(730,'2026-02-20','2026-03-13',1,707.33,709.20,1.87,57,4),(1610,NULL,'2026-03-15',1,407.55,407.55,0.00,245,4),(1685,'2026-02-17','2026-03-16',2,2645.50,2491.00,-154.50,3,2),(1686,'2026-02-27','2026-03-16',25,7162.50,6680.75,-481.75,68,4),(1687,NULL,'2026-03-16',25,7162.50,6680.75,-481.75,68,4),(1688,'2024-12-15','2025-01-10',5,11000.00,15000.00,4000.00,147,22),(1689,'2024-12-20','2025-01-15',2,6000.00,7500.00,1500.00,2,22),(1690,'2025-01-05','2025-02-01',10,12000.00,13500.00,1500.00,3,22),(1691,'2025-01-15','2025-02-05',5,7000.00,8000.00,1000.00,4,22),(1692,'2025-01-20','2025-02-10',20,4000.00,5500.00,1500.00,5,22),(2274,'2026-02-20','2026-03-19',5,20688.20,11814.00,-8874.20,2,4),(2275,'2026-02-20','2026-03-19',5,9816.50,6130.00,-3686.50,3,4),(2276,'2026-02-20','2026-03-19',35,33907.65,28000.00,-5907.65,4,4),(2284,'2026-03-18','2026-03-18',100,80000.00,84000.00,4000.00,4,4),(2285,'2026-03-17','2026-03-17',100,80000.00,82000.00,2000.00,4,4),(2286,'2026-03-18','2026-03-18',3,3678.00,6678.00,3000.00,3,4),(2287,'2026-03-18','2026-03-18',9,21265.20,21265.20,0.00,2,4),(2288,'2026-03-17','2026-03-17',9,21265.20,30265.20,9000.00,2,4),(2364,'2026-03-20','2026-03-20',75,19620.00,19695.00,75.00,68,4),(2441,'2026-02-27','2026-03-23',75,21760.50,19800.00,-1960.50,68,4),(2442,'2026-02-20','2026-03-24',100,11500.00,11300.00,-200.00,9,4),(2443,'2026-03-03','2026-03-24',5,24350.00,20350.00,-4000.00,16,4),(2444,'2026-02-27','2026-03-24',75,21802.50,19350.00,-2452.50,68,4),(2535,'2024-12-15','2025-01-10',5,11000.00,15000.00,4000.00,147,31),(2536,'2024-12-20','2025-01-15',2,6000.00,7500.00,1500.00,2,31),(2537,'2025-01-05','2025-02-01',10,12000.00,13500.00,1500.00,3,31),(2538,'2025-01-15','2025-02-05',5,7000.00,8000.00,1000.00,4,31),(2539,'2025-01-20','2025-02-10',20,4000.00,5500.00,1500.00,5,31),(2540,'2026-02-27','2026-03-27',38,11046.60,9880.00,-1166.60,68,4),(2541,'2026-02-20','2026-03-27',24,5534.64,6768.00,1233.36,71,4),(2542,'2026-02-20','2026-03-27',500,56370.00,56675.00,305.00,60,4),(2543,'2026-02-20','2026-03-27',30,11544.00,8550.00,-2994.00,46,4),(2544,'2023-01-27','2026-03-11',700,46900.00,161000.00,114100.00,427,34),(2545,'2026-02-22','2026-03-29',5,16000.00,18000.00,2000.00,2,1),(2633,'2026-03-30','2026-03-30',17,49096.00,4896.00,-44200.00,71,4),(2634,'2026-03-30','2026-03-30',17,4896.00,49096.00,44200.00,71,4),(2635,'2026-03-25','2026-03-30',30,8544.00,8400.00,-144.00,46,4),(2636,'2026-02-27','2026-03-30',76,22093.20,19380.00,-2713.20,68,4),(2637,'2026-04-02','2026-04-02',100,7300.00,7291.54,-8.46,243,4),(2638,'2026-02-27','2026-04-02',76,22093.20,19702.10,-2391.10,68,4),(2639,'2026-02-20','2026-04-08',17,10282.11,14617.08,4334.97,73,4),(2640,'2026-04-08','2026-04-08',420,64314.60,64227.15,-87.45,216,3),(2641,'2026-02-20','2026-04-09',31,11408.00,12707.46,1299.46,136,4),(2642,'2026-02-20','2026-04-09',6,4140.00,8368.33,4228.33,127,4),(2643,'2026-02-20','2026-04-09',29,9578.70,10959.81,1381.11,69,4),(2644,'2026-02-20','2026-04-09',5,11139.00,13257.35,2118.35,130,4),(2645,'2026-02-20','2026-04-09',20,3335.00,3719.26,384.26,109,4),(2646,'2026-02-20','2026-04-09',4,14234.72,17736.45,3501.73,28,4),(2647,'2026-02-20','2026-04-09',6,4504.50,5728.85,1224.35,174,4),(2648,'2026-02-20','2026-04-09',60,10859.40,12297.54,1438.14,166,4),(2649,'2026-02-20','2026-04-09',2,7438.00,8148.37,710.37,167,4),(2650,'2026-04-10','2026-04-10',10,25035.00,25024.99,-10.01,2,39),(2651,'2026-04-10','2026-04-10',10,25035.00,25024.99,-10.01,2,39),(2652,'2026-04-10','2026-04-10',80,200280.00,200439.90,159.90,2,39),(2653,'2026-02-20','2026-04-13',8,10116.40,10797.84,681.44,168,4),(2654,'2026-03-19','2026-04-13',15,6150.00,6898.62,748.62,245,4),(2655,'2026-02-20','2026-04-13',3,9535.83,13032.39,3496.56,164,4),(2656,'2026-02-20','2026-04-13',3,9028.80,9988.00,959.20,22,4),(2657,'2026-02-20','2026-04-13',180,20584.80,22315.54,1730.74,123,4),(2658,'2026-02-20','2026-04-13',22,22636.02,23447.31,811.29,149,4),(2659,'2026-04-14','2026-04-15',100,10000.00,8254.17,-1745.83,243,4),(2660,'2026-04-15','2026-04-15',100,10001.00,11798.82,1797.82,243,4),(2661,'2026-04-15','2026-04-15',100,10020.00,9980.00,-40.00,243,4),(2662,'2026-02-20','2026-04-15',150,34690.50,39326.19,4635.69,10,4),(2663,'2026-02-20','2026-04-15',5,13286.00,17090.75,3804.75,165,4),(2664,'2026-04-15','2026-04-15',2,9597.16,9880.20,283.04,164,4),(2665,'2026-04-16','2026-04-16',100,13091.00,13338.27,247.27,123,4),(2666,'2026-02-20','2026-04-16',10,12789.90,13841.26,1051.36,86,4),(2667,'2026-02-20','2026-04-17',65,12366.90,14757.93,2391.03,65,4),(2668,'2026-02-20','2026-04-17',10,6735.90,10359.24,3623.34,74,4),(2669,'2026-02-20','2026-04-17',1,7480.00,8149.67,669.67,145,4),(2670,'2026-03-05','2026-04-17',2,10100.00,9553.85,-546.15,16,4),(2671,'2026-02-20','2026-04-17',10,6822.50,7813.84,991.34,159,4),(2672,'2026-02-20','2026-04-17',40,17124.00,18243.44,1119.44,91,4),(2673,'2026-03-27','2026-04-17',30,8460.00,9281.40,821.40,46,4),(2674,'2026-03-10','2026-04-17',100,16505.00,16367.20,-137.80,53,4),(2675,'2026-02-20','2026-04-17',65,7592.00,8095.78,503.78,116,4),(2676,'2026-02-20','2026-04-17',100,9961.00,10603.75,642.75,97,4),(2677,'2026-02-20','2026-04-17',90,7402.50,8083.80,681.30,139,4),(2678,'2026-02-20','2026-04-17',195,6610.50,7764.94,1154.44,141,4),(2679,'2026-02-20','2026-04-17',4,12271.20,13133.68,862.48,180,4),(2680,'2026-02-20','2026-04-17',13,5384.70,6045.88,661.18,158,4);
/*!40000 ALTER TABLE `core_pnlstatement` ENABLE KEYS */;
UNLOCK TABLES;

--
-- Table structure for table `core_portfolio`
--

DROP TABLE IF EXISTS `core_portfolio`;
/*!40101 SET @saved_cs_client     = @@character_set_client */;
/*!50503 SET character_set_client = utf8mb4 */;
CREATE TABLE `core_portfolio` (
  `id` bigint NOT NULL AUTO_INCREMENT,
  `quantity` int NOT NULL,
  `avg_cost` decimal(10,2) NOT NULL,
  `ltp` decimal(10,2) NOT NULL,
  `instrument_id` bigint NOT NULL,
  `user_id` int NOT NULL,
  `notes` longtext,
  PRIMARY KEY (`id`),
  UNIQUE KEY `core_portfolio_user_id_instrument_id_60cff79b_uniq` (`user_id`,`instrument_id`),
  KEY `core_portfolio_instrument_id_a0da0a82_fk_core_instrument_id` (`instrument_id`),
  CONSTRAINT `core_portfolio_instrument_id_a0da0a82_fk_core_instrument_id` FOREIGN KEY (`instrument_id`) REFERENCES `core_instrument` (`id`),
  CONSTRAINT `core_portfolio_user_id_6ac8ad2a_fk_auth_user_id` FOREIGN KEY (`user_id`) REFERENCES `auth_user` (`id`)
) ENGINE=InnoDB AUTO_INCREMENT=1714 DEFAULT CHARSET=utf8mb4 COLLATE=utf8mb4_0900_ai_ci;
/*!40101 SET character_set_client = @saved_cs_client */;

--
-- Dumping data for table `core_portfolio`
--

LOCK TABLES `core_portfolio` WRITE;
/*!40000 ALTER TABLE `core_portfolio` DISABLE KEYS */;
INSERT INTO `core_portfolio` VALUES (256,10,223.00,276.00,68,2,NULL),(257,9,1245.50,1320.00,3,2,NULL),(264,7,343.00,316.21,231,3,NULL),(266,460,32.00,133.01,222,3,NULL),(276,7,3119.67,2471.60,35,4,NULL),(277,30,566.69,583.20,19,4,NULL),(278,7,3171.67,3538.10,22,4,NULL),(279,20,1799.34,1395.00,23,4,NULL),(280,40,898.48,751.00,30,4,NULL),(282,8,740.00,679.05,13,4,NULL),(284,800,11.47,9.61,40,4,NULL),(285,14,176.74,154.80,24,4,NULL),(286,80,184.61,104.95,25,4,NULL),(287,61,945.32,565.40,38,4,NULL),(288,77,403.35,307.00,5,4,NULL),(289,5,660.39,162.20,29,4,NULL),(290,12,779.84,458.20,37,4,NULL),(292,5,3637.96,4105.00,33,4,NULL),(293,551,40.66,35.10,20,4,NULL),(294,10,1299.71,1163.40,18,4,NULL),(295,55,370.06,273.10,39,4,NULL),(296,1,7089.42,4945.00,26,4,NULL),(297,44,102.00,84.80,34,4,NULL),(298,30,665.60,468.05,21,4,NULL),(299,45,589.86,373.00,27,4,NULL),(300,23,326.00,337.50,14,4,NULL),(301,3,9047.22,4588.00,32,4,NULL),(302,49,654.30,361.00,8,4,NULL),(303,5,4276.45,4524.00,28,4,'The stock is down and there is signal for purchase'),(304,2,2928.92,3669.00,42,4,NULL),(305,12,938.16,780.00,43,4,NULL),(306,255,104.86,92.00,44,4,NULL),(307,12,1557.00,757.10,45,4,NULL),(308,30,282.00,313.20,46,4,NULL),(309,115,138.88,142.40,47,4,'The pe ratio justify and profit the bank gives good profit Target 190'),(310,25,395.88,438.60,48,4,NULL),(311,186,128.88,126.95,49,4,NULL),(312,90,144.18,61.00,50,4,NULL),(314,5,878.97,642.00,51,4,NULL),(315,629,115.35,124.78,9,4,NULL),(317,400,15.33,14.95,54,4,NULL),(318,22,854.48,961.97,55,4,NULL),(319,45,127.60,98.20,56,4,NULL),(320,25,707.40,757.97,57,4,NULL),(321,15,435.95,383.35,58,4,NULL),(322,13,1140.00,1577.00,59,4,NULL),(324,370,23.02,21.80,61,4,NULL),(325,55,165.71,175.50,62,4,NULL),(326,10,740.80,757.00,63,4,NULL),(327,500,11.24,12.98,64,4,NULL),(329,345,231.27,286.78,10,4,NULL),(330,100,110.42,118.11,67,4,NULL),(331,569,269.95,276.00,68,4,NULL),(332,21,380.70,393.70,69,4,'The power demand up as war going on and Govt plan would be reduce the petroleum use.'),(333,30,260.62,270.41,70,4,NULL),(335,8,1528.61,1394.30,72,4,NULL),(336,13,824.00,884.00,73,4,NULL),(338,195,266.93,238.10,11,4,NULL),(339,200,40.86,43.98,76,4,NULL),(340,31,476.73,427.50,77,4,NULL),(341,13,1076.18,590.15,78,4,NULL),(342,20,531.25,588.00,79,4,NULL),(343,13,430.13,439.15,80,4,NULL),(344,10,751.78,490.10,81,4,NULL),(350,30,186.00,174.70,169,4,NULL),(351,2,7853.00,7675.00,98,4,NULL),(352,8,1262.18,1285.10,172,4,NULL),(353,1,3905.00,4097.80,170,4,NULL),(354,3,2029.10,1968.10,176,4,NULL),(355,6,1006.70,909.00,175,4,NULL),(356,27,1062.73,1080.30,149,4,NULL),(357,4,1905.00,1889.20,173,4,NULL),(359,9,1414.00,1326.90,171,4,NULL),(360,1,3980.20,4220.00,177,4,NULL),(361,97,528.39,535.00,12,4,NULL),(362,1000,12.37,11.58,179,4,NULL),(363,5,57.29,26.10,178,4,NULL),(364,20,715.50,714.05,204,4,NULL),(366,3,1672.00,1494.40,181,4,NULL),(367,4,1342.50,1238.00,182,4,NULL),(368,54,183.20,146.15,185,4,NULL),(369,59,129.00,116.76,183,4,NULL),(370,1,6039.05,5232.00,184,4,NULL),(371,15,321.00,298.20,186,4,NULL),(372,2,2603.00,2173.00,188,4,NULL),(373,2,2722.50,1889.00,196,4,NULL),(374,4,1555.70,1244.50,189,4,NULL),(375,1,5718.50,4634.00,187,4,NULL),(376,3,2134.00,1827.20,191,4,NULL),(377,1,3169.80,2224.00,193,4,NULL),(378,5,1158.40,867.00,194,4,NULL),(379,18,538.20,496.90,200,4,NULL),(380,75,143.75,124.50,190,4,NULL),(381,50,103.94,78.66,195,4,NULL),(382,13,490.89,364.30,192,4,NULL),(383,14,390.60,329.35,197,4,NULL),(384,51,277.00,243.13,198,4,NULL),(385,1,5306.55,4630.00,201,4,NULL),(386,15,688.70,592.50,203,4,NULL),(387,8,1113.78,1063.20,205,4,NULL),(388,1,16622.00,13474.00,202,4,NULL),(389,225,50.77,39.65,7,4,NULL),(390,60,349.30,318.15,146,4,NULL),(391,1,13115.00,11379.00,199,4,NULL),(392,5,1558.70,1129.55,206,4,NULL),(393,4,3500.60,2620.10,129,4,NULL),(394,8,2071.91,1463.00,83,4,NULL),(396,10,1181.10,842.85,210,4,NULL),(397,20,569.45,464.50,212,4,NULL),(398,6,1542.15,1180.25,218,4,NULL),(399,20,677.65,459.15,208,4,NULL),(400,14,722.00,489.00,213,4,NULL),(401,15,697.70,469.55,217,4,NULL),(402,5,2999.25,2240.00,211,4,NULL),(403,30,375.00,244.80,215,4,NULL),(404,100,109.44,84.26,214,4,NULL),(405,20,549.00,310.25,209,4,NULL),(406,82,206.43,169.22,216,4,NULL),(407,22,431.36,264.48,219,4,NULL),(408,1,8385.05,4734.00,237,4,NULL),(409,8,1413.50,889.20,238,4,NULL),(410,15,1254.40,922.00,221,4,NULL),(411,3,2723.85,955.00,220,4,NULL),(412,13,727.35,361.00,239,4,NULL),(413,30,299.01,133.01,222,4,NULL),(415,25,395.00,176.04,223,4,NULL),(416,5,1783.00,620.00,224,4,NULL),(417,34,510.08,302.78,226,4,NULL),(418,33,309.80,90.50,225,4,NULL),(419,20,591.90,143.20,228,4,NULL),(420,9,1552.89,559.95,227,4,NULL),(421,4,1472.10,1572.40,82,4,NULL),(422,150,50.48,48.97,84,4,NULL),(423,30,338.00,322.60,85,4,NULL),(425,324,28.78,27.26,87,4,NULL),(426,1,9207.20,9750.00,88,4,NULL),(427,42,224.00,176.45,89,4,NULL),(428,20,304.00,279.51,90,4,NULL),(430,5,1875.90,1780.50,92,4,NULL),(431,319,28.64,27.41,93,4,NULL),(432,300,41.79,35.77,94,4,NULL),(433,6,2092.40,1847.30,95,4,NULL),(434,85,73.00,73.19,240,4,NULL),(435,23,223.34,182.80,96,4,NULL),(437,1,6436.05,4335.00,99,4,NULL),(438,3,1605.00,1229.00,100,4,NULL),(439,3,1986.10,1544.00,101,4,NULL),(440,35,155.08,142.70,102,4,NULL),(441,6,809.30,601.30,103,4,NULL),(442,486,10.72,7.80,104,4,NULL),(443,9,1196.79,867.90,105,4,NULL),(444,23,325.10,252.20,106,4,NULL),(445,17,328.30,142.70,107,4,NULL),(446,27,184.40,157.98,108,4,NULL),(448,1,5141.20,4381.00,110,4,NULL),(449,4,1711.60,1443.00,111,4,NULL),(450,2,2890.25,2796.10,112,4,NULL),(451,7,935.25,1039.05,113,4,NULL),(452,8,710.35,568.15,114,4,NULL),(454,5,1483.50,1352.80,117,4,NULL),(455,100,85.12,68.45,118,4,NULL),(456,30,145.20,135.30,119,4,NULL),(457,5,1074.25,853.00,120,4,NULL),(458,20,439.00,412.35,121,4,NULL),(459,10,572.80,402.70,122,4,NULL),(461,9,352.25,304.35,124,4,NULL),(462,7,1183.40,1241.60,125,4,NULL),(463,4,1224.00,925.00,126,4,NULL),(465,9,570.70,520.00,128,4,NULL),(467,10,223.39,163.60,131,4,NULL),(468,24,341.60,273.00,132,4,NULL),(469,60,95.27,96.89,133,4,NULL),(470,87,53.50,51.55,134,4,NULL),(471,17,839.43,814.00,135,4,NULL),(473,4,1528.70,1054.05,137,4,NULL),(474,8,305.00,273.05,138,4,NULL),(476,7,1063.40,939.35,241,4,NULL),(477,25,146.20,112.16,140,4,NULL),(479,600,24.18,23.15,142,4,NULL),(480,50,127.54,114.59,143,4,NULL),(481,3,1945.80,1603.90,144,4,NULL),(483,10,1575.60,1364.90,147,4,NULL),(484,14,833.86,696.00,148,4,NULL),(485,7,704.55,492.95,150,4,NULL),(486,3,1917.50,1519.00,151,4,NULL),(487,5,1165.00,1112.10,152,4,NULL),(488,1,3174.90,2791.00,154,4,NULL),(489,8,612.04,405.10,155,4,NULL),(490,4,1569.40,1304.60,156,4,NULL),(491,5,710.90,664.25,157,4,NULL),(492,3,405.00,473.35,158,4,NULL),(494,8,805.69,464.95,160,4,NULL),(495,4,1352.00,889.95,161,4,NULL),(496,33,266.21,204.30,162,4,NULL),(497,10,785.85,755.00,163,4,NULL),(505,10,2400.00,1364.90,147,1,NULL),(506,10,3500.00,2583.60,2,1,NULL),(507,20,1400.00,1320.00,3,1,NULL),(508,15,1500.00,800.00,4,1,NULL),(509,50,220.00,307.00,5,1,NULL),(519,100,166.46,340.50,264,7,NULL),(520,16,901.06,909.00,175,7,NULL),(521,105,278.84,461.80,91,7,NULL),(522,20,2350.81,3538.10,22,7,NULL),(523,26,829.75,800.00,4,7,NULL),(524,310,70.58,68.45,118,7,NULL),(525,1,186.01,162.20,29,7,NULL),(526,1,299.85,244.80,215,7,NULL),(527,100,31.36,40.85,141,7,NULL),(528,93,1252.24,1364.90,147,7,NULL),(529,46,326.00,337.50,14,7,NULL),(530,10,443.20,473.35,158,7,NULL),(531,206,271.04,204.30,162,7,NULL),(532,1852,83.35,464.50,212,3,NULL),(533,8,698.16,442.00,17,4,NULL),(543,5,4005.00,4833.80,16,4,NULL),(558,5,799.00,700.00,36,4,NULL),(561,38,516.27,445.00,31,4,NULL),(563,160,165.05,165.40,53,4,NULL),(564,1,11110.00,11867.00,253,4,NULL),(660,39,430.00,439.90,236,4,NULL),(661,16,295.00,308.55,244,4,NULL),(662,1302,113.54,113.68,60,4,NULL),(1012,30,247.00,248.30,256,4,NULL),(1013,10,2400.00,1364.90,147,22,NULL),(1014,5,3200.00,2583.60,2,22,NULL),(1015,20,1400.00,1320.00,3,22,NULL),(1016,15,1500.00,800.00,4,22,NULL),(1017,50,220.00,307.00,5,22,NULL),(1073,3,1750.00,1838.00,251,4,NULL),(1080,2,2928.92,3669.00,42,20,NULL),(1081,6,834.82,780.00,43,20,NULL),(1082,3,3398.04,2471.60,35,20,NULL),(1083,70,91.27,92.00,44,20,NULL),(1084,12,616.34,583.20,19,20,NULL),(1085,3,1809.29,757.10,45,20,NULL),(1086,30,384.80,313.20,46,20,NULL),(1087,5,107.32,142.40,47,20,NULL),(1088,25,395.88,438.60,48,20,NULL),(1089,85,118.75,126.95,49,20,NULL),(1090,20,184.06,61.00,50,20,NULL),(1091,20,421.45,445.00,31,20,NULL),(1092,39,438.95,439.90,236,20,NULL),(1093,5,878.97,642.00,51,20,NULL),(1094,329,108.39,124.78,9,20,NULL),(1095,160,165.89,165.40,53,20,NULL),(1096,400,15.33,14.95,54,20,NULL),(1097,22,854.49,961.97,55,20,NULL),(1098,45,127.60,98.20,56,20,NULL),(1099,261,38.95,35.10,20,20,NULL),(1100,3,350.18,307.00,5,20,NULL),(1101,25,707.33,757.97,57,20,NULL),(1102,5,5022.35,4833.80,16,20,NULL),(1103,15,435.95,383.35,58,20,NULL),(1104,13,1140.00,1577.00,59,20,NULL),(1105,890,112.75,113.68,60,20,NULL),(1106,370,23.02,21.80,61,20,NULL),(1107,55,165.71,175.50,62,20,NULL),(1108,10,740.80,757.00,63,20,NULL),(1109,500,11.24,12.98,64,20,NULL),(1110,65,190.26,227.72,65,20,NULL),(1111,345,223.32,286.78,10,20,NULL),(1112,100,110.42,118.11,67,20,NULL),(1113,466,287.03,276.00,68,20,NULL),(1114,1,422.95,393.70,69,20,NULL),(1115,30,260.62,270.41,70,20,NULL),(1116,23,228.17,284.00,71,20,NULL),(1117,4,1342.93,1163.40,18,20,NULL),(1118,8,1528.61,1394.30,72,20,NULL),(1119,17,604.83,884.00,73,20,NULL),(1120,10,673.59,1037.00,74,20,NULL),(1121,115,224.42,238.10,11,20,NULL),(1122,200,40.86,43.98,76,20,NULL),(1123,1,8961.20,4588.00,32,20,NULL),(1124,5,477.08,427.50,77,20,NULL),(1125,7,1308.10,590.15,78,20,NULL),(1126,20,531.25,588.00,79,20,NULL),(1127,1,304.20,439.15,80,20,NULL),(1128,1,672.36,361.00,8,20,NULL),(1129,1,11133.30,11867.00,253,20,NULL),(1130,10,751.78,490.10,81,20,NULL),(1131,50,921.40,800.00,4,4,NULL),(1132,5,1963.30,1320.00,3,4,NULL),(1133,5,4137.64,2583.60,2,4,NULL),(1391,130,76.50,81.00,260,4,NULL),(1392,100,92.20,98.45,259,4,NULL),(1393,251,439.78,427.50,77,34,NULL),(1394,502,65.47,53.35,573,34,NULL),(1395,300,67.00,196.85,427,34,NULL),(1506,17,288.00,284.00,71,4,NULL),(1507,9,1197.00,1560.00,246,4,NULL),(1508,40,253.24,272.65,257,4,NULL),(1510,50,980.60,1129.55,206,3,NULL),(1511,125,1332.42,1364.90,147,3,'for future JIO IPO and benefit of venenzuala Oil-- Horizon two year i.e. upto 01st April 2028'),(1512,210,153.00,169.22,216,3,NULL),(1513,2730,76.02,40.85,141,3,NULL),(1514,16,993.00,1048.00,174,5,NULL),(1515,1,7475.00,7710.00,300,5,NULL),(1516,1,9495.00,9750.00,88,5,NULL),(1517,1,6140.00,5739.00,329,5,NULL),(1518,1,7799.00,7675.00,98,5,NULL),(1519,1,5525.00,5232.00,184,5,NULL),(1520,1,7150.00,8188.50,145,5,NULL),(1521,2,3975.00,4335.00,99,5,NULL),(1522,2,11825.00,11379.00,199,5,NULL),(1523,2,4687.00,4630.00,201,5,NULL),(1524,2,7275.00,7172.00,371,5,NULL),(1525,2,2860.00,2722.50,410,5,NULL),(1526,2,2520.00,2240.00,211,5,NULL),(1527,2,3051.00,3329.90,180,5,NULL),(1528,2,3402.00,4220.00,177,5,NULL),(1529,2,4457.00,3500.00,480,5,NULL),(1530,2,13704.00,13474.00,202,5,NULL),(1531,2,2700.00,2620.10,129,5,NULL),(1532,2,2362.00,2859.10,130,5,NULL),(1533,2,4051.00,4524.00,28,5,NULL),(1534,3,2001.00,1838.00,251,5,NULL),(1535,3,1831.00,1847.30,95,5,NULL),(1536,3,1710.00,1443.00,111,5,NULL),(1537,3,1690.00,1577.00,59,5,NULL),(1538,3,1810.00,1968.10,176,5,NULL),(1539,3,1675.00,1675.50,252,5,NULL),(1540,4,1390.00,1572.40,82,5,NULL),(1541,4,1280.00,889.20,238,5,NULL),(1542,4,2953.00,3538.10,22,5,NULL),(1543,4,1512.00,1244.50,189,5,NULL),(1544,4,1255.00,1238.00,182,5,NULL),(1545,4,3990.00,4381.00,110,5,NULL),(1546,4,3650.00,3202.00,482,5,NULL),(1547,4,3425.00,4829.00,164,5,NULL),(1548,4,1540.00,1512.30,581,5,NULL),(1549,5,1130.00,1127.00,281,5,NULL),(1550,5,1175.00,1364.00,168,5,NULL),(1551,5,1190.00,867.90,105,5,NULL),(1552,5,1129.00,1241.60,125,5,NULL),(1553,5,1011.00,1037.00,74,5,NULL),(1554,5,1095.00,1112.10,152,5,NULL),(1555,6,2782.00,2471.60,35,5,NULL),(1556,6,958.00,909.00,175,5,NULL),(1557,6,906.00,1039.05,113,5,NULL),(1558,6,1345.00,1352.80,117,5,NULL),(1559,6,1206.00,1285.10,172,5,NULL),(1560,6,5148.00,4588.00,32,5,NULL),(1561,7,801.00,631.40,308,5,NULL),(1562,7,790.00,616.25,418,5,NULL),(1563,7,737.00,757.97,57,5,NULL),(1564,8,660.00,592.50,203,5,NULL),(1565,8,629.00,714.05,204,5,NULL),(1566,8,677.00,755.00,163,5,NULL),(1567,9,1217.00,1395.00,23,5,NULL),(1568,9,2897.00,2583.60,2,5,NULL),(1569,10,725.00,780.00,43,5,NULL),(1570,10,517.00,486.00,314,5,NULL),(1571,10,3249.00,3485.10,165,5,NULL),(1572,11,495.00,496.90,200,5,NULL),(1573,11,1221.00,757.10,45,5,NULL),(1574,11,3842.00,4105.00,33,5,NULL),(1575,11,511.00,469.55,217,5,NULL),(1576,12,1083.00,620.00,224,5,NULL),(1577,12,1496.00,1320.00,3,5,NULL),(1578,12,1431.00,1364.90,147,5,NULL),(1579,13,390.00,358.35,255,5,NULL),(1580,13,405.00,383.00,415,5,NULL),(1581,13,892.00,696.00,148,5,NULL),(1582,14,576.00,565.40,38,5,NULL),(1583,14,384.00,393.70,69,5,NULL),(1584,15,428.00,383.35,58,5,NULL),(1585,15,345.00,361.00,8,5,NULL),(1586,16,438.00,373.00,27,5,NULL),(1587,16,681.00,785.50,159,5,NULL),(1588,17,605.00,559.95,227,5,NULL),(1589,17,295.00,264.48,219,5,NULL),(1590,18,3644.00,4833.80,16,5,NULL),(1591,18,615.00,468.05,21,5,NULL),(1592,18,286.00,318.15,146,5,NULL),(1593,18,573.00,590.15,78,5,NULL),(1594,19,575.00,583.20,19,5,NULL),(1595,19,899.00,1180.25,218,5,NULL),(1596,19,277.00,243.13,198,5,NULL),(1597,19,272.00,284.00,71,5,NULL),(1598,19,419.00,464.50,212,5,NULL),(1599,20,1428.00,1394.30,72,5,NULL),(1600,20,1050.00,1080.30,149,5,NULL),(1601,23,193.00,157.98,108,5,NULL),(1602,23,226.00,227.72,65,5,NULL),(1603,24,437.00,461.80,91,5,NULL),(1604,24,425.00,439.90,236,5,NULL),(1605,24,437.00,439.15,80,5,NULL),(1606,25,639.00,568.15,114,5,NULL),(1607,25,209.00,135.30,119,5,NULL),(1608,25,206.00,169.22,216,5,NULL),(1609,25,400.00,427.50,77,5,NULL),(1610,28,368.00,313.20,46,5,NULL),(1611,29,218.00,271.71,261,5,NULL),(1612,29,181.00,174.40,315,5,NULL),(1613,36,443.00,438.60,48,5,NULL),(1614,37,747.00,751.00,30,5,NULL),(1615,37,136.00,146.15,185,5,NULL),(1616,38,136.00,126.95,49,5,NULL),(1617,38,134.00,124.50,190,5,NULL),(1618,42,427.00,445.00,31,5,NULL),(1619,46,110.00,114.59,143,5,NULL),(1620,52,931.00,800.00,4,5,NULL),(1621,55,479.00,535.00,12,5,NULL),(1622,55,306.00,273.10,39,5,NULL),(1623,57,177.00,165.40,53,5,NULL),(1624,65,125.00,104.95,25,5,NULL),(1625,66,238.00,244.80,215,5,NULL),(1626,70,326.00,307.00,5,5,NULL),(1627,70,161.00,175.50,62,5,NULL),(1628,75,69.00,61.00,50,5,NULL),(1629,77,248.00,204.30,162,5,NULL),(1630,80,68.00,40.85,141,5,NULL),(1631,95,165.00,162.20,29,5,NULL),(1632,100,50.00,48.97,84,5,NULL),(1633,100,112.00,116.76,183,5,NULL),(1634,120,86.00,78.66,195,5,NULL),(1635,122,41.00,35.77,94,5,NULL),(1636,146,273.00,238.10,11,5,NULL),(1637,150,161.00,133.01,222,5,NULL),(1638,162,95.00,98.45,259,5,NULL),(1639,180,80.00,68.45,118,5,NULL),(1640,189,27.00,27.41,93,5,NULL),(1641,210,106.00,112.16,140,5,NULL),(1642,255,88.00,106.93,97,5,NULL),(1643,312,275.00,276.00,68,5,NULL),(1644,315,90.00,96.89,133,5,NULL),(1645,329,123.00,124.78,9,5,NULL),(1646,335,22.00,21.80,61,5,NULL),(1647,350,15.00,14.95,54,5,NULL),(1648,400,217.00,286.78,10,5,NULL),(1649,730,22.00,27.26,87,5,NULL),(1650,910,11.00,12.98,64,5,NULL),(1651,980,38.00,35.10,20,5,NULL),(1652,1100,7.00,9.61,40,5,NULL),(1653,1178,23.00,23.15,142,5,NULL),(1654,1713,11.00,11.58,179,5,NULL),(1655,1798,43.00,43.98,76,5,NULL),(1656,1,6221.00,5003.00,650,5,NULL),(1657,15,345.00,330.99,615,5,NULL),(1658,20,265.00,238.21,649,5,NULL),(1659,36,282.00,270.77,648,5,NULL),(1660,70,150.00,148.88,647,5,NULL),(1661,76,271.00,267.30,646,5,NULL),(1662,78,132.00,117.98,645,5,NULL),(1663,80,64.00,74.44,644,5,NULL),(1664,92,119.00,128.84,643,5,NULL),(1665,102,99.00,90.89,642,5,NULL),(1666,109,74.00,75.95,641,5,NULL),(1667,110,94.00,91.26,640,5,NULL),(1668,126,21.00,22.68,639,5,NULL),(1669,133,38.00,35.19,638,5,NULL),(1670,147,40.00,33.49,637,5,NULL),(1671,178,41.00,35.08,636,5,NULL),(1672,183,27.00,27.16,635,5,NULL),(1673,187,54.00,57.20,634,5,NULL),(1674,200,54.00,57.10,633,5,NULL),(1675,209,25.00,25.37,632,5,NULL),(1676,250,45.00,44.11,631,5,NULL),(1677,265,29.00,32.22,630,5,NULL),(1678,280,38.00,36.54,629,5,NULL),(1679,284,72.00,71.60,628,5,NULL),(1680,286,35.00,29.70,627,5,NULL),(1681,288,58.00,53.45,626,5,NULL),(1682,309,61.00,62.41,625,5,NULL),(1683,310,33.00,29.79,624,5,NULL),(1684,342,15.00,14.65,623,5,NULL),(1685,500,22.00,22.50,622,5,NULL),(1686,547,28.00,24.17,621,5,NULL),(1687,575,17.00,16.52,620,5,NULL),(1688,625,3.00,1.03,619,5,NULL),(1689,800,13.00,11.82,618,5,NULL),(1690,950,11.00,11.00,617,5,NULL),(1691,1520,17.00,17.39,616,5,NULL),(1693,8,1395.00,1404.50,127,4,NULL),(1694,15,416.00,437.90,136,4,NULL),(1695,5,960.00,1048.00,174,4,NULL),(1696,50,206.00,211.82,166,4,NULL),(1697,50,194.00,199.35,109,4,NULL),(1698,4,2670.00,2859.10,130,4,NULL),(1699,25,880.98,889.20,238,3,NULL),(1700,2,4190.00,4169.70,167,4,'recently booked profit and potential growing up'),(1705,1,4798.58,4829.00,164,4,NULL),(1706,15,466.93,469.00,245,4,NULL),(1707,5,1372.94,1364.00,168,4,NULL),(1709,5,1699.39,1675.50,252,4,NULL),(1710,60,163.33,163.00,254,4,NULL),(1711,100,131.76,131.00,123,4,NULL),(1712,3,3426.84,3485.10,165,4,NULL),(1713,6,1387.77,1385.00,86,4,NULL);
/*!40000 ALTER TABLE `core_portfolio` ENABLE KEYS */;
UNLOCK TABLES;

--
-- Table structure for table `core_portfoliovaluehistory`
--

DROP TABLE IF EXISTS `core_portfoliovaluehistory`;
/*!40101 SET @saved_cs_client     = @@character_set_client */;
/*!50503 SET character_set_client = utf8mb4 */;
CREATE TABLE `core_portfoliovaluehistory` (
  `id` bigint NOT NULL AUTO_INCREMENT,
  `date` date NOT NULL,
  `invested_value` decimal(20,2) NOT NULL,
  `current_value` decimal(20,2) NOT NULL,
  `user_id` int NOT NULL,
  `coin_current` decimal(20,2) NOT NULL,
  `coin_invested` decimal(20,2) NOT NULL,
  `mf_current` decimal(20,2) NOT NULL,
  `mf_invested` decimal(20,2) NOT NULL,
  `nps_current` decimal(20,2) NOT NULL,
  `nps_invested` decimal(20,2) NOT NULL,
  `stock_current` decimal(20,2) NOT NULL,
  `stock_invested` decimal(20,2) NOT NULL,
  `net_worth` decimal(20,2) NOT NULL,
  `nifty_price` decimal(20,2) DEFAULT NULL,
  PRIMARY KEY (`id`),
  UNIQUE KEY `core_portfoliovaluehistory_user_id_date_8cc806fa_uniq` (`user_id`,`date`),
  CONSTRAINT `core_portfoliovaluehistory_user_id_d9d82e46_fk_auth_user_id` FOREIGN KEY (`user_id`) REFERENCES `auth_user` (`id`)
) ENGINE=InnoDB AUTO_INCREMENT=168 DEFAULT CHARSET=utf8mb4 COLLATE=utf8mb4_0900_ai_ci;
/*!40101 SET character_set_client = @saved_cs_client */;

--
-- Dumping data for table `core_portfoliovaluehistory`
--

LOCK TABLES `core_portfoliovaluehistory` WRITE;
/*!40000 ALTER TABLE `core_portfoliovaluehistory` DISABLE KEYS */;
INSERT INTO `core_portfoliovaluehistory` VALUES (1,'2026-04-03',9421917.33,13371289.01,4,16685.48,30747.53,1448085.08,1341645.96,414766.14,421886.72,2326706.56,2852637.12,11571289.01,22713.10),(2,'2026-04-03',120500.00,89796.00,1,0.00,0.00,0.00,0.00,0.00,0.00,89796.00,120500.00,89796.00,22713.10),(3,'2026-04-03',13439.50,14270.40,2,0.00,0.00,0.00,0.00,0.00,0.00,14270.40,13439.50,14270.40,22713.10),(4,'2026-04-03',107121.00,456290.00,3,0.00,0.00,0.00,0.00,0.00,0.00,456290.00,107121.00,456290.00,22713.10),(5,'2026-04-03',346153.08,370044.15,7,0.00,0.00,0.00,0.00,0.00,0.00,370044.15,346153.08,370044.15,22713.10),(7,'2026-04-03',772276.97,729231.55,20,0.00,0.00,0.00,0.00,0.00,0.00,729231.55,772276.97,729231.55,22713.10),(8,'2026-04-03',101500.00,77567.50,22,0.00,0.00,0.00,0.00,0.00,0.00,77567.50,101500.00,77567.50,22713.10),(9,'2026-04-03',163350.72,166950.38,34,0.00,0.00,0.00,0.00,0.00,0.00,166950.38,163350.72,166950.38,22713.10),(10,'2026-04-04',9422917.33,13371288.70,4,16685.16,31747.53,1448085.08,1341645.96,414766.14,421886.72,2326706.56,2852637.12,11571288.70,22713.10),(11,'2026-04-04',120500.00,89796.00,1,0.00,0.00,0.00,0.00,0.00,0.00,89796.00,120500.00,89796.00,22713.10),(12,'2026-04-04',13439.50,14270.40,2,0.00,0.00,0.00,0.00,0.00,0.00,14270.40,13439.50,14270.40,22713.10),(13,'2026-04-04',107121.00,456290.00,3,0.00,0.00,0.00,0.00,0.00,0.00,456290.00,107121.00,456290.00,22713.10),(14,'2026-04-04',346153.08,370044.15,7,0.00,0.00,0.00,0.00,0.00,0.00,370044.15,346153.08,370044.15,22713.10),(16,'2026-04-04',772276.97,729231.55,20,0.00,0.00,0.00,0.00,0.00,0.00,729231.55,772276.97,729231.55,22713.10),(17,'2026-04-04',101500.00,77567.50,22,0.00,0.00,0.00,0.00,0.00,0.00,77567.50,101500.00,77567.50,22713.10),(19,'2026-04-04',163350.72,166950.38,34,0.00,0.00,0.00,0.00,0.00,0.00,166950.38,163350.72,166950.38,22713.10),(20,'2026-04-05',120500.00,89796.00,1,0.00,0.00,0.00,0.00,0.00,0.00,89796.00,120500.00,89796.00,22713.10),(21,'2026-04-05',13439.50,14270.40,2,0.00,0.00,0.00,0.00,0.00,0.00,14270.40,13439.50,14270.40,22713.10),(22,'2026-04-05',107121.00,456290.00,3,0.00,0.00,0.00,0.00,0.00,0.00,456290.00,107121.00,456290.00,22713.10),(23,'2026-04-05',9422917.33,13375955.19,4,16715.68,31747.53,1448085.08,1341645.96,419402.12,421886.72,2326706.56,2852637.12,11575955.19,22713.10),(24,'2026-04-05',346153.08,370044.15,7,0.00,0.00,0.00,0.00,0.00,0.00,370044.15,346153.08,370044.15,22713.10),(26,'2026-04-05',772276.97,729231.55,20,0.00,0.00,0.00,0.00,0.00,0.00,729231.55,772276.97,729231.55,22713.10),(27,'2026-04-05',101500.00,77567.50,22,0.00,0.00,0.00,0.00,0.00,0.00,77567.50,101500.00,77567.50,22713.10),(28,'2026-04-05',163350.72,166950.38,34,0.00,0.00,0.00,0.00,0.00,0.00,166950.38,163350.72,166950.38,22713.10),(29,'2026-04-06',120500.00,90223.50,1,0.00,0.00,0.00,0.00,0.00,0.00,90223.50,120500.00,90223.50,22713.10),(30,'2026-04-06',13439.50,14367.00,2,0.00,0.00,0.00,0.00,0.00,0.00,14367.00,13439.50,14367.00,22713.10),(31,'2026-04-06',107121.00,460933.40,3,0.00,0.00,0.00,0.00,0.00,0.00,460933.40,107121.00,460933.40,22713.10),(32,'2026-04-06',9422917.33,13406929.68,4,17133.42,31747.53,1448085.08,1341645.96,419402.12,421886.72,2357263.31,2852637.12,11606929.68,22713.10),(33,'2026-04-06',346153.08,371422.11,7,0.00,0.00,0.00,0.00,0.00,0.00,371422.11,346153.08,371422.11,22713.10),(35,'2026-04-06',772276.97,737374.67,20,0.00,0.00,0.00,0.00,0.00,0.00,737374.67,772276.97,737374.67,22713.10),(36,'2026-04-06',101500.00,77863.50,22,0.00,0.00,0.00,0.00,0.00,0.00,77863.50,101500.00,77863.50,22713.10),(37,'2026-04-06',163350.72,168136.80,34,0.00,0.00,0.00,0.00,0.00,0.00,168136.80,163350.72,168136.80,22713.10),(38,'2026-04-07',120500.00,91826.50,1,0.00,0.00,0.00,0.00,0.00,0.00,91826.50,120500.00,91826.50,23123.65),(39,'2026-04-07',13439.50,14676.40,2,0.00,0.00,0.00,0.00,0.00,0.00,14676.40,13439.50,14676.40,23123.65),(40,'2026-04-07',107207.52,460987.02,3,0.00,0.00,86.52,86.52,0.00,0.00,460900.50,107121.00,460987.02,23123.65),(41,'2026-04-07',9499772.76,13448640.93,4,17006.97,31747.53,1463959.58,1407789.50,423552.39,421886.72,2379076.24,2863349.01,11648640.93,23123.65),(42,'2026-04-07',346153.08,372326.55,7,0.00,0.00,0.00,0.00,0.00,0.00,372326.55,346153.08,372326.55,23123.65),(44,'2026-04-07',772276.97,740282.81,20,0.00,0.00,0.00,0.00,0.00,0.00,740282.81,772276.97,740282.81,23123.65),(45,'2026-04-07',101500.00,79109.00,22,0.00,0.00,0.00,0.00,0.00,0.00,79109.00,101500.00,79109.00,23123.65),(46,'2026-04-07',163350.72,169740.50,34,0.00,0.00,0.00,0.00,0.00,0.00,169740.50,163350.72,169740.50,23123.65),(47,'2026-04-08',9497935.76,13546104.83,4,17650.04,31747.53,1471843.97,1407789.50,425601.17,421886.72,2465638.90,2861187.01,11746104.83,23997.35),(48,'2026-04-08',120500.00,93420.50,1,0.00,0.00,0.00,0.00,0.00,0.00,93420.50,120500.00,93420.50,23997.35),(49,'2026-04-08',13439.50,14842.10,2,0.00,0.00,0.00,0.00,0.00,0.00,14842.10,13439.50,14842.10,23997.35),(50,'2026-04-08',560806.07,1100294.71,3,0.00,0.00,87.49,86.52,0.00,0.00,1100207.22,560719.55,1100294.71,23997.35),(51,'2026-04-08',346153.08,389379.29,7,0.00,0.00,0.00,0.00,0.00,0.00,389379.29,346153.08,389379.29,23997.35),(53,'2026-04-08',772276.97,764966.71,20,0.00,0.00,0.00,0.00,0.00,0.00,764966.71,772276.97,764966.71,23997.35),(54,'2026-04-08',101500.00,80615.00,22,0.00,0.00,0.00,0.00,0.00,0.00,80615.00,101500.00,80615.00,23997.35),(55,'2026-04-08',163350.72,176544.16,34,0.00,0.00,0.00,0.00,0.00,0.00,176544.16,163350.72,176544.16,23997.35),(56,'2026-04-08',2293825.00,2210319.87,5,0.00,0.00,0.00,0.00,0.00,0.00,2200319.87,2283825.00,2210319.87,23997.35),(57,'2026-04-08',3463.00,3463.00,31,0.00,0.00,0.00,0.00,0.00,0.00,0.00,0.00,3463.00,23997.35),(58,'2026-04-09',120500.00,92950.00,1,0.00,0.00,0.00,0.00,0.00,0.00,92950.00,120500.00,92950.00,23775.10),(59,'2026-04-09',13439.50,14680.80,2,0.00,0.00,0.00,0.00,0.00,0.00,14680.80,13439.50,14680.80,23775.10),(60,'2026-04-09',560806.07,1132698.61,3,0.00,0.00,88.05,86.52,0.00,0.00,1132610.56,560719.55,1132698.61,23775.10),(61,'2026-04-09',9429069.27,13502164.87,4,17760.31,31747.53,1511516.10,1407789.50,438508.23,421886.72,2369334.48,2792645.52,11702164.87,23775.10),(62,'2026-04-09',2293825.00,2201379.32,5,0.00,0.00,0.00,0.00,0.00,0.00,2191379.32,2283825.00,2201379.32,23775.10),(63,'2026-04-09',346153.08,388987.38,7,0.00,0.00,0.00,0.00,0.00,0.00,388987.38,346153.08,388987.38,23775.10),(65,'2026-04-09',772276.97,760507.08,20,0.00,0.00,0.00,0.00,0.00,0.00,760507.08,772276.97,760507.08,23775.10),(66,'2026-04-09',101500.00,80000.00,22,0.00,0.00,0.00,0.00,0.00,0.00,80000.00,101500.00,80000.00,23775.10),(67,'2026-04-09',3463.00,3463.00,31,0.00,0.00,0.00,0.00,0.00,0.00,0.00,0.00,3463.00,23775.10),(68,'2026-04-09',163350.72,175905.91,34,0.00,0.00,0.00,0.00,0.00,0.00,175905.91,163350.72,175905.91,23775.10),(69,'2026-04-10',120500.00,91917.00,1,0.00,0.00,0.00,0.00,0.00,0.00,91917.00,120500.00,91917.00,24050.60),(70,'2026-04-10',13439.50,14344.10,2,0.00,0.00,0.00,0.00,0.00,0.00,14344.10,13439.50,14344.10,24050.60),(71,'2026-04-10',582830.57,1185318.66,3,0.00,0.00,90.13,86.52,0.00,0.00,1185228.53,582744.05,1185318.66,24050.60),(72,'2026-04-10',9502444.35,13607460.62,4,18159.34,31747.53,1513130.41,1407789.50,436178.47,421886.72,2474946.64,2866020.60,11807460.62,24050.60),(73,'2026-04-10',2293825.00,2227806.99,5,0.00,0.00,0.00,0.00,0.00,0.00,2217806.99,2283825.00,2227806.99,24050.60),(74,'2026-04-10',346153.08,394138.96,7,0.00,0.00,0.00,0.00,0.00,0.00,394138.96,346153.08,394138.96,24050.60),(76,'2026-04-10',772276.97,767666.95,20,0.00,0.00,0.00,0.00,0.00,0.00,767666.95,772276.97,767666.95,24050.60),(77,'2026-04-10',101500.00,79302.00,22,0.00,0.00,0.00,0.00,0.00,0.00,79302.00,101500.00,79302.00,24050.60),(78,'2026-04-10',3463.00,3463.00,31,0.00,0.00,0.00,0.00,0.00,0.00,0.00,0.00,3463.00,24050.60),(79,'2026-04-10',163350.72,178447.68,34,0.00,0.00,0.00,0.00,0.00,0.00,178447.68,163350.72,178447.68,24050.60),(80,'2026-04-10',200280.00,200240.00,39,0.00,0.00,0.00,0.00,0.00,0.00,200240.00,200280.00,200240.00,23994.15),(81,'2026-04-11',120500.00,91917.00,1,0.00,0.00,0.00,0.00,0.00,0.00,91917.00,120500.00,91917.00,24050.60),(82,'2026-04-11',13439.50,14344.10,2,0.00,0.00,0.00,0.00,0.00,0.00,14344.10,13439.50,14344.10,24050.60),(83,'2026-04-11',582830.57,1185318.60,3,0.00,0.00,90.07,86.52,0.00,0.00,1185228.53,582744.05,1185318.60,24050.60),(84,'2026-04-11',9502444.35,13625481.49,4,18318.51,31747.53,1526543.04,1407789.50,440627.54,421886.72,2474946.64,2866020.60,11825481.49,24050.60),(85,'2026-04-11',2293825.00,2227806.99,5,0.00,0.00,0.00,0.00,0.00,0.00,2217806.99,2283825.00,2227806.99,24050.60),(86,'2026-04-11',346153.08,394138.96,7,0.00,0.00,0.00,0.00,0.00,0.00,394138.96,346153.08,394138.96,24050.60),(88,'2026-04-11',772276.97,767666.95,20,0.00,0.00,0.00,0.00,0.00,0.00,767666.95,772276.97,767666.95,24050.60),(89,'2026-04-11',101500.00,79302.00,22,0.00,0.00,0.00,0.00,0.00,0.00,79302.00,101500.00,79302.00,24050.60),(90,'2026-04-11',3463.00,3463.00,31,0.00,0.00,0.00,0.00,0.00,0.00,0.00,0.00,3463.00,24050.60),(91,'2026-04-11',163350.72,178447.68,34,0.00,0.00,0.00,0.00,0.00,0.00,178447.68,163350.72,178447.68,24050.60),(92,'2026-04-12',120500.00,91917.00,1,0.00,0.00,0.00,0.00,0.00,0.00,91917.00,120500.00,91917.00,24050.60),(93,'2026-04-12',13439.50,14344.10,2,0.00,0.00,0.00,0.00,0.00,0.00,14344.10,13439.50,14344.10,24050.60),(94,'2026-04-12',582830.57,1185318.60,3,0.00,0.00,90.07,86.52,0.00,0.00,1185228.53,582744.05,1185318.60,24050.60),(95,'2026-04-12',9502444.35,13624795.14,4,17632.16,31747.53,1526543.04,1407789.50,440627.54,421886.72,2474946.64,2866020.60,11824795.14,24050.60),(96,'2026-04-12',2293825.00,2227806.99,5,0.00,0.00,0.00,0.00,0.00,0.00,2217806.99,2283825.00,2227806.99,24050.60),(97,'2026-04-12',346153.08,394138.96,7,0.00,0.00,0.00,0.00,0.00,0.00,394138.96,346153.08,394138.96,24050.60),(99,'2026-04-12',772276.97,767666.95,20,0.00,0.00,0.00,0.00,0.00,0.00,767666.95,772276.97,767666.95,24050.60),(100,'2026-04-12',101500.00,79302.00,22,0.00,0.00,0.00,0.00,0.00,0.00,79302.00,101500.00,79302.00,24050.60),(101,'2026-04-12',3463.00,3463.00,31,0.00,0.00,0.00,0.00,0.00,0.00,0.00,0.00,3463.00,24050.60),(102,'2026-04-12',163350.72,178447.68,34,0.00,0.00,0.00,0.00,0.00,0.00,178447.68,163350.72,178447.68,24050.60),(103,'2026-04-13',120500.00,90207.00,1,0.00,0.00,0.00,0.00,0.00,0.00,90207.00,120500.00,90207.00,23842.65),(104,'2026-04-13',13439.50,14177.50,2,0.00,0.00,0.00,0.00,0.00,0.00,14177.50,13439.50,14177.50,23842.65),(105,'2026-04-13',648843.32,1238673.57,3,0.00,0.00,90.07,86.52,0.00,0.00,1238583.50,648756.80,1238673.57,23842.65),(106,'2026-04-13',9461378.84,13562544.19,4,19093.36,31747.53,1526543.04,1407789.50,440627.54,421886.72,2411234.48,2824955.09,11762544.19,23842.65),(107,'2026-04-13',2293825.00,2215295.43,5,0.00,0.00,0.00,0.00,0.00,0.00,2205295.43,2283825.00,2215295.43,23842.65),(108,'2026-04-13',346153.08,388869.32,7,0.00,0.00,0.00,0.00,0.00,0.00,388869.32,346153.08,388869.32,23842.65),(110,'2026-04-13',772276.97,764474.78,20,0.00,0.00,0.00,0.00,0.00,0.00,764474.78,772276.97,764474.78,23842.65),(111,'2026-04-13',101500.00,77853.50,22,0.00,0.00,0.00,0.00,0.00,0.00,77853.50,101500.00,77853.50,23842.65),(112,'2026-04-13',3463.00,3463.00,31,0.00,0.00,0.00,0.00,0.00,0.00,0.00,0.00,3463.00,23842.65),(113,'2026-04-13',163350.72,182001.60,34,0.00,0.00,0.00,0.00,0.00,0.00,182001.60,163350.72,182001.60,23842.65),(114,'2026-04-14',120500.00,90207.00,1,0.00,0.00,0.00,0.00,0.00,0.00,90207.00,120500.00,90207.00,23842.65),(115,'2026-04-14',13439.50,14177.50,2,0.00,0.00,0.00,0.00,0.00,0.00,14177.50,13439.50,14177.50,23842.65),(116,'2026-04-14',648843.32,1238673.94,3,0.00,0.00,90.44,86.52,0.00,0.00,1238583.50,648756.80,1238673.94,23842.65),(117,'2026-04-14',9461378.84,13553486.94,4,18560.59,31747.53,1521162.80,1407789.50,437483.32,421886.72,2411234.48,2824955.09,11753486.94,23842.65),(118,'2026-04-14',2293825.00,2215295.43,5,0.00,0.00,0.00,0.00,0.00,0.00,2205295.43,2283825.00,2215295.43,23842.65),(119,'2026-04-14',346153.08,388869.32,7,0.00,0.00,0.00,0.00,0.00,0.00,388869.32,346153.08,388869.32,23842.65),(121,'2026-04-14',772276.97,764474.78,20,0.00,0.00,0.00,0.00,0.00,0.00,764474.78,772276.97,764474.78,23842.65),(122,'2026-04-14',101500.00,77853.50,22,0.00,0.00,0.00,0.00,0.00,0.00,77853.50,101500.00,77853.50,23842.65),(123,'2026-04-14',3463.00,3463.00,31,0.00,0.00,0.00,0.00,0.00,0.00,0.00,0.00,3463.00,23842.65),(124,'2026-04-14',163350.72,182001.60,34,0.00,0.00,0.00,0.00,0.00,0.00,182001.60,163350.72,182001.60,23842.65),(125,'2026-04-15',120500.00,92317.00,1,0.00,0.00,0.00,0.00,0.00,0.00,92317.00,120500.00,92317.00,24231.30),(126,'2026-04-15',13439.50,14483.40,2,0.00,0.00,0.00,0.00,0.00,0.00,14483.40,13439.50,14483.40,24231.30),(127,'2026-04-15',648843.32,1266528.69,3,0.00,0.00,90.44,86.52,0.00,0.00,1266438.25,648756.80,1266528.69,24231.30),(128,'2026-04-15',9475305.08,13615977.78,4,18841.59,31747.53,1521162.80,1407789.50,437483.32,421886.72,2473444.32,2838881.33,11815977.78,24231.30),(129,'2026-04-15',2293825.00,2268682.70,5,0.00,0.00,0.00,0.00,0.00,0.00,2258682.70,2283825.00,2268682.70,24231.30),(130,'2026-04-15',346153.08,397739.98,7,0.00,0.00,0.00,0.00,0.00,0.00,397739.98,346153.08,397739.98,24231.30),(132,'2026-04-15',772276.97,780828.96,20,0.00,0.00,0.00,0.00,0.00,0.00,780828.96,772276.97,780828.96,24231.30),(133,'2026-04-15',101500.00,79553.00,22,0.00,0.00,0.00,0.00,0.00,0.00,79553.00,101500.00,79553.00,24231.30),(134,'2026-04-15',3463.00,3463.00,31,0.00,0.00,0.00,0.00,0.00,0.00,0.00,0.00,3463.00,24231.30),(135,'2026-04-15',163350.72,186794.50,34,0.00,0.00,0.00,0.00,0.00,0.00,186794.50,163350.72,186794.50,24231.30),(136,'2026-04-16',120500.00,92616.50,1,0.00,0.00,0.00,0.00,0.00,0.00,92616.50,120500.00,92616.50,24196.75),(137,'2026-04-16',13439.50,14582.00,2,0.00,0.00,0.00,0.00,0.00,0.00,14582.00,13439.50,14582.00,24196.75),(138,'2026-04-16',648843.32,1298565.79,3,0.00,0.00,90.44,86.52,0.00,0.00,1298475.35,648756.80,1298565.79,24196.75),(139,'2026-04-16',9511222.35,13673164.83,4,18669.36,31747.53,1521162.80,1407789.50,443308.27,421886.72,2524978.65,2874798.60,11873164.83,24196.75),(140,'2026-04-16',2293825.00,2283684.66,5,0.00,0.00,0.00,0.00,0.00,0.00,2273684.66,2283825.00,2283684.66,24196.75),(141,'2026-04-16',346153.08,399611.01,7,0.00,0.00,0.00,0.00,0.00,0.00,399611.01,346153.08,399611.01,24196.75),(143,'2026-04-16',772276.97,785830.64,20,0.00,0.00,0.00,0.00,0.00,0.00,785830.64,772276.97,785830.64,24196.75),(144,'2026-04-16',101500.00,79751.50,22,0.00,0.00,0.00,0.00,0.00,0.00,79751.50,101500.00,79751.50,24196.75),(145,'2026-04-16',3463.00,3463.00,31,0.00,0.00,0.00,0.00,0.00,0.00,0.00,0.00,3463.00,24196.75),(146,'2026-04-16',163350.72,191027.29,34,0.00,0.00,0.00,0.00,0.00,0.00,191027.29,163350.72,191027.29,24196.75),(147,'2026-04-17',120500.00,93235.00,1,0.00,0.00,0.00,0.00,0.00,0.00,93235.00,120500.00,93235.00,24353.55),(148,'2026-04-17',13439.50,14640.00,2,0.00,0.00,0.00,0.00,0.00,0.00,14640.00,13439.50,14640.00,24353.55),(149,'2026-04-17',648843.32,1320120.34,3,0.00,0.00,91.57,86.52,0.00,0.00,1320028.77,648756.80,1320120.34,24353.55),(150,'2026-04-17',9699759.34,13906020.30,4,19424.08,31747.53,1549861.51,1407789.50,443372.85,421886.72,2528316.10,2863335.59,12106020.30,24353.55),(151,'2026-04-17',2293825.00,2311982.91,5,0.00,0.00,0.00,0.00,0.00,0.00,2301982.91,2283825.00,2311982.91,24353.55),(152,'2026-04-17',346153.08,403636.50,7,0.00,0.00,0.00,0.00,0.00,0.00,403636.50,346153.08,403636.50,24353.55),(154,'2026-04-17',772276.97,795750.71,20,0.00,0.00,0.00,0.00,0.00,0.00,795750.71,772276.97,795750.71,24353.55),(155,'2026-04-17',101500.00,80317.00,22,0.00,0.00,0.00,0.00,0.00,0.00,80317.00,101500.00,80317.00,24353.55),(156,'2026-04-17',3463.00,3463.00,31,0.00,0.00,0.00,0.00,0.00,0.00,0.00,0.00,3463.00,24353.55),(157,'2026-04-17',163350.72,193139.20,34,0.00,0.00,0.00,0.00,0.00,0.00,193139.20,163350.72,193139.20,24353.55),(158,'2026-04-18',9699759.34,13918112.40,4,18831.47,31747.53,1559756.56,1407789.50,446162.50,421886.72,2528316.10,2863335.59,12118112.40,24353.55),(159,'2026-04-18',120500.00,93235.00,1,0.00,0.00,0.00,0.00,0.00,0.00,93235.00,120500.00,93235.00,24353.55),(160,'2026-04-18',13439.50,14640.00,2,0.00,0.00,0.00,0.00,0.00,0.00,14640.00,13439.50,14640.00,24353.55),(161,'2026-04-18',648843.32,1320120.21,3,0.00,0.00,91.44,86.52,0.00,0.00,1320028.77,648756.80,1320120.21,24353.55),(162,'2026-04-18',2293825.00,2311982.91,5,0.00,0.00,0.00,0.00,0.00,0.00,2301982.91,2283825.00,2311982.91,24353.55),(163,'2026-04-18',346153.08,403636.50,7,0.00,0.00,0.00,0.00,0.00,0.00,403636.50,346153.08,403636.50,24353.55),(164,'2026-04-18',772276.97,795750.71,20,0.00,0.00,0.00,0.00,0.00,0.00,795750.71,772276.97,795750.71,24353.55),(165,'2026-04-18',101500.00,80317.00,22,0.00,0.00,0.00,0.00,0.00,0.00,80317.00,101500.00,80317.00,24353.55),(166,'2026-04-18',3463.00,3463.00,31,0.00,0.00,0.00,0.00,0.00,0.00,0.00,0.00,3463.00,24353.55),(167,'2026-04-18',163350.72,193139.20,34,0.00,0.00,0.00,0.00,0.00,0.00,193139.20,163350.72,193139.20,24353.55);
/*!40000 ALTER TABLE `core_portfoliovaluehistory` ENABLE KEYS */;
UNLOCK TABLES;

--
-- Table structure for table `core_profile`
--

DROP TABLE IF EXISTS `core_profile`;
/*!40101 SET @saved_cs_client     = @@character_set_client */;
/*!50503 SET character_set_client = utf8mb4 */;
CREATE TABLE `core_profile` (
  `id` bigint NOT NULL AUTO_INCREMENT,
  `mobile_number` longtext,
  `user_id` int NOT NULL,
  `full_name` longtext,
  `date_of_birth` longtext,
  `gender` longtext,
  `investor_type` varchar(20) NOT NULL,
  `equity_brokerage_pct` decimal(10,4) DEFAULT NULL,
  `equity_fixed_charge` decimal(10,2) DEFAULT NULL,
  `initial_investment_limit` decimal(15,2) NOT NULL,
  `intraday_brokerage_pct` decimal(10,4) DEFAULT NULL,
  `intraday_fixed_charge` decimal(10,2) DEFAULT NULL,
  `coin_investment_limit` decimal(15,2) NOT NULL,
  `mf_investment_limit` decimal(15,2) NOT NULL,
  `profile_picture` varchar(100) DEFAULT NULL,
  `coin_profit_expectation` decimal(10,2) NOT NULL,
  `equity_profit_expectation` decimal(10,2) NOT NULL,
  `mf_profit_expectation` decimal(10,2) NOT NULL,
  `financial_goal` decimal(20,2) NOT NULL,
  PRIMARY KEY (`id`),
  UNIQUE KEY `user_id` (`user_id`),
  CONSTRAINT `core_profile_user_id_bf8ada58_fk_auth_user_id` FOREIGN KEY (`user_id`) REFERENCES `auth_user` (`id`)
) ENGINE=InnoDB AUTO_INCREMENT=47 DEFAULT CHARSET=utf8mb4 COLLATE=utf8mb4_0900_ai_ci;
/*!40101 SET character_set_client = @saved_cs_client */;

--
-- Dumping data for table `core_profile`
--

LOCK TABLES `core_profile` WRITE;
/*!40000 ALTER TABLE `core_profile` DISABLE KEYS */;
INSERT INTO `core_profile` VALUES (4,'gAAAAABp1NzakkAdAcSN9mg4LN9rGQclAo7Af6QuD18nLJiugSIWyyBqjGON600n6axyWFnQwcCxoDg23PCMtPVrvBgcZQiVQQ==',2,'gAAAAABp1NzaPJyAmXjyLrdlLt4VzsvhC0FDl-fpGqY2NN7wnjtIf-dv6UZaZEwGFcm5kZ8U5neLFCJEBBHK9UMdcMSC1KEHBg==',NULL,NULL,'moderate',0.0200,20.00,15000.00,0.2000,20.00,15000.00,100000.00,NULL,22.00,22.00,22.00,10000000.00),(5,'gAAAAABp2N5ftkD_6GUGglMo_m91VV8E6ZPAL1P6N3G7NRcVzOVDDpfWQMQI8LJBS8fKAiHeNn4gFj8Snp5R8g3jb5DTFvC7Ig==',3,'gAAAAABp2N5fWpCybtnr8tFB9xFLgpVhIA_irclvhPy2dH28NuooSxo4k8MkDYcY6HQmSeEbKNqYgQ58dbKl4MrbFew_IwMPHQ==',NULL,NULL,'moderate',0.0200,20.00,50000.00,0.2000,20.00,15000.00,100000.00,NULL,22.00,22.00,22.00,10000000.00),(7,'gAAAAABp4036K2JdoXcVo_ms9vFXFfWwvRmSqoaGsxar-Im6yVwYZIodSuW8MwoR8Oiwv9LTuweSawbwSVWfDIIkNBj8Ae8xEg==',4,'gAAAAABp4036BlVcmepyQMtQCT0IPlf5Qa7HFPEmcvxur0rQHLAawa-LqgUjD3OifdnnCw3ctaFUKCG0igxHTW-Ymt39hFLp0Q==','gAAAAABp4036BQf9Kfitaqn55TbBIsiK9FgS67njOjlkmthDAbUvi33S0D4yoD4H23zL2UcnnSpiaCAe9JuSUt5LBpzUvkoesw==','gAAAAABp4036GRJrjcpdHQENrtxc8qTFaABueqFFwU3czDCNkTBCYx0IFNwZdLlTGcLIT7mRo5ciDpWAr9sC1mdstdJSN4NcZg==','moderate',0.2000,0.00,15000.00,0.2000,0.00,15000.00,500000.00,'profile_pics/profile_pic_Axt9dMD.jpg',22.00,15.00,22.00,30000000.00),(8,NULL,5,'gAAAAABp1hJ4XmCnJb4NTZa3I5jBXT0cQVDo8tm31ZtsR80gVfHP64uoCTH7SXtIKP5vqhrtbV_d1Vy-B5L16njmVYPy4j01Uw==','gAAAAABp1hJ4YRYODwhU9wTAitVg4f21gx4cRuAbunjBgZs7lbMrOhB5HTJh1xObfBzYSHoUDtFsCvB66vTkimyqcaDm3pthOg==',NULL,'moderate',0.0200,0.00,15000.00,0.0200,0.00,15000.00,100000.00,NULL,22.00,22.00,22.00,10000000.00),(10,NULL,1,NULL,NULL,NULL,'moderate',0.0200,20.00,15000.00,0.2000,20.00,15000.00,100000.00,NULL,22.00,22.00,22.00,10000000.00),(11,NULL,7,NULL,NULL,NULL,'moderate',0.0200,20.00,15000.00,0.2000,20.00,15000.00,100000.00,NULL,22.00,22.00,22.00,10000000.00),(15,NULL,11,'gAAAAABp4htVyGZAraYqC87Q7WLXfvYH2ZFbFHxNkUDz0JE9_LM3eh6X7trE3HfGKGNBBZfXe6_Pj-BWuhTJ8XgjHtLAiNh0EA==',NULL,NULL,'moderate',0.0200,0.00,15000.00,0.0200,0.00,15000.00,100000.00,'',22.00,22.00,22.00,10000000.00),(21,NULL,15,NULL,NULL,NULL,'moderate',0.0200,20.00,15000.00,0.2000,20.00,15000.00,100000.00,NULL,22.00,22.00,22.00,10000000.00),(26,NULL,20,NULL,NULL,NULL,'moderate',0.0200,20.00,15000.00,0.2000,20.00,15000.00,100000.00,'',22.00,22.00,22.00,10000000.00),(28,NULL,22,NULL,NULL,NULL,'moderate',0.0200,20.00,15000.00,0.2000,20.00,15000.00,100000.00,NULL,22.00,22.00,22.00,10000000.00),(30,NULL,24,NULL,NULL,NULL,'moderate',0.0200,20.00,15000.00,0.2000,20.00,15000.00,100000.00,NULL,22.00,22.00,22.00,10000000.00),(37,NULL,31,NULL,NULL,NULL,'moderate',0.0200,20.00,15000.00,0.2000,20.00,15000.00,100000.00,'',22.00,22.00,22.00,10000000.00),(40,NULL,34,NULL,NULL,NULL,'moderate',0.0200,20.00,15000.00,0.2000,20.00,15000.00,100000.00,NULL,22.00,22.00,22.00,10000000.00),(44,NULL,38,NULL,NULL,NULL,'moderate',0.0200,20.00,15000.00,0.1000,10.00,15000.00,100000.00,NULL,22.00,22.00,22.00,10000000.00),(45,NULL,39,NULL,NULL,NULL,'moderate',0.0200,0.00,15000.00,0.0200,0.00,15000.00,100000.00,NULL,22.00,22.00,22.00,10000000.00),(46,NULL,40,NULL,NULL,NULL,'moderate',0.0200,0.00,15000.00,0.0200,0.00,15000.00,100000.00,'',22.00,22.00,22.00,10000000.00);
/*!40000 ALTER TABLE `core_profile` ENABLE KEYS */;
UNLOCK TABLES;

--
-- Table structure for table `core_signalnotificationstate`
--

DROP TABLE IF EXISTS `core_signalnotificationstate`;
/*!40101 SET @saved_cs_client     = @@character_set_client */;
/*!50503 SET character_set_client = utf8mb4 */;
CREATE TABLE `core_signalnotificationstate` (
  `id` bigint NOT NULL AUTO_INCREMENT,
  `last_buy_count` int NOT NULL,
  `last_reduce_count` int NOT NULL,
  `last_sell_count` int NOT NULL,
  `last_notified_at` datetime(6) NOT NULL,
  `user_id` int NOT NULL,
  `last_signals_hash` varchar(64) DEFAULT NULL,
  PRIMARY KEY (`id`),
  UNIQUE KEY `user_id` (`user_id`),
  CONSTRAINT `core_signalnotificationstate_user_id_908fe448_fk_auth_user_id` FOREIGN KEY (`user_id`) REFERENCES `auth_user` (`id`)
) ENGINE=InnoDB AUTO_INCREMENT=35 DEFAULT CHARSET=utf8mb4 COLLATE=utf8mb4_0900_ai_ci;
/*!40101 SET character_set_client = @saved_cs_client */;

--
-- Dumping data for table `core_signalnotificationstate`
--

LOCK TABLES `core_signalnotificationstate` WRITE;
/*!40000 ALTER TABLE `core_signalnotificationstate` DISABLE KEYS */;
INSERT INTO `core_signalnotificationstate` VALUES (1,0,4,1,'2026-03-29 04:30:10.129539',1,NULL),(2,0,0,1,'2026-04-15 04:30:06.984318',2,NULL),(3,3,2,2,'2026-04-11 04:30:09.724351',3,NULL),(4,144,24,6,'2026-04-18 04:30:00.401653',4,NULL),(5,64,50,8,'2026-04-18 04:30:04.408383',5,NULL),(7,7,5,4,'2026-04-15 04:30:19.122716',7,NULL),(15,0,0,0,'2026-03-13 14:30:53.176856',15,NULL),(19,16,14,8,'2026-04-17 04:30:10.749275',20,NULL),(21,0,3,1,'2026-03-19 04:30:20.478300',22,NULL),(22,0,0,0,'2026-03-20 04:30:25.093421',24,NULL),(25,5,0,0,'2026-03-27 04:30:16.788863',31,NULL),(27,1,2,0,'2026-04-16 04:30:15.998423',34,NULL),(30,0,0,0,'2026-04-03 04:30:20.490190',38,NULL),(31,1,0,0,'2026-04-11 04:30:20.554598',39,NULL),(32,0,0,0,'2026-04-12 04:30:02.268803',40,NULL),(33,0,0,0,'2026-04-18 04:30:08.012711',11,NULL);
/*!40000 ALTER TABLE `core_signalnotificationstate` ENABLE KEYS */;
UNLOCK TABLES;

--
-- Table structure for table `core_signupotp`
--

DROP TABLE IF EXISTS `core_signupotp`;
/*!40101 SET @saved_cs_client     = @@character_set_client */;
/*!50503 SET character_set_client = utf8mb4 */;
CREATE TABLE `core_signupotp` (
  `id` bigint NOT NULL AUTO_INCREMENT,
  `email` longtext NOT NULL,
  `code` longtext NOT NULL,
  `created_at` datetime(6) NOT NULL,
  PRIMARY KEY (`id`)
) ENGINE=InnoDB AUTO_INCREMENT=5 DEFAULT CHARSET=utf8mb4 COLLATE=utf8mb4_0900_ai_ci;
/*!40101 SET character_set_client = @saved_cs_client */;

--
-- Dumping data for table `core_signupotp`
--

LOCK TABLES `core_signupotp` WRITE;
/*!40000 ALTER TABLE `core_signupotp` DISABLE KEYS */;
INSERT INTO `core_signupotp` VALUES (2,'gAAAAABp1N0NosaIY_plMOHVIW7lE8XPJU0stun0FSkPRm63wTexu9agYddhhC2YY9YxD5sE-DJOcqhu8XLcrzSWKwLp-QI8wvay4xnycQjbvl-PtWBpOh0=','gAAAAABp1N0N-PHO55TX5u1C6f_7qyt42-312DeP32LG2B_UhtnPfhMbqe6e-s0OKsBFg7p1tA7Gznk2yicSyexjh4ANTfc23g==','2026-03-03 11:13:01.785000'),(4,'gAAAAABp1N0NlO7NIjLbXli2x5Dy6g_kOO8sx2Qg8Lg5dfc4PAznGnXtjcFSGTCTIXh8K5HDhAlYoKIiJqwGTk_XUmOs41QtWqrYtVnezd9vjUhB6bUTP98=','gAAAAABp1N0NPdN5fcBzrSGJZmGdQ-sPhCw4TDm4oaEXHt0kch2dRNf4s8aHheNQJC6wK6mBjsAFC0tJ9lYSTPcImLrUt_PnFQ==','2026-03-27 09:30:15.928319');
/*!40000 ALTER TABLE `core_signupotp` ENABLE KEYS */;
UNLOCK TABLES;

--
-- Table structure for table `core_strategy`
--

DROP TABLE IF EXISTS `core_strategy`;
/*!40101 SET @saved_cs_client     = @@character_set_client */;
/*!50503 SET character_set_client = utf8mb4 */;
CREATE TABLE `core_strategy` (
  `id` bigint NOT NULL AUTO_INCREMENT,
  `name` varchar(50) NOT NULL,
  `display_name` varchar(100) NOT NULL,
  `updated_at` datetime(6) NOT NULL,
  PRIMARY KEY (`id`),
  UNIQUE KEY `name` (`name`)
) ENGINE=InnoDB AUTO_INCREMENT=5 DEFAULT CHARSET=utf8mb4 COLLATE=utf8mb4_0900_ai_ci;
/*!40101 SET character_set_client = @saved_cs_client */;

--
-- Dumping data for table `core_strategy`
--

LOCK TABLES `core_strategy` WRITE;
/*!40000 ALTER TABLE `core_strategy` DISABLE KEYS */;
INSERT INTO `core_strategy` VALUES (1,'flexi','Flexi Multi Invest','2026-03-10 00:35:35.883000'),(2,'quant','Nifty Quant','2026-03-10 00:35:36.931000'),(3,'pyramid','Pyramiding','2026-03-10 00:35:37.904000'),(4,'growth','Reinvest X','2026-03-10 00:35:38.877000');
/*!40000 ALTER TABLE `core_strategy` ENABLE KEYS */;
UNLOCK TABLES;

--
-- Table structure for table `core_strategystock`
--

DROP TABLE IF EXISTS `core_strategystock`;
/*!40101 SET @saved_cs_client     = @@character_set_client */;
/*!50503 SET character_set_client = utf8mb4 */;
CREATE TABLE `core_strategystock` (
  `id` bigint NOT NULL AUTO_INCREMENT,
  `symbol` varchar(20) NOT NULL,
  `order` int NOT NULL,
  `strategy_id` bigint NOT NULL,
  PRIMARY KEY (`id`),
  UNIQUE KEY `core_strategystock_strategy_id_symbol_4cf4198b_uniq` (`strategy_id`,`symbol`),
  CONSTRAINT `core_strategystock_strategy_id_d933e36f_fk_core_strategy_id` FOREIGN KEY (`strategy_id`) REFERENCES `core_strategy` (`id`)
) ENGINE=InnoDB AUTO_INCREMENT=1812337 DEFAULT CHARSET=utf8mb4 COLLATE=utf8mb4_0900_ai_ci;
/*!40101 SET character_set_client = @saved_cs_client */;

--
-- Dumping data for table `core_strategystock`
--

LOCK TABLES `core_strategystock` WRITE;
/*!40000 ALTER TABLE `core_strategystock` DISABLE KEYS */;
INSERT INTO `core_strategystock` VALUES (1812315,'SILVERBEES',0,1),(1812316,'GOLDBEES',1,1),(1812317,'NIFTYBEES',2,1),(1812318,'HNGSNGBEES',3,1),(1812319,'MON100',4,1),(1812320,'SILVER',5,1),(1812321,'LIQUIDCASE',6,1),(1812322,'TRENT',0,2),(1812323,'ETERNAL',1,2),(1812324,'ITC',2,2),(1812325,'TCS',3,2),(1812326,'JIOFIN',4,2),(1812327,'INDIGO',5,2),(1812328,'MOREALTY',0,3),(1812329,'ITBEES',1,3),(1812330,'LOWVOLIETF',2,3),(1812331,'OILIETF',3,3),(1812332,'PHARMABEES',4,3),(1812333,'DLINKINDIA',0,4),(1812334,'HDFCBANK',1,4),(1812335,'RELIANCE',2,4),(1812336,'NMDC',3,4);
/*!40000 ALTER TABLE `core_strategystock` ENABLE KEYS */;
UNLOCK TABLES;

--
-- Table structure for table `core_transaction`
--

DROP TABLE IF EXISTS `core_transaction`;
/*!40101 SET @saved_cs_client     = @@character_set_client */;
/*!50503 SET character_set_client = utf8mb4 */;
CREATE TABLE `core_transaction` (
  `id` bigint NOT NULL AUTO_INCREMENT,
  `transaction_type` varchar(4) NOT NULL,
  `quantity` int NOT NULL,
  `remaining_quantity` int NOT NULL,
  `price` decimal(10,2) NOT NULL,
  `date` date NOT NULL,
  `created_at` datetime(6) NOT NULL,
  `instrument_id` bigint NOT NULL,
  `user_id` int NOT NULL,
  PRIMARY KEY (`id`),
  KEY `core_transaction_instrument_id_72682c52_fk_core_instrument_id` (`instrument_id`),
  KEY `core_transaction_user_id_9d7207a3_fk_auth_user_id` (`user_id`),
  CONSTRAINT `core_transaction_instrument_id_72682c52_fk_core_instrument_id` FOREIGN KEY (`instrument_id`) REFERENCES `core_instrument` (`id`),
  CONSTRAINT `core_transaction_user_id_9d7207a3_fk_auth_user_id` FOREIGN KEY (`user_id`) REFERENCES `auth_user` (`id`)
) ENGINE=InnoDB AUTO_INCREMENT=1867 DEFAULT CHARSET=utf8mb4 COLLATE=utf8mb4_0900_ai_ci;
/*!40101 SET character_set_client = @saved_cs_client */;

--
-- Dumping data for table `core_transaction`
--

LOCK TABLES `core_transaction` WRITE;
/*!40000 ALTER TABLE `core_transaction` DISABLE KEYS */;
INSERT INTO `core_transaction` VALUES (1,'BUY',1,0,2039.60,'2026-02-20','2026-02-21 23:58:45.206000',242,4),(2,'SELL',1,0,3039.60,'2026-02-21','2026-02-22 00:00:33.104000',242,4),(3,'BUY',1,0,1039.60,'2026-02-21','2026-02-22 00:01:37.871000',242,4),(4,'SELL',1,0,39.60,'2026-02-22','2026-02-22 00:02:05.198000',242,4),(5,'BUY',10,10,500.00,'2026-02-22','2026-02-22 01:10:45.568000',147,1),(6,'BUY',10,10,2400.00,'2026-02-22','2026-02-22 01:39:31.363000',147,1),(7,'BUY',5,0,3200.00,'2026-02-22','2026-02-22 01:39:31.524000',2,1),(8,'BUY',20,20,1400.00,'2026-02-22','2026-02-22 01:39:31.727000',3,1),(9,'BUY',15,15,1500.00,'2026-02-22','2026-02-22 01:39:31.867000',4,1),(10,'BUY',50,50,220.00,'2026-02-22','2026-02-22 01:39:32.005000',5,1),(12,'BUY',1,0,12748.00,'2026-02-22','2026-02-22 13:06:35.331000',253,4),(13,'SELL',1,0,13748.00,'2026-02-22','2026-02-22 13:07:03.026000',253,4),(14,'BUY',1,0,12748.00,'2026-02-22','2026-02-22 13:07:27.265000',253,4),(15,'SELL',1,0,11748.00,'2026-02-22','2026-02-22 13:07:45.959000',253,4),(22,'BUY',100,100,166.46,'2026-02-23','2026-02-23 10:24:57.099000',264,7),(23,'BUY',16,16,901.06,'2026-02-23','2026-02-23 10:24:57.393000',175,7),(24,'BUY',105,105,278.84,'2026-02-23','2026-02-23 10:24:57.558000',91,7),(25,'BUY',20,20,2350.81,'2026-02-23','2026-02-23 10:24:57.752000',22,7),(26,'BUY',26,26,829.75,'2026-02-23','2026-02-23 10:24:58.031000',4,7),(27,'BUY',310,310,70.58,'2026-02-23','2026-02-23 10:24:58.244000',118,7),(28,'BUY',1,1,186.01,'2026-02-23','2026-02-23 10:24:58.445000',29,7),(29,'BUY',1,1,299.85,'2026-02-23','2026-02-23 10:24:58.705000',215,7),(30,'BUY',100,100,31.36,'2026-02-23','2026-02-23 10:24:58.893000',141,7),(31,'BUY',93,93,1252.24,'2026-02-23','2026-02-23 10:24:59.200000',147,7),(32,'BUY',46,46,326.00,'2026-02-23','2026-02-23 10:24:59.537000',14,7),(33,'BUY',10,10,443.20,'2026-02-23','2026-02-23 10:24:59.720000',158,7),(34,'BUY',206,206,271.04,'2026-02-23','2026-02-23 10:24:59.862000',162,7),(35,'BUY',1852,1852,83.35,'2021-01-24','2026-02-24 06:48:21.608000',212,3),(36,'BUY',35,0,286.50,'2026-02-27','2026-02-27 09:37:43.755000',68,4),(37,'BUY',425,95,290.70,'2026-02-27','2026-02-27 10:46:50.271000',68,4),(38,'BUY',1,0,698.16,'2026-02-28','2026-02-28 03:57:53.511000',17,4),(39,'SELL',1,0,698.16,'2026-02-28','2026-02-28 03:58:10.801000',17,4),(40,'BUY',8,7,698.16,'2026-02-28','2026-02-28 04:11:14.990000',17,4),(41,'SELL',1,0,698.16,'2026-02-28','2026-02-28 04:12:02.594000',17,4),(42,'BUY',1,1,698.16,'2026-02-28','2026-02-28 04:12:48.170000',17,4),(55,'BUY',40,40,281.50,'2026-03-02','2026-03-02 14:57:07.369000',68,4),(56,'SELL',5,0,5150.00,'2026-03-02','2026-03-02 15:01:29.424000',16,4),(57,'BUY',2,0,4444.00,'2026-02-28','2026-03-02 15:09:34.586000',16,4),(58,'SELL',1,0,5220.00,'2026-03-02','2026-03-02 15:11:09.703000',16,4),(59,'BUY',1,0,4444.00,'2026-03-02','2026-03-02 15:11:23.182000',16,4),(60,'BUY',5,0,4000.00,'2026-03-01','2026-03-02 15:53:34.363000',16,4),(61,'SELL',5,0,3000.00,'2026-03-01','2026-03-02 15:54:23.796000',16,4),(62,'SELL',2,0,0.00,'2026-03-02','2026-03-02 15:55:34.865000',16,4),(63,'BUY',10,0,5000.00,'2026-03-02','2026-03-02 15:56:29.226000',16,4),(64,'SELL',8,0,8.00,'2026-03-02','2026-03-02 15:59:12.167000',16,4),(65,'BUY',2,0,4600.00,'2026-03-03','2026-03-03 00:00:51.977000',16,4),(66,'SELL',28,0,5220.00,'2026-03-03','2026-03-03 00:01:22.405000',16,4),(75,'BUY',5,0,5050.00,'2026-03-05','2026-03-05 04:09:30.223000',16,4),(76,'BUY',30,30,338.00,'2026-03-06','2026-03-06 10:38:17.234000',85,4),(77,'BUY',80,80,278.00,'2026-03-06','2026-03-06 10:39:33.520000',68,4),(99,'BUY',1,0,100.00,'2026-03-10','2026-03-10 04:17:22.404000',36,4),(100,'SELL',1,0,100.00,'2026-03-10','2026-03-10 04:18:10.543000',36,4),(101,'BUY',5,5,799.00,'2026-03-09','2026-03-10 04:23:54.942000',36,4),(102,'BUY',1,0,100.00,'2026-03-10','2026-03-10 04:24:54.228000',36,4),(103,'SELL',1,0,100.00,'2026-03-10','2026-03-10 04:25:33.989000',36,4),(104,'BUY',1,0,100.00,'2026-03-10','2026-03-10 04:27:06.679000',36,4),(105,'SELL',1,0,200.00,'2026-03-10','2026-03-10 04:27:36.202000',36,4),(110,'SELL',1,0,395.30,'2026-03-10','2026-03-10 07:00:55.742000',31,4),(111,'BUY',38,37,526.17,'2026-03-10','2026-03-10 08:51:31.544000',31,4),(112,'SELL',1,0,100.00,'2026-03-10','2026-03-10 10:06:21.015000',31,4),(113,'BUY',1,1,150.00,'2026-03-10','2026-03-10 10:07:18.282000',31,4),(114,'BUY',260,0,165.05,'2026-03-09','2026-03-10 10:50:12.455000',53,4),(115,'BUY',100,0,153.00,'2026-03-10','2026-03-10 10:51:45.564000',53,4),(116,'SELL',360,0,155.05,'2026-03-10','2026-03-10 10:52:25.186000',53,4),(117,'BUY',260,160,165.05,'2026-03-10','2026-03-10 10:53:43.291000',53,4),(118,'BUY',100,0,150.00,'2026-03-11','2026-03-11 01:06:47.177000',53,4),(119,'SELL',100,0,175.05,'2026-03-11','2026-03-11 01:07:47.677000',53,4),(120,'BUY',1,0,308.10,'2026-03-11','2026-03-11 05:39:53.440000',244,4),(121,'SELL',1,0,308.10,'2026-03-11','2026-03-11 05:40:18.979000',244,4),(122,'BUY',1,1,11110.00,'2026-03-12','2026-03-12 09:52:27.483944',253,4),(218,'BUY',28,28,268.00,'2026-03-13','2026-03-13 01:14:28.544224',68,4),(220,'BUY',39,39,430.00,'2026-03-13','2026-03-13 10:01:29.956706',236,4),(221,'BUY',16,16,295.00,'2026-03-13','2026-03-13 12:02:19.498027',244,4),(223,'BUY',5,0,4137.64,'2026-02-20','2026-03-13 12:22:10.826607',2,4),(224,'BUY',1,0,1400.00,'2026-02-17','2026-03-13 12:22:10.872561',3,2),(225,'BUY',5,0,1963.30,'2026-02-20','2026-03-13 12:22:10.909682',3,4),(226,'BUY',35,0,968.79,'2026-02-20','2026-03-13 12:22:10.973242',4,4),(227,'BUY',77,77,403.35,'2026-02-20','2026-03-13 12:22:11.044363',5,4),(228,'BUY',225,225,50.77,'2026-02-20','2026-03-13 12:22:11.116105',7,4),(229,'BUY',49,49,654.30,'2026-02-20','2026-03-13 12:22:11.159876',8,4),(230,'BUY',429,329,115.00,'2026-02-20','2026-03-13 12:22:11.213045',9,4),(231,'BUY',495,345,231.27,'2026-02-20','2026-03-13 12:22:11.268926',10,4),(232,'BUY',195,195,266.93,'2026-02-20','2026-03-13 12:22:11.319902',11,4),(233,'BUY',75,75,543.30,'2026-02-20','2026-03-13 12:22:11.377425',12,4),(234,'BUY',8,8,740.00,'2026-02-20','2026-03-13 12:22:11.411502',13,4),(235,'BUY',23,23,326.00,'2026-02-20','2026-03-13 12:22:11.451707',14,4),(236,'BUY',10,10,1299.71,'2026-02-20','2026-03-13 12:22:11.505990',18,4),(237,'BUY',30,30,566.69,'2026-02-20','2026-03-13 12:22:11.543271',19,4),(238,'BUY',551,551,40.66,'2026-02-20','2026-03-13 12:22:11.584939',20,4),(239,'BUY',30,30,665.60,'2026-02-20','2026-03-13 12:22:11.626607',21,4),(240,'BUY',7,4,3009.60,'2026-02-20','2026-03-13 12:22:11.669804',22,4),(241,'BUY',20,20,1799.34,'2026-02-20','2026-03-13 12:22:11.719736',23,4),(242,'BUY',14,14,176.74,'2026-02-20','2026-03-13 12:22:11.791695',24,4),(243,'BUY',80,80,184.61,'2026-02-20','2026-03-13 12:22:12.013641',25,4),(244,'BUY',1,1,7089.42,'2026-02-20','2026-03-13 12:22:12.183694',26,4),(245,'BUY',45,45,589.86,'2026-02-20','2026-03-13 12:22:12.317991',27,4),(246,'BUY',5,1,3558.68,'2026-02-20','2026-03-13 12:22:12.404841',28,4),(247,'BUY',5,5,660.39,'2026-02-20','2026-03-13 12:22:12.463448',29,4),(248,'BUY',40,40,898.48,'2026-02-20','2026-03-13 12:22:12.560235',30,4),(249,'BUY',3,3,9047.22,'2026-02-20','2026-03-13 12:22:12.612244',32,4),(250,'BUY',5,5,3637.96,'2026-02-20','2026-03-13 12:22:12.679682',33,4),(251,'BUY',44,44,102.00,'2026-02-20','2026-03-13 12:22:12.729756',34,4),(252,'BUY',7,7,3119.67,'2026-02-20','2026-03-13 12:22:12.782531',35,4),(253,'BUY',12,12,779.84,'2026-02-20','2026-03-13 12:22:12.864391',37,4),(254,'BUY',61,61,945.32,'2026-02-20','2026-03-13 12:22:12.902259',38,4),(255,'BUY',55,55,370.06,'2026-02-20','2026-03-13 12:22:12.945491',39,4),(256,'BUY',800,800,11.47,'2026-02-20','2026-03-13 12:22:12.991053',40,4),(257,'BUY',2,2,2928.92,'2026-02-20','2026-03-13 12:22:13.043296',42,4),(258,'BUY',12,12,938.16,'2026-02-20','2026-03-13 12:22:13.096392',43,4),(259,'BUY',120,120,126.05,'2026-02-20','2026-03-13 12:22:13.146840',44,4),(260,'BUY',12,12,1557.00,'2026-02-20','2026-03-13 12:22:13.210227',45,4),(261,'BUY',30,0,384.80,'2026-02-20','2026-03-13 12:22:13.258138',46,4),(262,'BUY',25,25,145.63,'2026-02-20','2026-03-13 12:22:13.304522',47,4),(263,'BUY',25,25,395.88,'2026-02-20','2026-03-13 12:22:13.353178',48,4),(264,'BUY',186,186,128.88,'2026-02-20','2026-03-13 12:22:13.383907',49,4),(265,'BUY',90,90,144.18,'2026-02-20','2026-03-13 12:22:13.426874',50,4),(266,'BUY',5,5,878.97,'2026-02-20','2026-03-13 12:22:13.476544',51,4),(267,'BUY',400,400,15.33,'2026-02-20','2026-03-13 12:22:13.524643',54,4),(268,'BUY',22,22,854.48,'2026-02-20','2026-03-13 12:22:13.571173',55,4),(269,'BUY',45,45,127.60,'2026-02-20','2026-03-13 12:22:13.612302',56,4),(270,'BUY',25,24,707.33,'2026-02-20','2026-03-13 12:22:13.653534',57,4),(271,'BUY',15,15,435.95,'2026-02-20','2026-03-13 12:22:13.703338',58,4),(272,'BUY',13,13,1140.00,'2026-02-20','2026-03-13 12:22:13.759494',59,4),(273,'BUY',370,370,23.02,'2026-02-20','2026-03-13 12:22:13.835661',61,4),(274,'BUY',55,55,165.71,'2026-02-20','2026-03-13 12:22:13.884476',62,4),(275,'BUY',10,10,740.80,'2026-02-20','2026-03-13 12:22:13.918511',63,4),(276,'BUY',500,500,11.24,'2026-02-20','2026-03-13 12:22:13.968961',64,4),(277,'BUY',65,0,190.26,'2026-02-20','2026-03-13 12:22:14.012835',65,4),(278,'BUY',100,100,110.42,'2026-02-20','2026-03-13 12:22:14.053667',67,4),(279,'BUY',10,10,223.00,'2026-02-17','2026-03-13 12:22:14.103388',68,2),(280,'BUY',31,2,330.30,'2026-02-20','2026-03-13 12:22:14.154152',69,4),(281,'BUY',30,30,260.62,'2026-02-20','2026-03-13 12:22:14.210408',70,4),(282,'BUY',24,0,230.61,'2026-02-20','2026-03-13 12:22:14.253723',71,4),(283,'BUY',8,8,1528.61,'2026-02-20','2026-03-13 12:22:14.300357',72,4),(284,'BUY',17,0,604.83,'2026-02-20','2026-03-13 12:22:14.346418',73,4),(285,'BUY',10,0,673.59,'2026-02-20','2026-03-13 12:22:14.401495',74,4),(286,'BUY',200,200,40.86,'2026-02-20','2026-03-13 12:22:14.437008',76,4),(287,'BUY',31,31,476.73,'2026-02-20','2026-03-13 12:22:14.479654',77,4),(288,'BUY',13,13,1076.18,'2026-02-20','2026-03-13 12:22:14.533897',78,4),(289,'BUY',20,20,531.25,'2026-02-20','2026-03-13 12:22:14.571159',79,4),(290,'BUY',13,13,430.13,'2026-02-20','2026-03-13 12:22:14.620249',80,4),(291,'BUY',10,10,751.78,'2026-02-20','2026-03-13 12:22:14.664030',81,4),(292,'BUY',4,4,1472.10,'2026-02-20','2026-03-13 12:22:14.721639',82,4),(293,'BUY',8,8,2071.91,'2026-02-20','2026-03-13 12:22:14.769522',83,4),(294,'BUY',150,150,50.48,'2026-02-20','2026-03-13 12:22:14.908670',84,4),(295,'BUY',5,0,1167.20,'2026-02-20','2026-03-13 12:22:14.995958',86,4),(296,'BUY',324,324,28.78,'2026-02-20','2026-03-13 12:22:15.053213',87,4),(297,'BUY',1,1,9207.20,'2026-02-20','2026-03-13 12:22:15.095124',88,4),(298,'BUY',42,42,224.00,'2026-02-20','2026-03-13 12:22:15.136587',89,4),(299,'BUY',20,20,304.00,'2026-02-20','2026-03-13 12:22:15.187678',90,4),(300,'BUY',40,0,428.10,'2026-02-20','2026-03-13 12:22:15.229831',91,4),(301,'BUY',5,5,1875.90,'2026-02-20','2026-03-13 12:22:15.283115',92,4),(302,'BUY',319,319,28.64,'2026-02-20','2026-03-13 12:22:15.328986',93,4),(303,'BUY',300,300,41.79,'2026-02-20','2026-03-13 12:22:15.370814',94,4),(304,'BUY',6,6,2092.40,'2026-02-20','2026-03-13 12:22:15.412407',95,4),(305,'BUY',23,23,223.34,'2026-02-20','2026-03-13 12:22:15.486832',96,4),(306,'BUY',100,0,99.61,'2026-02-20','2026-03-13 12:22:15.528902',97,4),(307,'BUY',2,2,7853.00,'2026-02-20','2026-03-13 12:22:15.586602',98,4),(308,'BUY',1,1,6436.05,'2026-02-20','2026-03-13 12:22:15.632551',99,4),(309,'BUY',3,3,1605.00,'2026-02-20','2026-03-13 12:22:15.695369',100,4),(310,'BUY',3,3,1986.10,'2026-02-20','2026-03-13 12:22:15.736733',101,4),(311,'BUY',35,35,155.08,'2026-02-20','2026-03-13 12:22:15.801171',102,4),(312,'BUY',6,6,809.30,'2026-02-20','2026-03-13 12:22:15.843591',103,4),(313,'BUY',486,486,10.72,'2026-02-20','2026-03-13 12:22:15.909365',104,4),(314,'BUY',9,9,1196.79,'2026-02-20','2026-03-13 12:22:15.959422',105,4),(315,'BUY',23,23,325.10,'2026-02-20','2026-03-13 12:22:16.019339',106,4),(316,'BUY',17,17,328.30,'2026-02-20','2026-03-13 12:22:16.076171',107,4),(317,'BUY',27,27,184.40,'2026-02-20','2026-03-13 12:22:16.109384',108,4),(318,'BUY',20,0,166.75,'2026-02-20','2026-03-13 12:22:16.149863',109,4),(319,'BUY',1,1,5141.20,'2026-02-20','2026-03-13 12:22:16.183083',110,4),(320,'BUY',4,4,1711.60,'2026-02-20','2026-03-13 12:22:16.216400',111,4),(321,'BUY',2,2,2890.25,'2026-02-20','2026-03-13 12:22:16.251181',112,4),(322,'BUY',7,7,935.25,'2026-02-20','2026-03-13 12:22:16.301109',113,4),(323,'BUY',8,8,710.35,'2026-02-20','2026-03-13 12:22:16.351185',114,4),(324,'BUY',65,0,116.80,'2026-02-20','2026-03-13 12:22:16.384382',116,4),(325,'BUY',5,5,1483.50,'2026-02-20','2026-03-13 12:22:16.417689',117,4),(326,'BUY',100,100,85.12,'2026-02-20','2026-03-13 12:22:16.467689',118,4),(327,'BUY',30,30,145.20,'2026-02-20','2026-03-13 12:22:16.518838',119,4),(328,'BUY',5,5,1074.25,'2026-02-20','2026-03-13 12:22:16.567573',120,4),(329,'BUY',20,20,439.00,'2026-02-20','2026-03-13 12:22:16.600995',121,4),(330,'BUY',10,10,572.80,'2026-02-20','2026-03-13 12:22:16.634381',122,4),(331,'BUY',180,0,114.36,'2026-02-20','2026-03-13 12:22:16.700903',123,4),(332,'BUY',9,9,352.25,'2026-02-20','2026-03-13 12:22:16.734240',124,4),(333,'BUY',7,7,1183.40,'2026-02-20','2026-03-13 12:22:16.784283',125,4),(334,'BUY',4,4,1224.00,'2026-02-20','2026-03-13 12:22:16.817791',126,4),(335,'BUY',6,0,690.00,'2026-02-20','2026-03-13 12:22:16.851522',127,4),(336,'BUY',9,9,570.70,'2026-02-20','2026-03-13 12:22:16.901166',128,4),(337,'BUY',4,4,3500.60,'2026-02-20','2026-03-13 12:22:16.934441',129,4),(338,'BUY',5,0,2227.80,'2026-02-20','2026-03-13 12:22:16.968998',130,4),(339,'BUY',10,10,223.39,'2026-02-20','2026-03-13 12:22:17.007918',131,4),(340,'BUY',24,24,341.60,'2026-02-20','2026-03-13 12:22:17.041365',132,4),(341,'BUY',60,60,95.27,'2026-02-20','2026-03-13 12:22:17.074870',133,4),(342,'BUY',87,87,53.50,'2026-02-20','2026-03-13 12:22:17.108138',134,4),(343,'BUY',5,5,949.45,'2026-02-20','2026-03-13 12:22:17.141512',135,4),(344,'BUY',31,0,368.00,'2026-02-20','2026-03-13 12:22:17.192051',136,4),(345,'BUY',4,4,1528.70,'2026-02-20','2026-03-13 12:22:17.226066',137,4),(346,'BUY',8,8,305.00,'2026-02-20','2026-03-13 12:22:17.259303',138,4),(347,'BUY',90,0,82.25,'2026-02-20','2026-03-13 12:22:17.292691',139,4),(348,'BUY',25,25,146.20,'2026-02-20','2026-03-13 12:22:17.326056',140,4),(349,'BUY',195,0,33.90,'2026-02-20','2026-03-13 12:22:17.376298',141,4),(350,'BUY',600,600,24.18,'2026-02-20','2026-03-13 12:22:17.427254',142,4),(351,'BUY',50,50,127.54,'2026-02-20','2026-03-13 12:22:17.467581',143,4),(352,'BUY',3,3,1945.80,'2026-02-20','2026-03-13 12:22:17.501005',144,4),(353,'BUY',1,0,7480.00,'2026-02-20','2026-03-13 12:22:17.534471',145,4),(354,'BUY',60,60,349.30,'2026-02-20','2026-03-13 12:22:17.568014',146,4),(355,'BUY',10,10,1575.60,'2026-02-20','2026-03-13 12:22:17.617670',147,4),(356,'BUY',6,6,1019.00,'2026-02-20','2026-03-13 12:22:17.656419',148,4),(357,'BUY',27,5,1028.91,'2026-02-20','2026-03-13 12:22:17.692795',149,4),(358,'BUY',7,7,704.55,'2026-02-20','2026-03-13 12:22:17.744064',150,4),(359,'BUY',3,3,1917.50,'2026-02-20','2026-03-13 12:22:17.784078',151,4),(360,'BUY',5,5,1165.00,'2026-02-20','2026-03-13 12:22:17.834041',152,4),(361,'BUY',1,1,3174.90,'2026-02-20','2026-03-13 12:22:17.867445',154,4),(362,'BUY',8,8,612.04,'2026-02-20','2026-03-13 12:22:17.942506',155,4),(363,'BUY',4,4,1569.40,'2026-02-20','2026-03-13 12:22:17.975817',156,4),(364,'BUY',5,5,710.90,'2026-02-20','2026-03-13 12:22:18.034684',157,4),(365,'BUY',3,0,444.90,'2026-02-20','2026-03-13 12:22:18.068107',158,4),(366,'BUY',10,0,682.25,'2026-02-20','2026-03-13 12:22:18.119233',159,4),(367,'BUY',8,8,805.69,'2026-02-20','2026-03-13 12:22:18.203923',160,4),(368,'BUY',4,4,1352.00,'2026-02-20','2026-03-13 12:22:18.243066',161,4),(369,'BUY',33,33,266.21,'2026-02-20','2026-03-13 12:22:18.284831',162,4),(370,'BUY',10,10,785.85,'2026-02-20','2026-03-13 12:22:18.470133',163,4),(371,'BUY',2,0,2685.00,'2026-02-20','2026-03-13 12:22:18.517715',164,4),(372,'BUY',3,0,2508.60,'2026-02-20','2026-03-13 12:22:18.552237',165,4),(373,'BUY',60,0,180.99,'2026-02-20','2026-03-13 12:22:18.610691',166,4),(374,'BUY',2,0,3719.00,'2026-02-20','2026-03-13 12:22:18.660495',167,4),(375,'BUY',8,0,1264.55,'2026-02-20','2026-03-13 12:22:18.718797',168,4),(376,'BUY',30,30,186.00,'2026-02-20','2026-03-13 12:22:18.760783',169,4),(377,'BUY',1,1,3905.00,'2026-02-20','2026-03-13 12:22:18.802826',170,4),(378,'BUY',9,9,1414.00,'2026-02-20','2026-03-13 12:22:18.860511',171,4),(379,'BUY',8,8,1262.18,'2026-02-20','2026-03-13 12:22:18.902066',172,4),(380,'BUY',4,4,1905.00,'2026-02-20','2026-03-13 12:22:18.950709',173,4),(381,'BUY',6,0,750.75,'2026-02-20','2026-03-13 12:22:18.984047',174,4),(382,'BUY',6,6,1006.70,'2026-02-20','2026-03-13 12:22:19.020792',175,4),(383,'BUY',3,3,2029.10,'2026-02-20','2026-03-13 12:22:19.075348',176,4),(384,'BUY',1,1,3980.20,'2026-02-20','2026-03-13 12:22:19.113734',177,4),(385,'BUY',5,5,57.29,'2026-02-20','2026-03-13 12:22:19.162322',178,4),(386,'BUY',1000,1000,12.37,'2026-02-20','2026-03-13 12:22:19.204112',179,4),(387,'BUY',4,0,3067.80,'2026-02-20','2026-03-13 12:22:19.259704',180,4),(388,'BUY',3,3,1672.00,'2026-02-20','2026-03-13 12:22:19.296015',181,4),(389,'BUY',4,4,1342.50,'2026-02-20','2026-03-13 12:22:19.356957',182,4),(390,'BUY',59,59,129.00,'2026-02-20','2026-03-13 12:22:19.409522',183,4),(391,'BUY',1,1,6039.05,'2026-02-20','2026-03-13 12:22:19.442727',184,4),(392,'BUY',54,54,183.20,'2026-02-20','2026-03-13 12:22:19.494225',185,4),(393,'BUY',15,15,321.00,'2026-02-20','2026-03-13 12:22:19.642810',186,4),(394,'BUY',1,1,5718.50,'2026-02-20','2026-03-13 12:22:19.678450',187,4),(395,'BUY',2,2,2603.00,'2026-02-20','2026-03-13 12:22:19.727498',188,4),(396,'BUY',4,4,1555.70,'2026-02-20','2026-03-13 12:22:19.761349',189,4),(397,'BUY',75,75,143.75,'2026-02-20','2026-03-13 12:22:19.812759',190,4),(398,'BUY',3,3,2134.00,'2026-02-20','2026-03-13 12:22:19.871158',191,4),(399,'BUY',13,13,490.89,'2026-02-20','2026-03-13 12:22:19.926412',192,4),(400,'BUY',1,1,3169.80,'2026-02-20','2026-03-13 12:22:19.983442',193,4),(401,'BUY',5,5,1158.40,'2026-02-20','2026-03-13 12:22:20.033335',194,4),(402,'BUY',50,50,103.94,'2026-02-20','2026-03-13 12:22:20.092566',195,4),(403,'BUY',2,2,2722.50,'2026-02-20','2026-03-13 12:22:20.143144',196,4),(404,'BUY',14,14,390.60,'2026-02-20','2026-03-13 12:22:20.191605',197,4),(405,'BUY',51,51,277.00,'2026-02-20','2026-03-13 12:22:20.243099',198,4),(406,'BUY',1,1,13115.00,'2026-02-20','2026-03-13 12:22:20.299406',199,4),(407,'BUY',18,18,538.20,'2026-02-20','2026-03-13 12:22:20.346944',200,4),(408,'BUY',1,1,5306.55,'2026-02-20','2026-03-13 12:22:20.401701',201,4),(409,'BUY',1,1,16622.00,'2026-02-20','2026-03-13 12:22:20.453425',202,4),(410,'BUY',15,15,688.70,'2026-02-20','2026-03-13 12:22:20.510413',203,4),(411,'BUY',20,20,715.50,'2026-02-20','2026-03-13 12:22:20.561515',204,4),(412,'BUY',8,8,1113.78,'2026-02-20','2026-03-13 12:22:20.610373',205,4),(413,'BUY',5,5,1558.70,'2026-02-20','2026-03-13 12:22:20.665848',206,4),(414,'BUY',20,20,677.65,'2026-02-20','2026-03-13 12:22:20.733151',208,4),(415,'BUY',20,20,549.00,'2026-02-20','2026-03-13 12:22:20.781845',209,4),(416,'BUY',10,10,1181.10,'2026-02-20','2026-03-13 12:22:20.849129',210,4),(417,'BUY',5,5,2999.25,'2026-02-20','2026-03-13 12:22:20.918631',211,4),(418,'BUY',20,20,569.45,'2026-02-20','2026-03-13 12:22:20.958670',212,4),(419,'BUY',14,14,722.00,'2026-02-20','2026-03-13 12:22:20.994049',213,4),(420,'BUY',100,100,109.44,'2026-02-20','2026-03-13 12:22:21.025615',214,4),(421,'BUY',30,30,375.00,'2026-02-20','2026-03-13 12:22:21.060393',215,4),(422,'BUY',50,50,242.87,'2026-02-20','2026-03-13 12:22:21.101577',216,4),(423,'BUY',15,15,697.70,'2026-02-20','2026-03-13 12:22:21.133857',217,4),(424,'BUY',6,6,1542.15,'2026-02-20','2026-03-13 12:22:21.167265',218,4),(425,'BUY',22,22,431.36,'2026-02-20','2026-03-13 12:22:21.249779',219,4),(426,'BUY',3,3,2723.85,'2026-02-20','2026-03-13 12:22:21.298878',220,4),(427,'BUY',15,15,1254.40,'2026-02-20','2026-03-13 12:22:21.350844',221,4),(428,'BUY',460,460,32.00,'2026-02-19','2026-03-13 12:22:21.403551',222,3),(429,'BUY',30,30,299.01,'2026-02-20','2026-03-13 12:22:21.444476',222,4),(430,'BUY',25,25,395.00,'2026-02-20','2026-03-13 12:22:21.499878',223,4),(431,'BUY',5,5,1783.00,'2026-02-20','2026-03-13 12:22:21.542919',224,4),(432,'BUY',33,33,309.80,'2026-02-20','2026-03-13 12:22:21.609234',225,4),(433,'BUY',34,34,510.08,'2026-02-20','2026-03-13 12:22:21.666709',226,4),(434,'BUY',9,9,1552.89,'2026-02-20','2026-03-13 12:22:21.715372',227,4),(435,'BUY',20,20,591.90,'2026-02-20','2026-03-13 12:22:21.777407',228,4),(436,'BUY',7,7,343.00,'2026-02-19','2026-03-13 12:22:21.842253',231,3),(437,'BUY',1,1,8385.05,'2026-02-20','2026-03-13 12:22:21.895210',237,4),(438,'BUY',8,8,1413.50,'2026-02-20','2026-03-13 12:22:21.945709',238,4),(439,'BUY',13,13,727.35,'2026-02-20','2026-03-13 12:22:22.004073',239,4),(440,'BUY',85,85,73.00,'2026-02-20','2026-03-13 12:22:22.049752',240,4),(441,'BUY',7,7,1063.40,'2026-02-20','2026-03-13 12:22:22.087717',241,4),(443,'BUY',1672,402,112.74,'2026-02-20','2026-03-13 12:30:15.155345',60,4),(444,'SELL',770,0,113.14,'2026-03-13','2026-03-13 12:30:15.225492',60,4),(445,'SELL',1,0,709.20,'2026-03-13','2026-03-13 12:31:52.867399',57,4),(446,'BUY',1,1,709.20,'2026-03-13','2026-03-13 12:32:09.478649',57,4),(841,'BUY',1,0,407.55,'2026-03-15','2026-03-15 02:52:54.412144',245,4),(842,'SELL',1,0,407.55,'2026-03-15','2026-03-15 02:53:32.511731',245,4),(894,'BUY',10,9,1245.50,'2026-03-16','2026-03-16 12:05:18.568812',3,2),(895,'SELL',2,0,1245.50,'2026-03-16','2026-03-16 12:06:00.299867',3,2),(896,'SELL',25,0,267.23,'2026-03-16','2026-03-17 15:21:18.524894',68,4),(897,'SELL',25,0,267.23,'2026-03-16','2026-03-17 15:21:18.524889',68,4),(898,'BUY',25,25,266.50,'2026-03-18','2026-03-17 15:23:02.742105',68,4),(899,'BUY',2,0,2880.10,'2026-03-17','2026-03-17 15:43:53.013679',165,4),(900,'BUY',30,30,247.00,'2026-03-18','2026-03-18 08:08:37.179131',256,4),(901,'BUY',10,10,2400.00,'2026-03-18','2026-03-18 08:14:48.635198',147,22),(902,'BUY',5,5,3200.00,'2026-03-18','2026-03-18 08:14:48.712405',2,22),(903,'BUY',20,20,1400.00,'2026-03-18','2026-03-18 08:14:48.745849',3,22),(904,'BUY',15,15,1500.00,'2026-03-18','2026-03-18 08:14:48.796489',4,22),(905,'BUY',50,50,220.00,'2026-03-18','2026-03-18 08:14:48.845858',5,22),(962,'BUY',75,75,263.00,'2026-03-19','2026-03-19 10:19:48.979118',68,4),(963,'BUY',3,3,1750.00,'2026-03-19','2026-03-19 10:21:29.487255',251,4),(964,'BUY',15,0,410.00,'2026-03-19','2026-03-19 10:22:01.116145',245,4),(965,'BUY',8,8,695.00,'2026-03-19','2026-03-19 10:22:25.294020',148,4),(966,'SELL',5,0,2362.80,'2026-03-19','2026-03-19 11:31:06.089987',2,4),(967,'SELL',5,0,1226.00,'2026-03-19','2026-03-19 11:31:15.933127',3,4),(968,'SELL',35,0,800.00,'2026-03-19','2026-03-19 11:31:20.832619',4,4),(977,'BUY',2,2,2928.92,'2026-03-19','2026-03-19 13:06:06.881658',42,20),(978,'BUY',6,6,834.82,'2026-03-19','2026-03-19 13:06:06.960952',43,20),(979,'BUY',3,3,3398.04,'2026-03-19','2026-03-19 13:06:07.025629',35,20),(980,'BUY',70,70,91.27,'2026-03-19','2026-03-19 13:06:07.081466',44,20),(981,'BUY',12,12,616.34,'2026-03-19','2026-03-19 13:06:07.139821',19,20),(982,'BUY',3,3,1809.29,'2026-03-19','2026-03-19 13:06:07.225696',45,20),(983,'BUY',30,30,384.80,'2026-03-19','2026-03-19 13:06:07.281425',46,20),(984,'BUY',5,5,107.32,'2026-03-19','2026-03-19 13:06:07.334278',47,20),(985,'BUY',25,25,395.88,'2026-03-19','2026-03-19 13:06:07.384232',48,20),(986,'BUY',85,85,118.75,'2026-03-19','2026-03-19 13:06:07.439813',49,20),(987,'BUY',20,20,184.06,'2026-03-19','2026-03-19 13:06:07.517164',50,20),(988,'BUY',20,20,421.45,'2026-03-19','2026-03-19 13:06:07.567198',31,20),(989,'BUY',39,39,438.95,'2026-03-19','2026-03-19 13:06:07.620834',236,20),(990,'BUY',5,5,878.97,'2026-03-19','2026-03-19 13:06:07.673277',51,20),(991,'BUY',329,329,108.39,'2026-03-19','2026-03-19 13:06:07.733969',9,20),(992,'BUY',160,160,165.89,'2026-03-19','2026-03-19 13:06:07.783918',53,20),(993,'BUY',400,400,15.33,'2026-03-19','2026-03-19 13:06:07.982186',54,20),(994,'BUY',22,22,854.49,'2026-03-19','2026-03-19 13:06:08.086020',55,20),(995,'BUY',45,45,127.60,'2026-03-19','2026-03-19 13:06:08.142580',56,20),(996,'BUY',261,261,38.95,'2026-03-19','2026-03-19 13:06:08.192718',20,20),(997,'BUY',3,3,350.18,'2026-03-19','2026-03-19 13:06:08.248089',5,20),(998,'BUY',25,25,707.33,'2026-03-19','2026-03-19 13:06:08.303936',57,20),(999,'BUY',5,5,5022.35,'2026-03-19','2026-03-19 13:06:08.359287',16,20),(1000,'BUY',15,15,435.95,'2026-03-19','2026-03-19 13:06:08.409268',58,20),(1001,'BUY',13,13,1140.00,'2026-03-19','2026-03-19 13:06:08.459260',59,20),(1002,'BUY',890,890,112.75,'2026-03-19','2026-03-19 13:06:08.509066',60,20),(1003,'BUY',370,370,23.02,'2026-03-19','2026-03-19 13:06:08.564646',61,20),(1004,'BUY',55,55,165.71,'2026-03-19','2026-03-19 13:06:08.617061',62,20),(1005,'BUY',10,10,740.80,'2026-03-19','2026-03-19 13:06:08.673125',63,20),(1006,'BUY',500,500,11.24,'2026-03-19','2026-03-19 13:06:08.725737',64,20),(1007,'BUY',65,65,190.26,'2026-03-19','2026-03-19 13:06:08.781381',65,20),(1008,'BUY',345,345,223.32,'2026-03-19','2026-03-19 13:06:08.845666',10,20),(1009,'BUY',100,100,110.42,'2026-03-19','2026-03-19 13:06:08.939612',67,20),(1010,'BUY',466,466,287.03,'2026-03-19','2026-03-19 13:06:08.998048',68,20),(1011,'BUY',1,1,422.95,'2026-03-19','2026-03-19 13:06:09.075653',69,20),(1012,'BUY',30,30,260.62,'2026-03-19','2026-03-19 13:06:09.131295',70,20),(1013,'BUY',23,23,228.17,'2026-03-19','2026-03-19 13:06:09.189722',71,20),(1014,'BUY',4,4,1342.93,'2026-03-19','2026-03-19 13:06:09.275554',18,20),(1015,'BUY',8,8,1528.61,'2026-03-19','2026-03-19 13:06:09.331427',72,20),(1016,'BUY',17,17,604.83,'2026-03-19','2026-03-19 13:06:09.417231',73,20),(1017,'BUY',10,10,673.59,'2026-03-19','2026-03-19 13:06:09.475834',74,20),(1018,'BUY',115,115,224.42,'2026-03-19','2026-03-19 13:06:09.531393',11,20),(1019,'BUY',200,200,40.86,'2026-03-19','2026-03-19 13:06:09.583885',76,20),(1020,'BUY',1,1,8961.20,'2026-03-19','2026-03-19 13:06:09.634009',32,20),(1021,'BUY',5,5,477.08,'2026-03-19','2026-03-19 13:06:09.689647',77,20),(1022,'BUY',7,7,1308.10,'2026-03-19','2026-03-19 13:06:09.748041',78,20),(1023,'BUY',20,20,531.25,'2026-03-19','2026-03-19 13:06:09.800706',79,20),(1024,'BUY',1,1,304.20,'2026-03-19','2026-03-19 13:06:09.889277',80,20),(1025,'BUY',1,1,672.36,'2026-03-19','2026-03-19 13:06:09.933981',8,20),(1026,'BUY',1,1,11133.30,'2026-03-19','2026-03-19 13:06:09.998052',253,20),(1027,'BUY',10,10,751.78,'2026-03-19','2026-03-19 13:06:10.066946',81,20),(1028,'BUY',35,35,970.00,'2026-03-19','2026-03-19 13:15:11.201325',4,4),(1029,'BUY',100,0,800.00,'2026-03-18','2026-03-19 13:16:46.169731',4,4),(1030,'SELL',100,0,840.00,'2026-03-18','2026-03-19 13:17:26.540910',4,4),(1031,'BUY',100,0,800.00,'2026-03-17','2026-03-19 13:19:03.713234',4,4),(1032,'SELL',100,0,820.00,'2026-03-17','2026-03-19 13:19:28.157930',4,4),(1033,'BUY',5,5,1963.30,'2026-03-19','2026-03-19 13:21:05.301209',3,4),(1034,'BUY',3,0,1226.00,'2026-03-18','2026-03-19 13:22:24.205318',3,4),(1035,'SELL',3,0,2226.00,'2026-03-18','2026-03-19 13:22:39.851150',3,4),(1036,'BUY',5,5,4137.64,'2026-03-19','2026-03-19 13:23:48.165114',2,4),(1037,'BUY',9,0,2362.80,'2026-03-18','2026-03-19 13:24:42.084862',2,4),(1038,'SELL',9,0,2362.80,'2026-03-18','2026-03-19 13:24:54.300719',2,4),(1039,'BUY',9,0,2362.80,'2026-03-17','2026-03-19 13:25:41.941529',2,4),(1040,'SELL',9,0,3362.80,'2026-03-17','2026-03-19 13:26:01.477738',2,4),(1143,'BUY',13,3,405.00,'2026-03-20','2026-03-20 06:31:02.567061',158,4),(1149,'BUY',75,0,261.60,'2026-03-20','2026-03-20 22:58:17.241985',68,4),(1150,'SELL',75,0,262.60,'2026-03-20','2026-03-20 22:59:19.569414',68,4),(1202,'BUY',75,75,262.60,'2026-03-22','2026-03-23 00:48:18.742193',68,4),(1203,'SELL',75,0,264.00,'2026-03-23','2026-03-23 00:49:45.493925',68,4),(1204,'BUY',5,5,4005.00,'2026-03-23','2026-03-23 10:01:56.155825',16,4),(1205,'BUY',75,75,258.00,'2026-03-23','2026-03-23 10:03:04.132973',68,4),(1206,'BUY',200,200,111.00,'2026-03-23','2026-03-23 10:03:30.628185',9,4),(1207,'BUY',5,5,800.00,'2026-03-23','2026-03-23 11:39:47.500736',4,4),(1208,'SELL',100,0,113.00,'2026-03-24','2026-03-24 10:21:17.995873',9,4),(1209,'SELL',5,0,4070.00,'2026-03-24','2026-03-24 10:25:50.258163',16,4),(1210,'SELL',75,0,258.00,'2026-03-24','2026-03-24 10:29:39.027020',68,4),(1211,'BUY',30,0,284.80,'2026-03-25','2026-03-25 14:39:04.080565',46,4),(1317,'BUY',32,32,149.50,'2026-03-27','2026-03-27 06:37:19.982247',216,4),(1318,'BUY',130,130,76.50,'2026-03-27','2026-03-27 06:58:17.696058',260,4),(1319,'BUY',10,10,477.00,'2026-03-27','2026-03-27 07:02:33.166458',12,4),(1320,'SELL',38,0,260.00,'2026-03-27','2026-03-27 08:23:07.711117',68,4),(1321,'SELL',24,0,282.00,'2026-03-27','2026-03-27 08:45:21.608635',71,4),(1322,'SELL',500,0,113.35,'2026-03-27','2026-03-27 08:48:03.962889',60,4),(1323,'BUY',100,100,92.20,'2026-03-27','2026-03-27 08:50:40.905175',259,4),(1324,'SELL',30,0,285.00,'2026-03-27','2026-03-27 09:21:19.325769',46,4),(1325,'BUY',30,0,282.00,'2026-03-27','2026-03-27 10:21:15.093120',46,4),(1326,'BUY',251,251,439.78,'2026-03-27','2026-03-27 10:52:44.674568',77,34),(1327,'BUY',502,502,65.47,'2026-03-27','2026-03-27 10:52:44.756904',573,34),(1328,'BUY',1000,300,67.00,'2023-01-27','2026-03-27 11:00:09.465453',427,34),(1329,'SELL',700,0,230.00,'2026-03-11','2026-03-27 11:00:41.414113',427,34),(1330,'BUY',38,38,259.48,'2026-03-28','2026-03-27 23:43:47.973027',68,4),(1385,'BUY',10,10,3500.00,'2026-03-29','2026-03-29 03:04:45.487626',2,1),(1386,'SELL',5,0,3600.00,'2026-03-29','2026-03-29 03:04:45.718157',2,1),(1447,'BUY',17,0,2888.00,'2026-03-30','2026-03-30 04:35:46.281610',71,4),(1448,'SELL',17,0,288.00,'2026-03-30','2026-03-30 04:36:41.690668',71,4),(1449,'BUY',17,0,288.00,'2026-03-30','2026-03-30 04:36:57.297550',71,4),(1450,'SELL',17,0,2888.00,'2026-03-30','2026-03-30 04:38:39.504550',71,4),(1451,'BUY',17,17,288.00,'2026-03-30','2026-03-30 04:39:01.547143',71,4),(1452,'SELL',30,0,280.00,'2026-03-30','2026-03-30 10:02:12.437057',46,4),(1453,'BUY',9,9,1197.00,'2026-03-30','2026-03-30 10:03:01.772745',246,4),(1454,'BUY',40,40,253.24,'2026-03-30','2026-03-30 10:03:40.357735',257,4),(1455,'SELL',76,0,255.00,'2026-03-30','2026-03-30 10:04:24.738093',68,4),(1456,'BUY',30,30,282.00,'2026-03-31','2026-03-31 07:27:26.929461',46,4),(1457,'BUY',38,38,255.00,'2026-03-31','2026-03-31 07:30:11.705482',68,4),(1458,'BUY',100,0,73.00,'2026-04-02','2026-04-02 07:24:11.381094',243,4),(1459,'SELL',100,0,72.93,'2026-04-02','2026-04-02 07:25:23.395411',243,4),(1460,'SELL',76,0,259.29,'2026-04-02','2026-04-02 11:22:06.256817',68,4),(1461,'BUY',12,12,478.00,'2026-04-02','2026-04-02 11:27:32.512499',12,4),(1462,'BUY',13,13,824.00,'2026-04-07','2026-04-07 09:58:22.170326',73,4),(1463,'SELL',17,0,860.00,'2026-04-08','2026-04-08 04:35:32.245141',73,4),(1464,'BUY',50,50,980.60,'2026-04-08','2026-04-08 04:43:32.451531',206,3),(1465,'BUY',10,10,812.00,'2026-04-08','2026-04-08 04:55:10.641964',4,4),(1466,'BUY',75,75,1340.53,'2026-04-08','2026-04-08 05:22:37.331229',147,3),(1467,'BUY',210,0,153.13,'2026-04-08','2026-04-08 05:45:44.523589',216,3),(1468,'BUY',210,0,153.13,'2026-04-08','2026-04-08 05:45:45.416702',216,3),(1469,'BUY',210,210,153.00,'2026-04-08','2026-04-08 05:45:47.334073',216,3),(1470,'SELL',420,0,153.00,'2026-04-08','2026-04-08 05:46:58.487715',216,3),(1471,'BUY',2730,2730,76.02,'2024-08-02','2026-04-08 05:52:50.843727',141,3),(1472,'BUY',16,16,993.00,'2026-04-08','2026-04-08 07:16:34.280818',174,5),(1473,'BUY',1,1,7475.00,'2026-04-08','2026-04-08 07:16:34.355297',300,5),(1474,'BUY',1,1,9495.00,'2026-04-08','2026-04-08 07:16:34.581287',88,5),(1475,'BUY',1,1,6140.00,'2026-04-08','2026-04-08 07:16:34.697841',329,5),(1476,'BUY',1,1,7799.00,'2026-04-08','2026-04-08 07:16:34.800787',98,5),(1477,'BUY',1,1,5525.00,'2026-04-08','2026-04-08 07:16:34.885605',184,5),(1478,'BUY',1,1,7150.00,'2026-04-08','2026-04-08 07:16:34.999275',145,5),(1479,'BUY',2,2,3975.00,'2026-04-08','2026-04-08 07:16:35.030210',99,5),(1480,'BUY',2,2,11825.00,'2026-04-08','2026-04-08 07:16:35.104904',199,5),(1481,'BUY',2,2,4687.00,'2026-04-08','2026-04-08 07:16:35.146554',201,5),(1482,'BUY',2,2,7275.00,'2026-04-08','2026-04-08 07:16:35.188165',371,5),(1483,'BUY',2,2,2860.00,'2026-04-08','2026-04-08 07:16:35.229816',410,5),(1484,'BUY',2,2,2520.00,'2026-04-08','2026-04-08 07:16:35.271566',211,5),(1485,'BUY',2,2,3051.00,'2026-04-08','2026-04-08 07:16:35.369431',180,5),(1486,'BUY',2,2,3402.00,'2026-04-08','2026-04-08 07:16:35.494179',177,5),(1487,'BUY',2,2,4457.00,'2026-04-08','2026-04-08 07:16:35.535593',480,5),(1488,'BUY',2,2,13704.00,'2026-04-08','2026-04-08 07:16:35.602357',202,5),(1489,'BUY',2,2,2700.00,'2026-04-08','2026-04-08 07:16:35.663190',129,5),(1490,'BUY',2,2,2362.00,'2026-04-08','2026-04-08 07:16:35.729731',130,5),(1491,'BUY',2,2,4051.00,'2026-04-08','2026-04-08 07:16:35.786560',28,5),(1492,'BUY',3,3,2001.00,'2026-04-08','2026-04-08 07:16:35.837903',251,5),(1493,'BUY',3,3,1831.00,'2026-04-08','2026-04-08 07:16:35.913349',95,5),(1494,'BUY',3,3,1710.00,'2026-04-08','2026-04-08 07:16:35.957121',111,5),(1495,'BUY',3,3,1690.00,'2026-04-08','2026-04-08 07:16:36.005049',59,5),(1496,'BUY',3,3,1810.00,'2026-04-08','2026-04-08 07:16:36.108668',176,5),(1497,'BUY',3,3,1675.00,'2026-04-08','2026-04-08 07:16:36.194656',252,5),(1498,'BUY',4,4,1390.00,'2026-04-08','2026-04-08 07:16:36.263639',82,5),(1499,'BUY',4,4,1280.00,'2026-04-08','2026-04-08 07:16:36.300125',238,5),(1500,'BUY',4,4,2953.00,'2026-04-08','2026-04-08 07:16:36.393841',22,5),(1501,'BUY',4,4,1512.00,'2026-04-08','2026-04-08 07:16:36.453597',189,5),(1502,'BUY',4,4,1255.00,'2026-04-08','2026-04-08 07:16:36.502500',182,5),(1503,'BUY',4,4,3990.00,'2026-04-08','2026-04-08 07:16:36.563358',110,5),(1504,'BUY',4,4,3650.00,'2026-04-08','2026-04-08 07:16:36.622357',482,5),(1505,'BUY',4,4,3425.00,'2026-04-08','2026-04-08 07:16:36.744505',164,5),(1506,'BUY',4,4,1540.00,'2026-04-08','2026-04-08 07:16:36.786749',581,5),(1507,'BUY',5,5,1130.00,'2026-04-08','2026-04-08 07:16:36.856023',281,5),(1508,'BUY',5,5,1175.00,'2026-04-08','2026-04-08 07:16:36.927468',168,5),(1509,'BUY',5,5,1190.00,'2026-04-08','2026-04-08 07:16:36.976580',105,5),(1510,'BUY',5,5,1129.00,'2026-04-08','2026-04-08 07:16:37.071909',125,5),(1511,'BUY',5,5,1011.00,'2026-04-08','2026-04-08 07:16:37.149999',74,5),(1512,'BUY',5,5,1095.00,'2026-04-08','2026-04-08 07:16:37.196561',152,5),(1513,'BUY',6,6,2782.00,'2026-04-08','2026-04-08 07:16:37.302264',35,5),(1514,'BUY',6,6,958.00,'2026-04-08','2026-04-08 07:16:37.433550',175,5),(1515,'BUY',6,6,906.00,'2026-04-08','2026-04-08 07:16:37.500916',113,5),(1516,'BUY',6,6,1345.00,'2026-04-08','2026-04-08 07:16:37.639062',117,5),(1517,'BUY',6,6,1206.00,'2026-04-08','2026-04-08 07:16:37.702298',172,5),(1518,'BUY',6,6,5148.00,'2026-04-08','2026-04-08 07:16:37.763799',32,5),(1519,'BUY',7,7,801.00,'2026-04-08','2026-04-08 07:16:37.796643',308,5),(1520,'BUY',7,7,790.00,'2026-04-08','2026-04-08 07:16:37.835640',418,5),(1521,'BUY',7,7,737.00,'2026-04-08','2026-04-08 07:16:37.893416',57,5),(1522,'BUY',8,8,660.00,'2026-04-08','2026-04-08 07:16:37.935899',203,5),(1523,'BUY',8,8,629.00,'2026-04-08','2026-04-08 07:16:37.991602',204,5),(1524,'BUY',8,8,677.00,'2026-04-08','2026-04-08 07:16:38.039902',163,5),(1525,'BUY',9,9,1217.00,'2026-04-08','2026-04-08 07:16:38.095786',23,5),(1526,'BUY',9,9,2897.00,'2026-04-08','2026-04-08 07:16:38.144459',2,5),(1527,'BUY',10,10,725.00,'2026-04-08','2026-04-08 07:16:38.209898',43,5),(1528,'BUY',10,10,517.00,'2026-04-08','2026-04-08 07:16:38.250058',314,5),(1529,'BUY',10,10,3249.00,'2026-04-08','2026-04-08 07:16:38.330524',165,5),(1530,'BUY',11,11,495.00,'2026-04-08','2026-04-08 07:16:38.412888',200,5),(1531,'BUY',11,11,1221.00,'2026-04-08','2026-04-08 07:16:38.460190',45,5),(1532,'BUY',11,11,3842.00,'2026-04-08','2026-04-08 07:16:38.513098',33,5),(1533,'BUY',11,11,511.00,'2026-04-08','2026-04-08 07:16:38.572182',217,5),(1534,'BUY',12,12,1083.00,'2026-04-08','2026-04-08 07:16:38.642028',224,5),(1535,'BUY',12,12,1496.00,'2026-04-08','2026-04-08 07:16:38.704870',3,5),(1536,'BUY',12,12,1431.00,'2026-04-08','2026-04-08 07:16:38.779545',147,5),(1537,'BUY',13,13,390.00,'2026-04-08','2026-04-08 07:16:38.826472',255,5),(1538,'BUY',13,13,405.00,'2026-04-08','2026-04-08 07:16:38.876519',415,5),(1539,'BUY',13,13,892.00,'2026-04-08','2026-04-08 07:16:38.925248',148,5),(1540,'BUY',14,14,576.00,'2026-04-08','2026-04-08 07:16:38.977242',38,5),(1541,'BUY',14,14,384.00,'2026-04-08','2026-04-08 07:16:39.030215',69,5),(1542,'BUY',15,15,428.00,'2026-04-08','2026-04-08 07:16:39.125472',58,5),(1543,'BUY',15,15,345.00,'2026-04-08','2026-04-08 07:16:39.177588',8,5),(1544,'BUY',16,16,438.00,'2026-04-08','2026-04-08 07:16:39.226844',27,5),(1545,'BUY',16,16,681.00,'2026-04-08','2026-04-08 07:16:39.263833',159,5),(1546,'BUY',17,17,605.00,'2026-04-08','2026-04-08 07:16:39.335570',227,5),(1547,'BUY',17,17,295.00,'2026-04-08','2026-04-08 07:16:39.418799',219,5),(1548,'BUY',18,18,3644.00,'2026-04-08','2026-04-08 07:16:39.476891',16,5),(1549,'BUY',18,18,615.00,'2026-04-08','2026-04-08 07:16:39.512623',21,5),(1550,'BUY',18,18,286.00,'2026-04-08','2026-04-08 07:16:39.546076',146,5),(1551,'BUY',18,18,573.00,'2026-04-08','2026-04-08 07:16:39.589014',78,5),(1552,'BUY',19,19,575.00,'2026-04-08','2026-04-08 07:16:39.662476',19,5),(1553,'BUY',19,19,899.00,'2026-04-08','2026-04-08 07:16:39.729633',218,5),(1554,'BUY',19,19,277.00,'2026-04-08','2026-04-08 07:16:39.762991',198,5),(1555,'BUY',19,19,272.00,'2026-04-08','2026-04-08 07:16:39.796350',71,5),(1556,'BUY',19,19,419.00,'2026-04-08','2026-04-08 07:16:39.843470',212,5),(1557,'BUY',20,20,1428.00,'2026-04-08','2026-04-08 07:16:39.927343',72,5),(1558,'BUY',20,20,1050.00,'2026-04-08','2026-04-08 07:16:39.978777',149,5),(1559,'BUY',23,23,193.00,'2026-04-08','2026-04-08 07:16:40.052743',108,5),(1560,'BUY',23,23,226.00,'2026-04-08','2026-04-08 07:16:40.096241',65,5),(1561,'BUY',24,24,437.00,'2026-04-08','2026-04-08 07:16:40.135300',91,5),(1562,'BUY',24,24,425.00,'2026-04-08','2026-04-08 07:16:40.188221',236,5),(1563,'BUY',24,24,437.00,'2026-04-08','2026-04-08 07:16:40.226571',80,5),(1564,'BUY',25,25,639.00,'2026-04-08','2026-04-08 07:16:40.271337',114,5),(1565,'BUY',25,25,209.00,'2026-04-08','2026-04-08 07:16:40.368246',119,5),(1566,'BUY',25,25,206.00,'2026-04-08','2026-04-08 07:16:40.413455',216,5),(1567,'BUY',25,25,400.00,'2026-04-08','2026-04-08 07:16:40.449555',77,5),(1568,'BUY',28,28,368.00,'2026-04-08','2026-04-08 07:16:40.496209',46,5),(1569,'BUY',29,29,218.00,'2026-04-08','2026-04-08 07:16:40.563042',261,5),(1570,'BUY',29,29,181.00,'2026-04-08','2026-04-08 07:16:40.614331',315,5),(1571,'BUY',36,36,443.00,'2026-04-08','2026-04-08 07:16:40.697195',48,5),(1572,'BUY',37,37,747.00,'2026-04-08','2026-04-08 07:16:40.776139',30,5),(1573,'BUY',37,37,136.00,'2026-04-08','2026-04-08 07:16:40.818576',185,5),(1574,'BUY',38,38,136.00,'2026-04-08','2026-04-08 07:16:40.881782',49,5),(1575,'BUY',38,38,134.00,'2026-04-08','2026-04-08 07:16:40.921156',190,5),(1576,'BUY',42,42,427.00,'2026-04-08','2026-04-08 07:16:40.994619',31,5),(1577,'BUY',46,46,110.00,'2026-04-08','2026-04-08 07:16:41.043400',143,5),(1578,'BUY',52,52,931.00,'2026-04-08','2026-04-08 07:16:41.096720',4,5),(1579,'BUY',55,55,479.00,'2026-04-08','2026-04-08 07:16:41.146677',12,5),(1580,'BUY',55,55,306.00,'2026-04-08','2026-04-08 07:16:41.196910',39,5),(1581,'BUY',57,57,177.00,'2026-04-08','2026-04-08 07:16:41.268198',53,5),(1582,'BUY',65,65,125.00,'2026-04-08','2026-04-08 07:16:41.326550',25,5),(1583,'BUY',66,66,238.00,'2026-04-08','2026-04-08 07:16:41.407568',215,5),(1584,'BUY',70,70,326.00,'2026-04-08','2026-04-08 07:16:41.465866',5,5),(1585,'BUY',70,70,161.00,'2026-04-08','2026-04-08 07:16:41.511221',62,5),(1586,'BUY',75,75,69.00,'2026-04-08','2026-04-08 07:16:41.563375',50,5),(1587,'BUY',77,77,248.00,'2026-04-08','2026-04-08 07:16:41.598678',162,5),(1588,'BUY',80,80,68.00,'2026-04-08','2026-04-08 07:16:41.639865',141,5),(1589,'BUY',95,95,165.00,'2026-04-08','2026-04-08 07:16:41.694056',29,5),(1590,'BUY',100,100,50.00,'2026-04-08','2026-04-08 07:16:41.736735',84,5),(1591,'BUY',100,100,112.00,'2026-04-08','2026-04-08 07:16:41.799398',183,5),(1592,'BUY',120,120,86.00,'2026-04-08','2026-04-08 07:16:41.854249',195,5),(1593,'BUY',122,122,41.00,'2026-04-08','2026-04-08 07:16:41.912986',94,5),(1594,'BUY',146,146,273.00,'2026-04-08','2026-04-08 07:16:41.951886',11,5),(1595,'BUY',150,150,161.00,'2026-04-08','2026-04-08 07:16:42.006768',222,5),(1596,'BUY',162,162,95.00,'2026-04-08','2026-04-08 07:16:42.037736',259,5),(1597,'BUY',180,180,80.00,'2026-04-08','2026-04-08 07:16:42.073337',118,5),(1598,'BUY',189,189,27.00,'2026-04-08','2026-04-08 07:16:42.108933',93,5),(1599,'BUY',210,210,106.00,'2026-04-08','2026-04-08 07:16:42.156378',140,5),(1600,'BUY',255,255,88.00,'2026-04-08','2026-04-08 07:16:42.207171',97,5),(1601,'BUY',312,312,275.00,'2026-04-08','2026-04-08 07:16:42.276429',68,5),(1602,'BUY',315,315,90.00,'2026-04-08','2026-04-08 07:16:42.340702',133,5),(1603,'BUY',329,329,123.00,'2026-04-08','2026-04-08 07:16:42.434295',9,5),(1604,'BUY',335,335,22.00,'2026-04-08','2026-04-08 07:16:42.505881',61,5),(1605,'BUY',350,350,15.00,'2026-04-08','2026-04-08 07:16:42.573229',54,5),(1606,'BUY',400,400,217.00,'2026-04-08','2026-04-08 07:16:42.655848',10,5),(1607,'BUY',730,730,22.00,'2026-04-08','2026-04-08 07:16:42.735575',87,5),(1608,'BUY',910,910,11.00,'2026-04-08','2026-04-08 07:16:42.773175',64,5),(1609,'BUY',980,980,38.00,'2026-04-08','2026-04-08 07:16:42.806742',20,5),(1610,'BUY',1100,1100,7.00,'2026-04-08','2026-04-08 07:16:42.842871',40,5),(1611,'BUY',1178,1178,23.00,'2026-04-08','2026-04-08 07:16:42.890395',142,5),(1612,'BUY',1713,1713,11.00,'2026-04-08','2026-04-08 07:16:42.974973',179,5),(1613,'BUY',1798,1798,43.00,'2026-04-08','2026-04-08 07:16:43.036630',76,5),(1614,'BUY',16,16,993.00,'2026-04-08','2026-04-08 08:32:57.003670',174,5),(1615,'BUY',1,1,7475.00,'2026-04-08','2026-04-08 08:32:57.060052',300,5),(1616,'BUY',1,1,9495.00,'2026-04-08','2026-04-08 08:32:57.101859',88,5),(1617,'BUY',1,1,6140.00,'2026-04-08','2026-04-08 08:32:57.170923',329,5),(1618,'BUY',1,1,7799.00,'2026-04-08','2026-04-08 08:32:57.233970',98,5),(1619,'BUY',1,1,5525.00,'2026-04-08','2026-04-08 08:32:57.284017',184,5),(1620,'BUY',1,1,6221.00,'2026-04-08','2026-04-08 08:32:57.350986',650,5),(1621,'BUY',1,1,7150.00,'2026-04-08','2026-04-08 08:32:57.394654',145,5),(1622,'BUY',2,2,3975.00,'2026-04-08','2026-04-08 08:32:57.467354',99,5),(1623,'BUY',2,2,11825.00,'2026-04-08','2026-04-08 08:32:57.544911',199,5),(1624,'BUY',2,2,4687.00,'2026-04-08','2026-04-08 08:32:57.741463',201,5),(1625,'BUY',2,2,7275.00,'2026-04-08','2026-04-08 08:32:57.803731',371,5),(1626,'BUY',2,2,2860.00,'2026-04-08','2026-04-08 08:32:57.867279',410,5),(1627,'BUY',2,2,2520.00,'2026-04-08','2026-04-08 08:32:57.951174',211,5),(1628,'BUY',2,2,3051.00,'2026-04-08','2026-04-08 08:32:58.017261',180,5),(1629,'BUY',2,2,3402.00,'2026-04-08','2026-04-08 08:32:58.081147',177,5),(1630,'BUY',2,2,4457.00,'2026-04-08','2026-04-08 08:32:58.192677',480,5),(1631,'BUY',2,2,13704.00,'2026-04-08','2026-04-08 08:32:58.245290',202,5),(1632,'BUY',2,2,2700.00,'2026-04-08','2026-04-08 08:32:58.309380',129,5),(1633,'BUY',2,2,2362.00,'2026-04-08','2026-04-08 08:32:58.361554',130,5),(1634,'BUY',2,2,4051.00,'2026-04-08','2026-04-08 08:32:58.425911',28,5),(1635,'BUY',3,3,2001.00,'2026-04-08','2026-04-08 08:32:58.487253',251,5),(1636,'BUY',3,3,1831.00,'2026-04-08','2026-04-08 08:32:58.547641',95,5),(1637,'BUY',3,3,1710.00,'2026-04-08','2026-04-08 08:32:58.625636',111,5),(1638,'BUY',3,3,1690.00,'2026-04-08','2026-04-08 08:32:58.675670',59,5),(1639,'BUY',3,3,1810.00,'2026-04-08','2026-04-08 08:32:58.742509',176,5),(1640,'BUY',3,3,1675.00,'2026-04-08','2026-04-08 08:32:58.804363',252,5),(1641,'BUY',4,4,1390.00,'2026-04-08','2026-04-08 08:32:58.855613',82,5),(1642,'BUY',4,4,1280.00,'2026-04-08','2026-04-08 08:32:58.945135',238,5),(1643,'BUY',4,4,2953.00,'2026-04-08','2026-04-08 08:32:58.995101',22,5),(1644,'BUY',4,4,1512.00,'2026-04-08','2026-04-08 08:32:59.045284',189,5),(1645,'BUY',4,4,1255.00,'2026-04-08','2026-04-08 08:32:59.095100',182,5),(1646,'BUY',4,4,3990.00,'2026-04-08','2026-04-08 08:32:59.154516',110,5),(1647,'BUY',4,4,3650.00,'2026-04-08','2026-04-08 08:32:59.204515',482,5),(1648,'BUY',4,4,3425.00,'2026-04-08','2026-04-08 08:32:59.272372',164,5),(1649,'BUY',4,4,1540.00,'2026-04-08','2026-04-08 08:32:59.322736',581,5),(1650,'BUY',5,5,1130.00,'2026-04-08','2026-04-08 08:32:59.372756',281,5),(1651,'BUY',5,5,1175.00,'2026-04-08','2026-04-08 08:32:59.425905',168,5),(1652,'BUY',5,5,1190.00,'2026-04-08','2026-04-08 08:32:59.478559',105,5),(1653,'BUY',5,5,1129.00,'2026-04-08','2026-04-08 08:32:59.528875',125,5),(1654,'BUY',5,5,1011.00,'2026-04-08','2026-04-08 08:32:59.617159',74,5),(1655,'BUY',5,5,1095.00,'2026-04-08','2026-04-08 08:32:59.704762',152,5),(1656,'BUY',6,6,2782.00,'2026-04-08','2026-04-08 08:32:59.775475',35,5),(1657,'BUY',6,6,958.00,'2026-04-08','2026-04-08 08:32:59.825406',175,5),(1658,'BUY',6,6,906.00,'2026-04-08','2026-04-08 08:32:59.875474',113,5),(1659,'BUY',6,6,1345.00,'2026-04-08','2026-04-08 08:32:59.925768',117,5),(1660,'BUY',6,6,1206.00,'2026-04-08','2026-04-08 08:32:59.992566',172,5),(1661,'BUY',6,6,5148.00,'2026-04-08','2026-04-08 08:33:00.083992',32,5),(1662,'BUY',7,7,801.00,'2026-04-08','2026-04-08 08:33:00.124758',308,5),(1663,'BUY',7,7,790.00,'2026-04-08','2026-04-08 08:33:00.169489',418,5),(1664,'BUY',7,7,737.00,'2026-04-08','2026-04-08 08:33:00.233827',57,5),(1665,'BUY',8,8,660.00,'2026-04-08','2026-04-08 08:33:00.288063',203,5),(1666,'BUY',8,8,629.00,'2026-04-08','2026-04-08 08:33:00.358727',204,5),(1667,'BUY',8,8,677.00,'2026-04-08','2026-04-08 08:33:00.425326',163,5),(1668,'BUY',9,9,1217.00,'2026-04-08','2026-04-08 08:33:00.476021',23,5),(1669,'BUY',9,9,2897.00,'2026-04-08','2026-04-08 08:33:00.553946',2,5),(1670,'BUY',10,10,725.00,'2026-04-08','2026-04-08 08:33:00.637613',43,5),(1671,'BUY',10,10,517.00,'2026-04-08','2026-04-08 08:33:00.708746',314,5),(1672,'BUY',10,10,3249.00,'2026-04-08','2026-04-08 08:33:00.775420',165,5),(1673,'BUY',11,11,495.00,'2026-04-08','2026-04-08 08:33:00.825360',200,5),(1674,'BUY',11,11,1221.00,'2026-04-08','2026-04-08 08:33:00.891963',45,5),(1675,'BUY',11,11,3842.00,'2026-04-08','2026-04-08 08:33:00.942288',33,5),(1676,'BUY',11,11,511.00,'2026-04-08','2026-04-08 08:33:01.008717',217,5),(1677,'BUY',12,12,1083.00,'2026-04-08','2026-04-08 08:33:01.058803',224,5),(1678,'BUY',12,12,1496.00,'2026-04-08','2026-04-08 08:33:01.125595',3,5),(1679,'BUY',12,12,1431.00,'2026-04-08','2026-04-08 08:33:01.175446',147,5),(1680,'BUY',13,13,390.00,'2026-04-08','2026-04-08 08:33:01.241976',255,5),(1681,'BUY',13,13,405.00,'2026-04-08','2026-04-08 08:33:01.311741',415,5),(1682,'BUY',13,13,892.00,'2026-04-08','2026-04-08 08:33:01.375395',148,5),(1683,'BUY',14,14,576.00,'2026-04-08','2026-04-08 08:33:01.425426',38,5),(1684,'BUY',14,14,384.00,'2026-04-08','2026-04-08 08:33:01.492101',69,5),(1685,'BUY',15,15,345.00,'2026-04-08','2026-04-08 08:33:01.559047',615,5),(1686,'BUY',15,15,428.00,'2026-04-08','2026-04-08 08:33:01.634222',58,5),(1687,'BUY',15,15,345.00,'2026-04-08','2026-04-08 08:33:01.700461',8,5),(1688,'BUY',16,16,438.00,'2026-04-08','2026-04-08 08:33:01.770823',27,5),(1689,'BUY',16,16,681.00,'2026-04-08','2026-04-08 08:33:01.833762',159,5),(1690,'BUY',17,17,605.00,'2026-04-08','2026-04-08 08:33:01.904274',227,5),(1691,'BUY',17,17,295.00,'2026-04-08','2026-04-08 08:33:01.967137',219,5),(1692,'BUY',18,18,3644.00,'2026-04-08','2026-04-08 08:33:02.033751',16,5),(1693,'BUY',18,18,615.00,'2026-04-08','2026-04-08 08:33:02.087615',21,5),(1694,'BUY',18,18,286.00,'2026-04-08','2026-04-08 08:33:02.150432',146,5),(1695,'BUY',18,18,573.00,'2026-04-08','2026-04-08 08:33:02.211490',78,5),(1696,'BUY',19,19,575.00,'2026-04-08','2026-04-08 08:33:02.275381',19,5),(1697,'BUY',19,19,899.00,'2026-04-08','2026-04-08 08:33:02.345169',218,5),(1698,'BUY',19,19,277.00,'2026-04-08','2026-04-08 08:33:02.394871',198,5),(1699,'BUY',19,19,272.00,'2026-04-08','2026-04-08 08:33:02.461326',71,5),(1700,'BUY',19,19,419.00,'2026-04-08','2026-04-08 08:33:02.511210',212,5),(1701,'BUY',20,20,265.00,'2026-04-08','2026-04-08 08:33:02.605367',649,5),(1702,'BUY',20,20,1428.00,'2026-04-08','2026-04-08 08:33:02.675711',72,5),(1703,'BUY',20,20,1050.00,'2026-04-08','2026-04-08 08:33:02.742278',149,5),(1704,'BUY',23,23,193.00,'2026-04-08','2026-04-08 08:33:02.792031',108,5),(1705,'BUY',23,23,226.00,'2026-04-08','2026-04-08 08:33:02.858721',65,5),(1706,'BUY',24,24,437.00,'2026-04-08','2026-04-08 08:33:02.908858',91,5),(1707,'BUY',24,24,425.00,'2026-04-08','2026-04-08 08:33:02.975430',236,5),(1708,'BUY',24,24,437.00,'2026-04-08','2026-04-08 08:33:03.023139',80,5),(1709,'BUY',25,25,639.00,'2026-04-08','2026-04-08 08:33:03.089725',114,5),(1710,'BUY',25,25,209.00,'2026-04-08','2026-04-08 08:33:03.141946',119,5),(1711,'BUY',25,25,206.00,'2026-04-08','2026-04-08 08:33:03.208785',216,5),(1712,'BUY',25,25,400.00,'2026-04-08','2026-04-08 08:33:03.258731',77,5),(1713,'BUY',28,28,368.00,'2026-04-08','2026-04-08 08:33:03.325342',46,5),(1714,'BUY',29,29,218.00,'2026-04-08','2026-04-08 08:33:03.378099',261,5),(1715,'BUY',29,29,181.00,'2026-04-08','2026-04-08 08:33:03.441999',315,5),(1716,'BUY',36,36,443.00,'2026-04-08','2026-04-08 08:33:03.491958',48,5),(1717,'BUY',36,36,282.00,'2026-04-08','2026-04-08 08:33:03.567102',648,5),(1718,'BUY',37,37,747.00,'2026-04-08','2026-04-08 08:33:03.633761',30,5),(1719,'BUY',37,37,136.00,'2026-04-08','2026-04-08 08:33:03.687453',185,5),(1720,'BUY',38,38,136.00,'2026-04-08','2026-04-08 08:33:03.758764',49,5),(1721,'BUY',38,38,134.00,'2026-04-08','2026-04-08 08:33:03.921753',190,5),(1722,'BUY',42,42,427.00,'2026-04-08','2026-04-08 08:33:04.011729',31,5),(1723,'BUY',46,46,110.00,'2026-04-08','2026-04-08 08:33:04.191923',143,5),(1724,'BUY',52,52,931.00,'2026-04-08','2026-04-08 08:33:04.253943',4,5),(1725,'BUY',55,55,479.00,'2026-04-08','2026-04-08 08:33:04.316986',12,5),(1726,'BUY',55,55,306.00,'2026-04-08','2026-04-08 08:33:04.377810',39,5),(1727,'BUY',57,57,177.00,'2026-04-08','2026-04-08 08:33:04.427758',53,5),(1728,'BUY',65,65,125.00,'2026-04-08','2026-04-08 08:33:04.477783',25,5),(1729,'BUY',66,66,238.00,'2026-04-08','2026-04-08 08:33:04.527781',215,5),(1730,'BUY',70,70,150.00,'2026-04-08','2026-04-08 08:33:04.640508',647,5),(1731,'BUY',70,70,326.00,'2026-04-08','2026-04-08 08:33:04.694441',5,5),(1732,'BUY',70,70,161.00,'2026-04-08','2026-04-08 08:33:04.761453',62,5),(1733,'BUY',75,75,69.00,'2026-04-08','2026-04-08 08:33:04.823581',50,5),(1734,'BUY',76,76,271.00,'2026-04-08','2026-04-08 08:33:04.875236',646,5),(1735,'BUY',77,77,248.00,'2026-04-08','2026-04-08 08:33:04.925294',162,5),(1736,'BUY',78,78,132.00,'2026-04-08','2026-04-08 08:33:04.994503',645,5),(1737,'BUY',80,80,64.00,'2026-04-08','2026-04-08 08:33:05.044520',644,5),(1738,'BUY',80,80,68.00,'2026-04-08','2026-04-08 08:33:05.095022',141,5),(1739,'BUY',92,92,119.00,'2026-04-08','2026-04-08 08:33:05.161479',643,5),(1740,'BUY',95,95,165.00,'2026-04-08','2026-04-08 08:33:05.211474',29,5),(1741,'BUY',100,100,50.00,'2026-04-08','2026-04-08 08:33:05.261485',84,5),(1742,'BUY',100,100,112.00,'2026-04-08','2026-04-08 08:33:05.311489',183,5),(1743,'BUY',102,102,99.00,'2026-04-08','2026-04-08 08:33:05.375255',642,5),(1744,'BUY',109,109,74.00,'2026-04-08','2026-04-08 08:33:05.437402',641,5),(1745,'BUY',110,110,94.00,'2026-04-08','2026-04-08 08:33:05.487802',640,5),(1746,'BUY',120,120,86.00,'2026-04-08','2026-04-08 08:33:05.558678',195,5),(1747,'BUY',122,122,41.00,'2026-04-08','2026-04-08 08:33:05.625380',94,5),(1748,'BUY',126,126,21.00,'2026-04-08','2026-04-08 08:33:05.691870',639,5),(1749,'BUY',133,133,38.00,'2026-04-08','2026-04-08 08:33:05.777834',638,5),(1750,'BUY',146,146,273.00,'2026-04-08','2026-04-08 08:33:05.827992',11,5),(1751,'BUY',147,147,40.00,'2026-04-08','2026-04-08 08:33:05.894909',637,5),(1752,'BUY',150,150,161.00,'2026-04-08','2026-04-08 08:33:05.954292',222,5),(1753,'BUY',162,162,95.00,'2026-04-08','2026-04-08 08:33:06.017304',259,5),(1754,'BUY',178,178,41.00,'2026-04-08','2026-04-08 08:33:06.070260',636,5),(1755,'BUY',180,180,80.00,'2026-04-08','2026-04-08 08:33:06.133845',118,5),(1756,'BUY',183,183,27.00,'2026-04-08','2026-04-08 08:33:06.187491',635,5),(1757,'BUY',187,187,54.00,'2026-04-08','2026-04-08 08:33:06.250777',634,5),(1758,'BUY',189,189,27.00,'2026-04-08','2026-04-08 08:33:06.304216',93,5),(1759,'BUY',200,200,54.00,'2026-04-08','2026-04-08 08:33:06.367403',633,5),(1760,'BUY',209,209,25.00,'2026-04-08','2026-04-08 08:33:06.428123',632,5),(1761,'BUY',210,210,106.00,'2026-04-08','2026-04-08 08:33:06.477972',140,5),(1762,'BUY',250,250,45.00,'2026-04-08','2026-04-08 08:33:06.536659',631,5),(1763,'BUY',255,255,88.00,'2026-04-08','2026-04-08 08:33:06.608614',97,5),(1764,'BUY',265,265,29.00,'2026-04-08','2026-04-08 08:33:06.658630',630,5),(1765,'BUY',280,280,38.00,'2026-04-08','2026-04-08 08:33:06.725213',629,5),(1766,'BUY',284,284,72.00,'2026-04-08','2026-04-08 08:33:06.775585',628,5),(1767,'BUY',286,286,35.00,'2026-04-08','2026-04-08 08:33:06.839374',627,5),(1768,'BUY',288,288,58.00,'2026-04-08','2026-04-08 08:33:06.891815',626,5),(1769,'BUY',309,309,61.00,'2026-04-08','2026-04-08 08:33:06.955821',625,5),(1770,'BUY',310,310,33.00,'2026-04-08','2026-04-08 08:33:07.008634',624,5),(1771,'BUY',312,312,275.00,'2026-04-08','2026-04-08 08:33:07.075294',68,5),(1772,'BUY',315,315,90.00,'2026-04-08','2026-04-08 08:33:07.125310',133,5),(1773,'BUY',329,329,123.00,'2026-04-08','2026-04-08 08:33:07.191805',9,5),(1774,'BUY',335,335,22.00,'2026-04-08','2026-04-08 08:33:07.241918',61,5),(1775,'BUY',342,342,15.00,'2026-04-08','2026-04-08 08:33:07.308724',623,5),(1776,'BUY',350,350,15.00,'2026-04-08','2026-04-08 08:33:07.358663',54,5),(1777,'BUY',400,400,217.00,'2026-04-08','2026-04-08 08:33:07.425275',10,5),(1778,'BUY',500,500,22.00,'2026-04-08','2026-04-08 08:33:07.504092',622,5),(1779,'BUY',547,547,28.00,'2026-04-08','2026-04-08 08:33:07.575347',621,5),(1780,'BUY',575,575,17.00,'2026-04-08','2026-04-08 08:33:07.661336',620,5),(1781,'BUY',625,625,3.00,'2026-04-08','2026-04-08 08:33:07.711315',619,5),(1782,'BUY',730,730,22.00,'2026-04-08','2026-04-08 08:33:07.850849',87,5),(1783,'BUY',800,800,13.00,'2026-04-08','2026-04-08 08:33:07.944677',618,5),(1784,'BUY',910,910,11.00,'2026-04-08','2026-04-08 08:33:07.994678',64,5),(1785,'BUY',950,950,11.00,'2026-04-08','2026-04-08 08:33:08.120426',617,5),(1786,'BUY',980,980,38.00,'2026-04-08','2026-04-08 08:33:08.184576',20,5),(1787,'BUY',1100,1100,7.00,'2026-04-08','2026-04-08 08:33:08.253899',40,5),(1788,'BUY',1178,1178,23.00,'2026-04-08','2026-04-08 08:33:08.317407',142,5),(1789,'BUY',1520,1520,17.00,'2026-04-08','2026-04-08 08:33:08.387584',616,5),(1790,'BUY',1713,1713,11.00,'2026-04-08','2026-04-08 08:33:08.489934',179,5),(1791,'BUY',1798,1798,43.00,'2026-04-08','2026-04-08 08:33:08.569605',76,5),(1792,'SELL',31,0,410.00,'2026-04-09','2026-04-09 10:02:49.780485',136,4),(1793,'SELL',6,0,1395.00,'2026-04-09','2026-04-09 10:03:33.979956',127,4),(1794,'SELL',29,0,378.00,'2026-04-09','2026-04-09 10:04:17.516608',69,4),(1795,'SELL',5,0,2652.00,'2026-04-09','2026-04-09 10:05:46.547141',130,4),(1796,'SELL',20,0,186.00,'2026-04-09','2026-04-09 10:06:07.421182',109,4),(1797,'SELL',4,0,4435.00,'2026-04-09','2026-04-09 10:07:18.891562',28,4),(1798,'BUY',1,0,4165.83,'2026-04-09','2026-04-09 10:08:04.763424',164,4),(1799,'SELL',6,0,955.00,'2026-04-09','2026-04-09 10:08:38.302107',174,4),(1800,'SELL',60,0,205.00,'2026-04-09','2026-04-09 10:09:06.708711',166,4),(1801,'SELL',2,0,4075.00,'2026-04-09','2026-04-09 10:09:36.605723',167,4),(1802,'BUY',100,0,2503.50,'2026-04-10','2026-04-10 05:53:12.071550',2,39),(1803,'SELL',10,0,2503.00,'2026-04-10','2026-04-10 05:53:56.080649',2,39),(1804,'SELL',10,0,2503.00,'2026-04-10','2026-04-10 05:54:30.875311',2,39),(1805,'SELL',80,0,2506.00,'2026-04-10','2026-04-10 05:54:48.660000',2,39),(1806,'BUY',2,2,4440.89,'2026-04-10','2026-04-10 07:20:12.752855',28,4),(1807,'BUY',8,8,1395.00,'2026-04-10','2026-04-10 08:18:06.304111',127,4),(1808,'BUY',15,15,416.00,'2026-04-10','2026-04-10 08:18:36.198370',136,4),(1809,'BUY',5,5,960.00,'2026-04-10','2026-04-10 08:19:11.672915',174,4),(1810,'BUY',50,50,206.00,'2026-04-10','2026-04-10 08:19:45.835268',166,4),(1811,'BUY',50,50,194.00,'2026-04-10','2026-04-10 09:43:58.694303',109,4),(1812,'BUY',135,135,86.02,'2026-04-10','2026-04-10 09:46:48.371811',44,4),(1813,'BUY',4,4,2670.00,'2026-04-10','2026-04-10 10:07:23.167050',130,4),(1814,'BUY',25,25,880.98,'2026-04-10','2026-04-10 11:22:32.098966',238,3),(1815,'BUY',19,19,386.00,'2026-04-13','2026-04-13 05:33:42.313580',69,4),(1816,'BUY',50,50,1320.26,'2026-04-13','2026-04-13 06:24:33.045362',147,3),(1817,'BUY',90,90,137.00,'2026-04-13','2026-04-13 06:39:10.864062',47,4),(1818,'BUY',2,2,4190.00,'2026-04-13','2026-04-13 06:42:57.812835',167,4),(1819,'BUY',2,2,4470.89,'2026-04-13','2026-04-13 09:14:02.311554',28,4),(1820,'SELL',8,0,1350.00,'2026-04-13','2026-04-13 10:35:25.620898',168,4),(1821,'SELL',15,0,460.00,'2026-04-13','2026-04-13 10:36:42.584763',245,4),(1822,'SELL',3,0,4345.00,'2026-04-13','2026-04-13 10:37:21.774214',164,4),(1823,'SELL',3,0,3330.00,'2026-04-13','2026-04-13 10:42:04.081934',22,4),(1824,'SELL',180,0,124.00,'2026-04-13','2026-04-13 10:52:54.910583',123,4),(1825,'SELL',22,0,1066.00,'2026-04-13','2026-04-13 10:55:19.422913',149,4),(1827,'BUY',22,22,1070.41,'2026-04-15','2026-04-15 05:58:24.190167',149,4),(1828,'BUY',100,0,100.00,'2026-04-14','2026-04-15 06:24:49.434539',243,4),(1829,'SELL',100,0,82.55,'2026-04-15','2026-04-15 06:27:27.429392',243,4),(1830,'BUY',100,0,100.01,'2026-04-15','2026-04-15 06:34:04.434989',243,4),(1831,'SELL',100,0,118.00,'2026-04-15','2026-04-15 06:35:23.860164',243,4),(1832,'BUY',100,0,100.20,'2026-04-15','2026-04-15 06:37:24.549670',243,4),(1833,'SELL',100,0,100.00,'2026-04-15','2026-04-15 06:38:02.147859',243,4),(1834,'BUY',3,3,3387.76,'2026-04-15','2026-04-15 08:55:03.654478',22,4),(1835,'BUY',3,1,4798.58,'2026-04-15','2026-04-15 08:55:51.435027',164,4),(1836,'BUY',15,15,466.93,'2026-04-15','2026-04-15 08:56:52.536853',245,4),(1837,'SELL',150,0,262.70,'2026-04-15','2026-04-15 08:58:33.811496',10,4),(1838,'SELL',5,0,3425.00,'2026-04-15','2026-04-15 09:04:50.606638',165,4),(1839,'BUY',12,12,793.58,'2026-04-15','2026-04-15 09:43:54.882750',135,4),(1840,'SELL',2,0,4950.00,'2026-04-15','2026-04-15 09:56:12.455194',164,4),(1841,'BUY',5,5,1372.94,'2026-04-15','2026-04-15 10:00:58.982014',168,4),(1842,'BUY',100,0,130.91,'2026-04-16','2026-04-16 09:49:47.362381',123,4),(1843,'SELL',100,0,133.65,'2026-04-16','2026-04-16 09:50:24.965187',123,4),(1844,'BUY',5,5,1699.39,'2026-04-16','2026-04-16 10:12:29.514580',252,4),(1845,'BUY',60,60,163.33,'2026-04-16','2026-04-16 10:13:28.032050',254,4),(1846,'BUY',5,0,1390.78,'2026-04-16','2026-04-16 10:13:50.202742',86,4),(1847,'BUY',100,100,131.76,'2026-04-16','2026-04-16 10:14:39.903955',123,4),(1848,'SELL',10,0,1386.90,'2026-04-16','2026-04-16 10:15:30.844491',86,4),(1849,'BUY',3,3,3426.84,'2026-04-16','2026-04-16 10:17:03.124309',165,4),(1850,'SELL',65,0,227.50,'2026-04-17','2026-04-17 09:29:16.852229',65,4),(1851,'SELL',10,0,1038.00,'2026-04-17','2026-04-17 09:29:46.692074',74,4),(1852,'SELL',1,0,8166.00,'2026-04-17','2026-04-17 09:30:48.212169',145,4),(1853,'SELL',2,0,4786.50,'2026-04-17','2026-04-17 09:31:25.114712',16,4),(1854,'BUY',6,6,1387.77,'2026-04-17','2026-04-17 09:31:55.748934',86,4),(1855,'SELL',10,0,782.95,'2026-04-17','2026-04-17 09:32:54.401990',159,4),(1856,'SELL',40,0,457.00,'2026-04-17','2026-04-17 09:33:24.733497',91,4),(1857,'SELL',30,0,310.00,'2026-04-17','2026-04-17 09:33:57.766973',46,4),(1858,'SELL',100,0,164.00,'2026-04-17','2026-04-17 09:34:52.927688',53,4),(1859,'BUY',100,100,125.20,'2026-04-17','2026-04-17 09:35:19.942458',9,4),(1860,'SELL',65,0,124.80,'2026-04-17','2026-04-17 09:35:47.234296',116,4),(1861,'SELL',100,0,106.25,'2026-04-17','2026-04-17 09:36:08.300311',97,4),(1862,'SELL',90,0,90.00,'2026-04-17','2026-04-17 09:36:27.761317',139,4),(1863,'SELL',195,0,39.90,'2026-04-17','2026-04-17 09:36:48.232736',141,4),(1864,'SELL',4,0,3290.00,'2026-04-17','2026-04-17 09:38:06.127099',180,4),(1865,'SELL',13,0,466.00,'2026-04-17','2026-04-17 09:38:58.524376',158,4),(1866,'BUY',900,900,113.90,'2026-04-17','2026-04-17 09:44:32.529534',60,4);
/*!40000 ALTER TABLE `core_transaction` ENABLE KEYS */;
UNLOCK TABLES;

--
-- Table structure for table `core_watchlist`
--

DROP TABLE IF EXISTS `core_watchlist`;
/*!40101 SET @saved_cs_client     = @@character_set_client */;
/*!50503 SET character_set_client = utf8mb4 */;
CREATE TABLE `core_watchlist` (
  `id` bigint NOT NULL AUTO_INCREMENT,
  `added_at` datetime(6) NOT NULL,
  `notes` longtext,
  `instrument_id` bigint NOT NULL,
  `user_id` int NOT NULL,
  PRIMARY KEY (`id`),
  UNIQUE KEY `core_watchlist_user_id_instrument_id_05160db2_uniq` (`user_id`,`instrument_id`),
  KEY `core_watchlist_instrument_id_6eb52e24_fk_core_instrument_id` (`instrument_id`),
  CONSTRAINT `core_watchlist_instrument_id_6eb52e24_fk_core_instrument_id` FOREIGN KEY (`instrument_id`) REFERENCES `core_instrument` (`id`),
  CONSTRAINT `core_watchlist_user_id_e84a9aa9_fk_auth_user_id` FOREIGN KEY (`user_id`) REFERENCES `auth_user` (`id`)
) ENGINE=InnoDB AUTO_INCREMENT=44 DEFAULT CHARSET=utf8mb4 COLLATE=utf8mb4_0900_ai_ci;
/*!40101 SET character_set_client = @saved_cs_client */;

--
-- Dumping data for table `core_watchlist`
--

LOCK TABLES `core_watchlist` WRITE;
/*!40000 ALTER TABLE `core_watchlist` DISABLE KEYS */;
INSERT INTO `core_watchlist` VALUES (4,'2026-03-20 14:56:31.645644',NULL,2,1),(13,'2026-03-21 13:17:42.050264',NULL,10,4),(15,'2026-03-21 13:17:56.253282',NULL,68,4),(16,'2026-03-21 13:18:33.410217',NULL,12,4),(17,'2026-03-21 13:19:19.825157',NULL,11,4),(18,'2026-03-21 13:19:56.595787',NULL,9,4),(19,'2026-03-21 13:20:17.480982',NULL,31,4),(20,'2026-03-21 13:21:10.594582',NULL,179,4),(21,'2026-03-21 13:21:24.478804',NULL,61,4),(22,'2026-03-21 13:21:43.333831',NULL,195,4),(23,'2026-03-21 13:29:23.629653',NULL,2,4),(24,'2026-03-24 10:53:34.952180',NULL,53,4),(29,'2026-03-29 08:45:58.333112',NULL,573,4),(30,'2026-03-29 08:50:07.441051',NULL,14,4),(31,'2026-04-07 07:44:48.971831',NULL,147,3),(32,'2026-04-07 07:44:56.851184',NULL,4,3),(33,'2026-04-07 07:45:12.030236',NULL,216,3),(34,'2026-04-07 07:45:19.693618',NULL,206,3),(35,'2026-04-07 07:45:45.690635',NULL,51,3),(36,'2026-04-07 09:06:23.327304',NULL,149,3),(37,'2026-04-07 09:24:22.013252',NULL,509,3),(38,'2026-04-07 09:35:06.878126',NULL,212,3),(39,'2026-04-08 04:50:06.784433',NULL,147,4),(40,'2026-04-08 04:55:46.736353',NULL,47,3),(41,'2026-04-08 05:51:53.386411',NULL,141,3),(42,'2026-04-08 11:16:07.331682',NULL,100,3),(43,'2026-04-10 11:21:52.624358',NULL,238,3);
/*!40000 ALTER TABLE `core_watchlist` ENABLE KEYS */;
UNLOCK TABLES;

--
-- Table structure for table `django_admin_log`
--

DROP TABLE IF EXISTS `django_admin_log`;
/*!40101 SET @saved_cs_client     = @@character_set_client */;
/*!50503 SET character_set_client = utf8mb4 */;
CREATE TABLE `django_admin_log` (
  `id` int NOT NULL AUTO_INCREMENT,
  `action_time` datetime(6) NOT NULL,
  `object_id` longtext,
  `object_repr` varchar(200) NOT NULL,
  `action_flag` smallint unsigned NOT NULL,
  `change_message` longtext NOT NULL,
  `content_type_id` int DEFAULT NULL,
  `user_id` int NOT NULL,
  PRIMARY KEY (`id`),
  KEY `django_admin_log_content_type_id_c4bce8eb_fk_django_co` (`content_type_id`),
  KEY `django_admin_log_user_id_c564eba6_fk_auth_user_id` (`user_id`),
  CONSTRAINT `django_admin_log_content_type_id_c4bce8eb_fk_django_co` FOREIGN KEY (`content_type_id`) REFERENCES `django_content_type` (`id`),
  CONSTRAINT `django_admin_log_user_id_c564eba6_fk_auth_user_id` FOREIGN KEY (`user_id`) REFERENCES `auth_user` (`id`),
  CONSTRAINT `django_admin_log_chk_1` CHECK ((`action_flag` >= 0))
) ENGINE=InnoDB AUTO_INCREMENT=189 DEFAULT CHARSET=utf8mb4 COLLATE=utf8mb4_0900_ai_ci;
/*!40101 SET character_set_client = @saved_cs_client */;

--
-- Dumping data for table `django_admin_log`
--

LOCK TABLES `django_admin_log` WRITE;
/*!40000 ALTER TABLE `django_admin_log` DISABLE KEYS */;
INSERT INTO `django_admin_log` VALUES (1,'2026-03-12 13:23:09.829385','235','0',3,'',20,1),(2,'2026-03-12 13:23:09.829436','234','2.5%GOLDBONDS2029SR-VII',3,'',20,1),(3,'2026-03-12 13:23:09.829458','232','2.50%GOLDBONDS2028SR-I',3,'',20,1),(4,'2026-03-13 09:36:39.929064','236','BOM:542602',2,'[{\"changed\": {\"fields\": [\"Name\", \"Isin\", \"Pe ratio\", \"Last updated\"]}}]',20,1),(5,'2026-03-13 13:46:51.221809','241','BOM:544467',2,'[{\"changed\": {\"fields\": [\"Name\", \"Last updated\"]}}]',20,1),(6,'2026-03-13 13:57:46.120092','238','BOM:514448',2,'[{\"changed\": {\"fields\": [\"Name\", \"Isin\", \"Last updated\"]}}]',20,1),(7,'2026-03-13 14:00:42.027693','237','BOM:531201',2,'[{\"changed\": {\"fields\": [\"Name\", \"Isin\", \"Last updated\"]}}]',20,1),(8,'2026-03-13 14:01:17.367787','264','ABCAPITAL',2,'[{\"changed\": {\"fields\": [\"Name\"]}}]',20,1),(9,'2026-03-13 14:15:48.598542','240','BOM:532485',2,'[{\"changed\": {\"fields\": [\"Name\", \"Isin\"]}}]',20,1),(10,'2026-03-13 14:25:41.787721','268','SGBMAR31IV',1,'[{\"added\": {}}]',20,1),(11,'2026-03-13 14:27:25.080911','268','SGBMAR31IV',2,'[{\"changed\": {\"fields\": [\"Is verified\"]}}]',20,1),(12,'2026-03-13 14:28:51.818279','12','trupti',3,'',2,1),(13,'2026-03-14 02:39:45.826421','16','trupti',3,'',2,1),(14,'2026-03-14 04:57:40.840907','17','trupti',3,'',2,1),(15,'2026-03-14 15:50:23.463244','18','trupti',3,'',2,1),(16,'2026-03-15 02:43:55.232415','147','RELIANCE',2,'[{\"changed\": {\"fields\": [\"Name\"]}}]',20,1),(17,'2026-03-15 06:18:40.950000','4','jitendra.kar@gmail.com',2,'[{\"changed\": {\"fields\": [\"Staff status\", \"Superuser status\"]}}]',2,1),(18,'2026-03-16 06:38:18.906189','267','AARTIPHARM_REPRO',3,'',20,4),(19,'2026-03-16 06:38:18.906241','266','NEWLTP',3,'',20,4),(20,'2026-03-16 06:38:18.906265','265','TESTLTP',3,'',20,4),(21,'2026-03-16 06:39:05.206775','230','BHARAT HEAVY ELECTRICALS LTD.',3,'',20,4),(22,'2026-03-16 06:39:05.206848','6','TATAMOTORS',3,'',20,4),(23,'2026-03-16 08:18:34.067825','611','ZYDUSLIFE',2,'[{\"changed\": {\"fields\": [\"Name\", \"Last updated\"]}}]',20,4),(24,'2026-03-16 08:18:57.341731','610','ZFCVINDIA',2,'[{\"changed\": {\"fields\": [\"Name\"]}}]',20,4),(25,'2026-03-16 08:19:29.568160','200','AADHARHFC',2,'[{\"changed\": {\"fields\": [\"Name\"]}}]',20,4),(26,'2026-03-16 08:24:14.859526','190','MOTHERSON',2,'[{\"changed\": {\"fields\": [\"Name\"]}}]',20,4),(27,'2026-03-16 08:24:27.102895','7','MSUMI',2,'[{\"changed\": {\"fields\": [\"Name\"]}}]',20,4),(28,'2026-03-16 08:24:42.824010','2','TCS',2,'[{\"changed\": {\"fields\": [\"Name\", \"Price change\", \"Pe ratio\", \"Last updated\"]}}]',20,4),(29,'2026-03-16 08:25:09.660489','8','TMPV',2,'[{\"changed\": {\"fields\": [\"Name\"]}}]',20,4),(30,'2026-03-16 08:25:26.265377','598','UTIAMC',2,'[{\"changed\": {\"fields\": [\"Name\"]}}]',20,4),(31,'2026-03-16 08:25:44.446646','582','TECHNOE',2,'[{\"changed\": {\"fields\": [\"Name\", \"Last updated\"]}}]',20,4),(32,'2026-03-16 08:26:05.220909','592','TTML',2,'[{\"changed\": {\"fields\": [\"Name\", \"Last updated\"]}}]',20,4),(33,'2026-03-16 08:26:57.101807','591','TRIVENI',2,'[{\"changed\": {\"fields\": [\"Name\", \"Last price\", \"Diff from lh pct\", \"Last updated\"]}}]',20,4),(34,'2026-03-16 08:28:08.259725','568','STARHEALTH',2,'[{\"changed\": {\"fields\": [\"Name\", \"Last updated\"]}}]',20,4),(35,'2026-03-16 08:30:12.818402','578','TARIL',2,'[{\"changed\": {\"fields\": [\"Name\", \"Price change\", \"Last updated\"]}}]',20,4),(36,'2026-03-16 08:36:59.027086','82','ADANIPORTS',2,'[{\"changed\": {\"fields\": [\"Name\", \"Last price\", \"Price change\", \"Pe ratio\", \"Diff from lh pct\", \"Last updated\"]}}]',20,4),(37,'2026-03-16 08:37:24.177181','278','ACE',2,'[{\"changed\": {\"fields\": [\"Name\", \"Last updated\"]}}]',20,4),(38,'2026-03-16 08:37:46.120458','43','ARE&M',2,'[{\"changed\": {\"fields\": [\"Name\", \"Last updated\"]}}]',20,4),(39,'2026-03-16 08:38:18.856596','273','ABFRL',2,'[{\"changed\": {\"fields\": [\"Name\", \"Last updated\"]}}]',20,4),(40,'2026-03-16 08:38:37.382643','290','AKUMS',2,'[{\"changed\": {\"fields\": [\"Name\"]}}]',20,4),(41,'2026-03-16 08:38:55.261796','186','BLS',2,'[{\"changed\": {\"fields\": [\"Name\"]}}]',20,4),(42,'2026-03-16 08:39:47.130703','319','BBTC',2,'[{\"changed\": {\"fields\": [\"Name\"]}}]',20,4),(43,'2026-03-16 08:42:21.903846','130','MCX',2,'[{\"changed\": {\"fields\": [\"Name\", \"Last updated\"]}}]',20,4),(44,'2026-03-16 08:42:51.365436','483','M&MFIN',2,'[{\"changed\": {\"fields\": [\"Name\"]}}]',20,4),(45,'2026-03-16 08:43:17.908995','503','NAVINFLUOR',2,'[{\"changed\": {\"fields\": [\"Name\", \"Last updated\"]}}]',20,4),(46,'2026-03-16 08:43:32.976053','136','NATIONALUM',2,'[{\"changed\": {\"fields\": [\"Name\"]}}]',20,4),(47,'2026-03-16 08:47:33.978417','25','IRFC',2,'[{\"changed\": {\"fields\": [\"Name\", \"Last updated\"]}}]',20,4),(48,'2026-03-16 08:47:54.208508','38','IRCTC',2,'[{\"changed\": {\"fields\": [\"Name\", \"Last updated\"]}}]',20,4),(49,'2026-03-16 08:48:37.578850','587','TITAGARH',2,'[{\"changed\": {\"fields\": [\"Name\", \"Last updated\"]}}]',20,4),(50,'2026-03-16 08:49:00.316053','23','CDSL',2,'[{\"changed\": {\"fields\": [\"Name\"]}}]',20,4),(51,'2026-03-16 08:51:21.002430','500','NAM-INDIA',2,'[{\"changed\": {\"fields\": [\"Name\", \"Last updated\"]}}]',20,4),(52,'2026-03-16 08:55:02.686684','152','TATACONSUM',2,'[{\"changed\": {\"fields\": [\"Name\"]}}]',20,4),(53,'2026-03-16 08:57:06.630265','204','TATAINVEST',2,'[{\"changed\": {\"fields\": [\"Name\", \"Pe ratio\", \"Last updated\"]}}]',20,4),(54,'2026-03-17 10:57:13.785702','584','THELEELA',2,'[{\"changed\": {\"fields\": [\"Name\", \"Last updated\"]}}]',20,4),(55,'2026-03-17 10:57:40.065517','565','SONACOMS',2,'[{\"changed\": {\"fields\": [\"Name\", \"Last updated\"]}}]',20,4),(56,'2026-03-17 10:57:50.497858','601','VIJAYA',2,'[{\"changed\": {\"fields\": [\"Name\"]}}]',20,4),(57,'2026-03-17 10:58:03.714866','608','ZENSARTECH',2,'[{\"changed\": {\"fields\": [\"Name\"]}}]',20,4),(58,'2026-03-17 10:58:18.838781','556','SCHNEIDER',2,'[{\"changed\": {\"fields\": [\"Name\", \"Last updated\"]}}]',20,4),(59,'2026-03-17 10:58:33.179252','559','SHYAMMETL',2,'[{\"changed\": {\"fields\": [\"Name\"]}}]',20,4),(60,'2026-03-17 10:58:50.896991','557','SCI',2,'[{\"changed\": {\"fields\": [\"Name\"]}}]',20,4),(61,'2026-03-17 10:59:22.470186','524','PGHH',2,'[{\"changed\": {\"fields\": [\"Name\", \"Last updated\"]}}]',20,4),(62,'2026-03-18 10:04:03.930559','18','PAYTM',2,'[{\"changed\": {\"fields\": [\"Name\"]}}]',20,4),(63,'2026-03-18 10:04:13.854076','518','ONESOURCE',2,'[{\"changed\": {\"fields\": [\"Name\", \"Last updated\"]}}]',20,4),(64,'2026-03-18 10:04:36.926005','425','HONAUT',2,'[{\"changed\": {\"fields\": [\"Name\", \"Last updated\"]}}]',20,4),(65,'2026-03-18 10:04:53.064659','413','GSPL',2,'[{\"changed\": {\"fields\": [\"Name\"]}}]',20,4),(66,'2026-03-18 10:05:31.608813','516','OFSS',2,'[{\"changed\": {\"fields\": [\"Name\", \"Last updated\"]}}]',20,4),(67,'2026-03-18 10:05:43.458971','30','CAMS',2,'[{\"changed\": {\"fields\": [\"Name\"]}}]',20,4),(68,'2026-03-18 10:06:13.016381','46','BPCL',2,'[{\"changed\": {\"fields\": [\"Name\", \"Last updated\"]}}]',20,4),(69,'2026-03-18 10:06:42.953209','58','KOTAKBANK',2,'[{\"changed\": {\"fields\": [\"Name\"]}}]',20,4),(70,'2026-03-18 10:07:15.100398','71','ONGC',2,'[{\"changed\": {\"fields\": [\"Name\", \"Last updated\"]}}]',20,4),(71,'2026-03-18 10:07:38.367102','70','NYKAA',2,'[{\"changed\": {\"fields\": [\"Name\", \"Last updated\"]}}]',20,4),(72,'2026-03-18 10:08:27.522593','100','DEEPAKFERT',2,'[{\"changed\": {\"fields\": [\"Name\", \"Last updated\"]}}]',20,4),(73,'2026-03-18 10:08:57.752223','418','HDFCLIFE',2,'[{\"changed\": {\"fields\": [\"Name\"]}}]',20,4),(74,'2026-03-18 10:09:12.268309','112','HDFCAMC',2,'[{\"changed\": {\"fields\": [\"Name\"]}}]',20,4),(75,'2026-03-18 10:10:02.288558','222','IREDA',2,'[{\"changed\": {\"fields\": [\"Name\", \"Last updated\"]}}]',20,4),(76,'2026-03-18 10:10:38.977089','428','ICICIPRULI',2,'[{\"changed\": {\"fields\": [\"Name\"]}}]',20,4),(77,'2026-03-18 10:10:53.359523','173','ICICIGI',2,'[{\"changed\": {\"fields\": [\"Name\", \"Last updated\"]}}]',20,4),(78,'2026-03-19 08:15:43.341024','612','MUTF_IN:HDFC_BALA_ADV_1VFYMPU',1,'[{\"added\": {}}]',20,1),(79,'2026-03-19 08:18:25.327048','613','MUTF_IN:HDFC_BALA_ADV_1VFYMPU',1,'[{\"added\": {}}]',20,1),(80,'2026-03-19 11:20:13.841536','21','jitendra_kumar',3,'',2,1),(81,'2026-03-20 04:08:24.385442','23','jitendra_kumar',3,'',2,1),(82,'2026-03-20 05:34:12.331765','25','jitendra_kumar',3,'',2,1),(83,'2026-03-20 13:09:44.725054','1','jitendra_kumar watching TATASTEEL',1,'[{\"added\": {}}]',16,4),(84,'2026-03-21 10:09:20.375944','26','jitendra_kumar',3,'',2,1),(85,'2026-03-22 15:54:07.092763','613','MUTF_IN:HDFC_BALA_ADV_1VFYMPU',3,'',20,4),(86,'2026-03-23 13:48:28.881690','14','test_verify_user',3,'',2,4),(87,'2026-03-23 13:48:28.881763','6','test@test.com',3,'',2,4),(88,'2026-03-23 13:48:28.881796','8','test1@test.com',3,'',2,4),(89,'2026-03-23 13:48:28.881822','9','test2@teat.com',3,'',2,4),(90,'2026-03-23 13:48:28.881847','10','testuser_ltp',3,'',2,4),(91,'2026-03-23 13:49:01.107831','13','testuser_bug_repo',3,'',2,4),(92,'2026-03-26 08:20:19.452284','27','jitendra_kumar',3,'',2,4),(93,'2026-03-26 09:38:47.072594','28','jitendra_kumar',3,'',2,1),(94,'2026-03-26 10:35:19.205953','29','jitendra_kumar',3,'',2,1),(95,'2026-03-26 19:47:54.583052','30','jitendra_kumar',3,'',2,1),(96,'2026-03-26 19:49:59.141234','19','net_profit',3,'',2,1),(97,'2026-03-27 04:46:15.275206','32','jitendra_kumar',3,'',2,1),(98,'2026-03-27 10:52:22.679741','573','SUZLON',2,'[{\"changed\": {\"fields\": [\"Isin\"]}}]',20,1),(99,'2026-03-28 08:02:30.368032','33','jitendra_kumar',3,'',2,1),(100,'2026-03-29 05:33:21.250932','35','jitendra_kumar',3,'',2,1),(101,'2026-03-29 08:55:20.370304','36','jitendra_kumar',3,'',2,1),(102,'2026-04-04 11:18:33.582348','4','Tether',1,'[{\"added\": {}}]',34,4),(103,'2026-04-04 11:18:50.765727','4','Tether',2,'[{\"changed\": {\"fields\": [\"Symbol\"]}}]',34,4),(104,'2026-04-05 12:46:02.504029','1','test',1,'[{\"added\": {}}]',46,4),(105,'2026-04-07 08:17:57.382025','1','Emiac Technologies',2,'[{\"changed\": {\"fields\": [\"Name\", \"Start date\", \"End date\", \"Company work\", \"Notes\"]}}]',46,4),(106,'2026-04-08 08:17:29.781152','615','BOM:543261',1,'[{\"added\": {}}]',20,4),(107,'2026-04-08 08:18:39.699929','616','MIDCAP',1,'[{\"added\": {}}]',20,4),(108,'2026-04-08 08:18:58.414137','617','ABSLPSE',1,'[{\"added\": {}}]',20,4),(109,'2026-04-08 08:19:05.804518','618','CONS',1,'[{\"added\": {}}]',20,4),(110,'2026-04-08 08:19:13.163512','619','INVENTURE',1,'[{\"added\": {}}]',20,4),(111,'2026-04-08 08:19:20.850307','620','MOSMALL250',1,'[{\"added\": {}}]',20,4),(112,'2026-04-08 08:19:27.355086','621','TATSILV',1,'[{\"added\": {}}]',20,4),(113,'2026-04-08 08:19:33.641480','622','MIDCAPETF',1,'[{\"added\": {}}]',20,4),(114,'2026-04-08 08:19:40.367299','623','TATAGOLD',1,'[{\"added\": {}}]',20,4),(115,'2026-04-08 08:19:49.154242','624','EVINDIA',1,'[{\"added\": {}}]',20,4),(116,'2026-04-08 08:19:55.298644','625','MOMOMENTUM',1,'[{\"added\": {}}]',20,4),(117,'2026-04-08 08:20:03.282801','626','FMCGIETF',1,'[{\"added\": {}}]',20,4),(118,'2026-04-08 08:20:51.925155','627','GROWWEV',1,'[{\"added\": {}}]',20,4),(119,'2026-04-08 08:21:11.742797','626','FMCGIETF',2,'[{\"changed\": {\"fields\": [\"Is verified\"]}}]',20,4),(120,'2026-04-08 08:21:21.669918','625','MOMOMENTUM',2,'[]',20,4),(121,'2026-04-08 08:21:26.533942','625','MOMOMENTUM',2,'[{\"changed\": {\"fields\": [\"Is verified\"]}}]',20,4),(122,'2026-04-08 08:21:32.275582','624','EVINDIA',2,'[{\"changed\": {\"fields\": [\"Is verified\"]}}]',20,4),(123,'2026-04-08 08:21:36.742595','623','TATAGOLD',2,'[{\"changed\": {\"fields\": [\"Is verified\"]}}]',20,4),(124,'2026-04-08 08:21:41.622330','622','MIDCAPETF',2,'[{\"changed\": {\"fields\": [\"Is verified\"]}}]',20,4),(125,'2026-04-08 08:22:00.821032','617','ABSLPSE',2,'[{\"changed\": {\"fields\": [\"Is verified\"]}}]',20,4),(126,'2026-04-08 08:22:08.646727','618','CONS',2,'[{\"changed\": {\"fields\": [\"Is verified\"]}}]',20,4),(127,'2026-04-08 08:22:17.835154','619','INVENTURE',2,'[{\"changed\": {\"fields\": [\"Is verified\"]}}]',20,4),(128,'2026-04-08 08:22:35.879190','620','MOSMALL250',2,'[{\"changed\": {\"fields\": [\"Is verified\"]}}]',20,4),(129,'2026-04-08 08:22:44.228415','621','TATSILV',2,'[{\"changed\": {\"fields\": [\"Is verified\"]}}]',20,4),(130,'2026-04-08 08:23:29.394778','628','HDFCNEXT50',1,'[{\"added\": {}}]',20,4),(131,'2026-04-08 08:23:36.747501','629','MOLOWVOL',1,'[{\"added\": {}}]',20,4),(132,'2026-04-08 08:23:47.816233','630','MNC',1,'[{\"added\": {}}]',20,4),(133,'2026-04-08 08:24:02.822508','631','MOHEALTH',1,'[{\"added\": {}}]',20,4),(134,'2026-04-08 08:24:12.029711','632','ALPHAETF',1,'[{\"added\": {}}]',20,4),(135,'2026-04-08 08:24:19.522368','633','EBANKNIFTY',1,'[{\"added\": {}}]',20,4),(136,'2026-04-08 08:24:29.433846','634','BANKBETF',1,'[{\"added\": {}}]',20,4),(137,'2026-04-08 08:24:35.885727','635','PVTBANIETF',1,'[{\"added\": {}}]',20,4),(138,'2026-04-08 08:24:41.984832','636','ITIETF',1,'[{\"added\": {}}]',20,4),(139,'2026-04-08 08:24:48.547097','637','ITETF',1,'[{\"added\": {}}]',20,4),(140,'2026-04-08 08:24:55.596098','638','IT',1,'[{\"added\": {}}]',20,4),(141,'2026-04-08 08:25:01.802591','639','MID150',1,'[{\"added\": {}}]',20,4),(142,'2026-04-08 08:25:07.950443','640','SNXT50BETA',1,'[{\"added\": {}}]',20,4),(143,'2026-04-08 08:25:14.018011','641','NEXT50BETA',1,'[{\"added\": {}}]',20,4),(144,'2026-04-08 08:25:20.063270','642','TOP10ADD',1,'[{\"added\": {}}]',20,4),(145,'2026-04-08 08:25:25.991970','643','HDFCGOLD',1,'[{\"added\": {}}]',20,4),(146,'2026-04-08 08:26:49.168057','644','MASPTOP50',1,'[{\"added\": {}}]',20,4),(147,'2026-04-08 08:27:02.927142','645','SBIETFCON',1,'[{\"added\": {}}]',20,4),(148,'2026-04-08 08:27:12.666775','646','NIF100BEES',1,'[{\"added\": {}}]',20,4),(149,'2026-04-08 08:27:23.463794','647','HEALTHIETF',1,'[{\"added\": {}}]',20,4),(150,'2026-04-08 08:27:33.296650','648','LICNETFN50',1,'[{\"added\": {}}]',20,4),(151,'2026-04-08 08:27:44.442090','649','HDFCSILVER',1,'[{\"added\": {}}]',20,4),(152,'2026-04-08 08:27:54.687607','650','PGHL',1,'[{\"added\": {}}]',20,4),(153,'2026-04-08 08:28:34.281329','628','HDFCNEXT50',2,'[{\"changed\": {\"fields\": [\"Is verified\"]}}]',20,4),(154,'2026-04-08 08:28:39.941285','644','MASPTOP50',2,'[{\"changed\": {\"fields\": [\"Is verified\"]}}]',20,4),(155,'2026-04-08 08:28:45.537417','643','HDFCGOLD',2,'[{\"changed\": {\"fields\": [\"Is verified\"]}}]',20,4),(156,'2026-04-08 08:28:50.306573','642','TOP10ADD',2,'[{\"changed\": {\"fields\": [\"Is verified\"]}}]',20,4),(157,'2026-04-08 08:28:55.746645','641','NEXT50BETA',2,'[{\"changed\": {\"fields\": [\"Is verified\"]}}]',20,4),(158,'2026-04-08 08:29:05.923286','638','IT',2,'[{\"changed\": {\"fields\": [\"Is verified\"]}}]',20,4),(159,'2026-04-08 08:29:11.647618','640','SNXT50BETA',2,'[{\"changed\": {\"fields\": [\"Is verified\"]}}]',20,4),(160,'2026-04-08 08:29:17.041776','639','MID150',2,'[{\"changed\": {\"fields\": [\"Is verified\"]}}]',20,4),(161,'2026-04-08 08:29:23.836180','629','MOLOWVOL',2,'[{\"changed\": {\"fields\": [\"Is verified\"]}}]',20,4),(162,'2026-04-08 08:29:44.614652','637','ITETF',2,'[{\"changed\": {\"fields\": [\"Is verified\"]}}]',20,4),(163,'2026-04-08 08:29:51.689822','631','MOHEALTH',2,'[{\"changed\": {\"fields\": [\"Is verified\"]}}]',20,4),(164,'2026-04-08 08:29:58.714711','636','ITIETF',2,'[{\"changed\": {\"fields\": [\"Is verified\"]}}]',20,4),(165,'2026-04-08 08:30:04.408145','635','PVTBANIETF',2,'[{\"changed\": {\"fields\": [\"Is verified\"]}}]',20,4),(166,'2026-04-08 08:30:11.330390','634','BANKBETF',2,'[{\"changed\": {\"fields\": [\"Is verified\"]}}]',20,4),(167,'2026-04-08 08:30:17.502115','633','EBANKNIFTY',2,'[{\"changed\": {\"fields\": [\"Is verified\"]}}]',20,4),(168,'2026-04-08 11:56:19.113894','37','jitendra_kumar',3,'',2,4),(169,'2026-04-09 05:09:39.513449','2','Om Power Transmission',1,'[{\"added\": {}}]',46,4),(170,'2026-04-10 15:34:09.481415','1','Q: what is...',2,'[]',48,4),(171,'2026-04-10 15:45:25.841963','34','Q: What is MF Cue?...',1,'[{\"added\": {}}]',48,4),(172,'2026-04-10 15:59:54.691927','35','Q: What is Coin?...',1,'[{\"added\": {}}]',48,4),(173,'2026-04-17 10:00:09.829655','603','VOLTAS',2,'[{\"changed\": {\"fields\": [\"Name\"]}}]',20,4),(174,'2026-04-17 10:01:15.892035','603','VOLTAS',2,'[{\"changed\": {\"fields\": [\"Name\"]}}]',20,4),(175,'2026-04-17 11:51:36.805757','123','J&KBANK',2,'[{\"changed\": {\"fields\": [\"Name\"]}}]',20,4),(176,'2026-04-17 11:53:19.173883','129','MAZDOCK',2,'[{\"changed\": {\"fields\": [\"Name\", \"Last updated\"]}}]',20,4),(177,'2026-04-17 11:53:46.017007','123','J&KBANK',2,'[{\"changed\": {\"fields\": [\"Name\"]}}]',20,4),(178,'2026-04-17 11:54:46.252066','135','MOTILALOFS',2,'[{\"changed\": {\"fields\": [\"Name\"]}}]',20,4),(179,'2026-04-17 11:55:37.984777','146','POWERGRID',2,'[{\"changed\": {\"fields\": [\"Name\", \"Last updated\"]}}]',20,4),(180,'2026-04-17 11:56:12.888377','148','SBICARD',2,'[{\"changed\": {\"fields\": [\"Name\"]}}]',20,4),(181,'2026-04-17 11:56:54.795883','252','SUNPHARMA',2,'[{\"changed\": {\"fields\": [\"Name\"]}}]',20,4),(182,'2026-04-17 12:01:10.878915','100','DEEPAKFERT',2,'[{\"changed\": {\"fields\": [\"Name\"]}}]',20,4),(183,'2026-04-17 14:51:02.678702','2','TCS',2,'[{\"changed\": {\"fields\": [\"Name\"]}}]',20,4),(184,'2026-04-17 14:53:49.523132','8','TMPV',2,'[{\"changed\": {\"fields\": [\"Name\"]}}]',20,4),(185,'2026-04-18 04:32:09.703153','4','HDFCBANK',2,'[{\"changed\": {\"fields\": [\"Name\"]}}]',20,4),(186,'2026-04-18 04:33:15.526491','112','HDFCAMC',2,'[{\"changed\": {\"fields\": [\"Name\"]}}]',20,4),(187,'2026-04-18 09:43:35.620473','243','ZEEL',2,'[{\"changed\": {\"fields\": [\"Name\"]}}]',20,4),(188,'2026-04-18 09:45:51.122405','243','ZEEL',2,'[{\"changed\": {\"fields\": [\"Name\"]}}]',20,4);
/*!40000 ALTER TABLE `django_admin_log` ENABLE KEYS */;
UNLOCK TABLES;

--
-- Table structure for table `django_content_type`
--

DROP TABLE IF EXISTS `django_content_type`;
/*!40101 SET @saved_cs_client     = @@character_set_client */;
/*!50503 SET character_set_client = utf8mb4 */;
CREATE TABLE `django_content_type` (
  `id` int NOT NULL AUTO_INCREMENT,
  `app_label` varchar(100) NOT NULL,
  `model` varchar(100) NOT NULL,
  PRIMARY KEY (`id`),
  UNIQUE KEY `django_content_type_app_label_model_76bd3d3b_uniq` (`app_label`,`model`)
) ENGINE=InnoDB AUTO_INCREMENT=50 DEFAULT CHARSET=utf8mb4 COLLATE=utf8mb4_0900_ai_ci;
/*!40101 SET character_set_client = @saved_cs_client */;

--
-- Dumping data for table `django_content_type`
--

LOCK TABLES `django_content_type` WRITE;
/*!40000 ALTER TABLE `django_content_type` DISABLE KEYS */;
INSERT INTO `django_content_type` VALUES (24,'account','emailaddress'),(23,'account','emailconfirmation'),(1,'admin','logentry'),(4,'auth','group'),(3,'auth','permission'),(2,'auth','user'),(29,'authtoken','token'),(30,'authtoken','tokenproxy'),(5,'contenttypes','contenttype'),(48,'core','chatbotknowledge'),(34,'core','coin'),(36,'core','coinportfolio'),(35,'core','cointransaction'),(19,'core','corporateaction'),(14,'core','dividend'),(47,'core','familylink'),(28,'core','financialyeardata'),(40,'core','fixedasset'),(49,'core','hiddensignal'),(20,'core','instrument'),(17,'core','investmentgoal'),(46,'core','ipo'),(42,'core','loan'),(43,'core','loanpayment'),(9,'core','marketticker'),(33,'core','mfportfolio'),(44,'core','mfsip'),(32,'core','mftransaction'),(31,'core','mutualfund'),(39,'core','npsfund'),(38,'core','npsportfolio'),(37,'core','npstransaction'),(41,'core','otherasset'),(22,'core','otp'),(13,'core','pnlstatement'),(18,'core','portfolio'),(45,'core','portfoliovaluehistory'),(21,'core','profile'),(15,'core','signalnotificationstate'),(8,'core','signupotp'),(10,'core','strategy'),(11,'core','strategystock'),(12,'core','transaction'),(16,'core','watchlist'),(6,'sessions','session'),(7,'sites','site'),(25,'socialaccount','socialaccount'),(26,'socialaccount','socialapp'),(27,'socialaccount','socialtoken');
/*!40000 ALTER TABLE `django_content_type` ENABLE KEYS */;
UNLOCK TABLES;

--
-- Table structure for table `django_migrations`
--

DROP TABLE IF EXISTS `django_migrations`;
/*!40101 SET @saved_cs_client     = @@character_set_client */;
/*!50503 SET character_set_client = utf8mb4 */;
CREATE TABLE `django_migrations` (
  `id` bigint NOT NULL AUTO_INCREMENT,
  `app` varchar(255) NOT NULL,
  `name` varchar(255) NOT NULL,
  `applied` datetime(6) NOT NULL,
  PRIMARY KEY (`id`)
) ENGINE=InnoDB AUTO_INCREMENT=97 DEFAULT CHARSET=utf8mb4 COLLATE=utf8mb4_0900_ai_ci;
/*!40101 SET character_set_client = @saved_cs_client */;

--
-- Dumping data for table `django_migrations`
--

LOCK TABLES `django_migrations` WRITE;
/*!40000 ALTER TABLE `django_migrations` DISABLE KEYS */;
INSERT INTO `django_migrations` VALUES (1,'contenttypes','0001_initial','2026-03-11 10:43:53.005692'),(2,'auth','0001_initial','2026-03-11 10:44:03.868267'),(3,'account','0001_initial','2026-03-11 10:44:05.989821'),(4,'account','0002_email_max_length','2026-03-11 10:44:06.128529'),(5,'account','0003_alter_emailaddress_create_unique_verified_email','2026-03-11 10:44:06.499970'),(6,'account','0004_alter_emailaddress_drop_unique_email','2026-03-11 10:44:06.762249'),(7,'account','0005_emailaddress_idx_upper_email','2026-03-11 10:44:07.002303'),(8,'account','0006_emailaddress_lower','2026-03-11 10:44:07.069104'),(9,'account','0007_emailaddress_idx_email','2026-03-11 10:44:07.463349'),(10,'account','0008_emailaddress_unique_primary_email_fixup','2026-03-11 10:44:07.527237'),(11,'account','0009_emailaddress_unique_primary_email','2026-03-11 10:44:07.597768'),(12,'admin','0001_initial','2026-03-11 10:44:09.296932'),(13,'admin','0002_logentry_remove_auto_add','2026-03-11 10:44:09.335414'),(14,'admin','0003_logentry_add_action_flag_choices','2026-03-11 10:44:09.416565'),(15,'contenttypes','0002_remove_content_type_name','2026-03-11 10:44:10.641065'),(16,'auth','0002_alter_permission_name_max_length','2026-03-11 10:44:11.360682'),(17,'auth','0003_alter_user_email_max_length','2026-03-11 10:44:11.498857'),(18,'auth','0004_alter_user_username_opts','2026-03-11 10:44:11.568587'),(19,'auth','0005_alter_user_last_login_null','2026-03-11 10:44:12.248239'),(20,'auth','0006_require_contenttypes_0002','2026-03-11 10:44:12.278247'),(21,'auth','0007_alter_validators_add_error_messages','2026-03-11 10:44:12.340682'),(22,'auth','0008_alter_user_username_max_length','2026-03-11 10:44:13.183052'),(23,'auth','0009_alter_user_last_name_max_length','2026-03-11 10:44:14.020618'),(24,'auth','0010_alter_group_name_max_length','2026-03-11 10:44:14.163347'),(25,'auth','0011_update_proxy_permissions','2026-03-11 10:44:14.238943'),(26,'auth','0012_alter_user_first_name_max_length','2026-03-11 10:44:15.045333'),(27,'core','0001_initial','2026-03-11 10:44:18.788048'),(28,'core','0002_profile','2026-03-11 10:44:20.722334'),(29,'core','0003_profile_full_name','2026-03-11 10:44:21.678211'),(30,'core','0004_otp','2026-03-11 10:44:23.205699'),(31,'core','0005_transaction','2026-03-11 10:44:26.824093'),(32,'core','0006_instrument_is_verified','2026-03-11 10:44:28.209348'),(33,'core','0007_signupotp','2026-03-11 10:44:28.895241'),(34,'core','0008_marketticker_instrument_last_price_and_more','2026-03-11 10:44:33.931093'),(35,'core','0009_add_profile_fields','2026-03-11 10:44:36.818982'),(36,'core','0010_instrument_diff_from_lh_pct_instrument_pe_ratio','2026-03-11 10:44:38.007393'),(37,'core','0011_strategy_strategystock','2026-03-11 10:44:40.473850'),(38,'core','0012_dividend_investmentgoal_watchlist','2026-03-11 10:44:47.727254'),(39,'core','0013_corporateaction','2026-03-11 10:44:49.102273'),(40,'sessions','0001_initial','2026-03-11 10:44:49.856869'),(41,'sites','0001_initial','2026-03-11 10:44:50.366152'),(42,'sites','0002_alter_domain_unique','2026-03-11 10:44:50.601879'),(43,'socialaccount','0001_initial','2026-03-11 10:44:58.024413'),(44,'socialaccount','0002_token_max_lengths','2026-03-11 10:44:58.572388'),(45,'socialaccount','0003_extra_data_default_dict','2026-03-11 10:44:58.705958'),(46,'socialaccount','0004_app_provider_id_settings','2026-03-11 10:45:01.126148'),(47,'socialaccount','0005_socialtoken_nullable_app','2026-03-11 10:45:03.737151'),(48,'socialaccount','0006_alter_socialaccount_extra_data','2026-03-11 10:45:04.706545'),(49,'core','0014_alter_instrument_isin_alter_instrument_symbol','2026-03-11 12:01:26.400408'),(50,'core','0015_signalnotificationstate','2026-03-12 11:58:37.037138'),(51,'core','0016_signalnotificationstate_last_signals_hash','2026-03-17 12:06:24.304404'),(52,'core','0017_instrument_previous_close','2026-03-18 09:24:27.106910'),(53,'core','0018_instrument_category','2026-03-19 04:50:26.191448'),(54,'core','0019_alter_instrument_category','2026-03-19 05:11:50.540457'),(55,'core','0018_financialyeardata','2026-03-25 09:15:25.958024'),(56,'core','0019_financialyeardata_edit_count','2026-03-25 10:01:11.904256'),(57,'core','0020_financialyeardata_is_locked','2026-03-25 14:13:50.066886'),(58,'authtoken','0001_initial','2026-03-28 14:22:03.807793'),(59,'authtoken','0002_auto_20160226_1747','2026-03-28 14:22:03.936240'),(60,'authtoken','0003_tokenproxy','2026-03-28 14:22:03.972044'),(61,'authtoken','0004_alter_tokenproxy_options','2026-03-28 14:22:04.016711'),(62,'core','0021_instrument_high_52w','2026-03-29 08:44:58.090069'),(63,'core','0022_instrument_category','2026-03-30 08:57:17.477737'),(64,'core','0023_mutualfund_remove_instrument_category_mftransaction_and_more','2026-03-30 10:35:08.577330'),(65,'core','0024_mfportfolio_realized_profit_mutualfund_prev_nav','2026-03-30 14:16:16.159350'),(66,'core','0025_mftransaction_remaining_units','2026-03-31 00:29:13.027004'),(67,'core','0026_coin_cointransaction_coinportfolio','2026-03-31 00:35:34.448266'),(68,'core','0027_npsfund_npstransaction_npsportfolio','2026-03-31 01:23:56.503629'),(69,'core','0028_fixedasset','2026-04-01 08:47:15.138637'),(70,'core','0029_fixedasset_maturity_date','2026-04-01 08:53:26.148127'),(71,'core','0030_otherasset','2026-04-01 09:05:44.659845'),(72,'core','0031_loan_loanpayment','2026-04-01 09:36:25.007596'),(73,'core','0032_profile_equity_brokerage_pct_and_more','2026-04-02 04:40:33.008014'),(74,'core','0033_mfsip','2026-04-02 06:23:44.618002'),(75,'core','0034_fixedasset_asset_type_fixedasset_monthly_deposit_and_more','2026-04-02 06:28:58.856212'),(76,'core','0035_alter_profile_equity_brokerage_pct_and_more','2026-04-02 07:14:28.511872'),(77,'core','0036_marketticker_percent_change','2026-04-02 14:51:45.634080'),(78,'core','0037_portfoliovaluehistory','2026-04-03 09:28:19.095674'),(79,'core','0038_portfoliovaluehistory_coin_current_and_more','2026-04-03 13:05:37.543821'),(80,'core','0039_portfoliovaluehistory_net_worth','2026-04-03 13:18:45.269190'),(81,'core','0040_portfoliovaluehistory_nifty_price','2026-04-04 08:20:46.694674'),(82,'core','0041_ipo','2026-04-05 12:42:38.008972'),(83,'core','0042_instrument_sector','2026-04-06 05:32:25.857170'),(84,'core','0043_remove_instrument_sector_familylink','2026-04-06 11:48:12.707867'),(85,'core','0044_encrypt_sensitive_fields','2026-04-07 10:30:12.306104'),(86,'core','0045_alter_fixedasset_tenure_years_and_more','2026-04-08 09:03:40.463641'),(87,'core','0046_profile_coin_investment_limit_and_more','2026-04-08 13:53:20.990847'),(88,'core','0047_fixedasset_fd_id_fixedasset_holder_name','2026-04-08 14:16:16.266109'),(89,'core','0048_fixedasset_parent_asset','2026-04-08 15:11:03.818791'),(90,'core','0049_otherasset_asset_id_otherasset_holder_name','2026-04-09 05:52:12.596023'),(91,'core','0050_profile_profile_picture','2026-04-10 11:34:48.577078'),(92,'core','0051_chatbotknowledge','2026-04-10 15:30:39.173719'),(93,'core','0052_portfolio_notes','2026-04-13 05:16:04.927597'),(94,'core','0053_profile_coin_profit_expectation_and_more','2026-04-15 00:00:14.949247'),(95,'core','0054_profile_financial_goal','2026-04-16 04:37:10.340558'),(96,'core','0055_hiddensignal','2026-04-16 04:50:03.618123');
/*!40000 ALTER TABLE `django_migrations` ENABLE KEYS */;
UNLOCK TABLES;

--
-- Table structure for table `django_session`
--

DROP TABLE IF EXISTS `django_session`;
/*!40101 SET @saved_cs_client     = @@character_set_client */;
/*!50503 SET character_set_client = utf8mb4 */;
CREATE TABLE `django_session` (
  `session_key` varchar(40) NOT NULL,
  `session_data` longtext NOT NULL,
  `expire_date` datetime(6) NOT NULL,
  PRIMARY KEY (`session_key`),
  KEY `django_session_expire_date_a5c62663` (`expire_date`)
) ENGINE=InnoDB DEFAULT CHARSET=utf8mb4 COLLATE=utf8mb4_0900_ai_ci;
/*!40101 SET character_set_client = @saved_cs_client */;

--
-- Dumping data for table `django_session`
--

LOCK TABLES `django_session` WRITE;
/*!40000 ALTER TABLE `django_session` DISABLE KEYS */;
INSERT INTO `django_session` VALUES ('025ewzyao2ts39kgajwqf5xm0zdmogle','.eJxVj8FuhDAMRP_FZ4SckMRJbt3fqCpkQnZBpaQioRe0_76CpQdu1sz4aWaDnMLIE4eQ1rm0uXCJGfz2rOBf47UMcS5j4DKmuf2JZUh9Bv-5wfsGf6VABVzACyKF5JCwtkLoRqkKfpf0N_ZxAQ-PlB5ThArWcScItEI4IZ1TZDQRWSILz68KjgLtmuPSHkkFF63j8B3n3eBp2uX6rFEfmdPO9cdlxu38uqAGzgN4uGsjlWwo2g6Ze3tvtEQyxorgDPaxtw6VcLLpUDccCVUglkaj7JQKe-sXx8BvLg:1w3r0a:X5hxXTXgaBDkAgUr7yFfmyIpAw5DQVS3FtfT9glcN58','2026-04-04 07:44:32.918283'),('0gcqr198cswkz3kqr3el554reb9562p9','.eJytzT0OgjAYANC7fHNDoC2WsqGDEQPR4M9gCGlKlQqhSAsL4e4OXsH5DW8Ba6QWnZDSTL2rrBNOWYgXaNT5lpJ2OxV6uiTKQfxYYBiNVNZCDJ156R4Q1MIJiPup6xAMrVSVNLWqZjXqp1bjT1YUMBYyTELGPYwxZ2xTIhiyfJive306mF37Sd9_GCjmxPM5I9zHJYJGRlmU3IucJcfRiOIfAw8Cj1AacVqu6xcEfmhp:1wAlAN:Drjqcg_kKuO2_8JOHQP2pG9KZB25WjuNs8mdnUegHUc','2026-04-23 08:55:11.346094'),('1iac9y5ddaxhz8m3p1kboc71w89m5j9i','.eJwlyU0KwjAQBtC7fOsg-BMbcgV10YULEQlhOkowNDWTaiHk7iKu3uJVSKLgoydK81icFF9YYCs--nLWvTkuJPlwei2w14opJ2IRWMT0CCMUBl887DjHqDA9iR2lgd2bc7gHzv9pat112hiz2-5XPzf61toXohcp6g:1wBRhs:e3Z1oc6IpR53uQZvdHeIFwFa90MqbyPYW2Rd9X1FhHA','2026-04-25 06:20:36.592556'),('1nub3xvdinz7wjs21awzkdn9k0k31o6b','.eJxVi8sKwjAQRf9l1lJm-sijS6FL8RPCZJKQYLWQ2JX47yJ0oct7zrkvcLw_s9tbrK4EmGGE0y_zLLf4-ArZauyO2brlzmW91svmyxrPR_T3zNwyzGAGDoSMwoRKaT1KUJpUIjLa-4mDTUMyom1klMF6i9qaFIimgOj7Ht4fHcU04g:1w8JU3:NXCxHPOlmFJdISk-ZO3Widc47v2SMHK6zoxSH1D5v74','2026-04-16 14:57:23.158235'),('23udqcswwri5gryh4pc16cptcblv50tl','.eJxVj0tuhDAQRO_Sa4TcfNy2d5lrRBFqfxhQCI6wyQZx9xEMWbBrvaouVW2Qoht5YufiOucuZc4hgdn2Av4Zr3kIcx4d5zHO3U_IQ_QJzOcG7xvMPQUK4AwGiRpdtUrLUjVSKKwL-F3i3-jDAgaeMT6nAAWs45GAQiFqrLRuSLZEpIgU7F8FnAW6NYWlO50N3Jhl9x3mQ-BpOnB51ShPzyWn8uM243F93aIGTgMYUDV7FCwco5CSqHFeEsoeUZG1LXvd171ypAMLV2urBWnVe8TWC2GrCvYX9rdwLQ:1w7PJ4:MJV-ZRJuja-f9do_jXyheSOrUoKtG5kvsqaPANdluPc','2026-04-14 02:58:18.889899'),('2mnad130mp9375iz7euroj03k3gdnspi','.eJwlybEKwyAQANB_uVlKQiOKW7cOHToWSpHjcikS0eCZtCD-e4e-9TWQTAEjEuU9VS8VKwu4BreLWY71e8WPxcddArhng61kYhFwEPM7JFAwY0VwaY9RwbYSe8oz-4NLWAKX_3Q1GqPHSQ-TPQ1Gn61-9f4Dq0op7g:1w8KJk:fm5QeqDH9h0M3EjfgTvmQdL5NukUAwgbPb8o37p7x0o','2026-04-16 15:50:48.076747'),('2nvio8235j4u5zqacbfokxmooxfzrjqf','.eJxVi0EKwjAQRe8yaylpm5imS8GleIQwk_yhxWohsSvx7iJ0ocv_3vsvirw9p7hVlDhnGqmnwy8TTjc8viKtBc0-a3O-87xcy2WVecFpj_6eE9eJRjIMhW_VwYm22STucrB2SL0d2AVvlYGjk9Aan4acbJcVKhC4Dl4CvT9TqTao:1wA11A:cAhr3uQIVBJGYuZre-kw0GrGcptjhLbGIErfa6j0G24','2026-04-21 07:38:36.379887'),('2qzj9dfarrhmy8e3icbpjotmdzeqegmr','eyJzb2NpYWxhY2NvdW50X3N0YXRlcyI6eyJicE1ZRzQxYjFubEl5UVhXIjpbeyJwcm9jZXNzIjoibG9naW4iLCJkYXRhIjpudWxsLCJwa2NlX2NvZGVfdmVyaWZpZXIiOm51bGx9LDE3NzM2ODYwNzEuMTIyMzQwNF19fQ:1w2Clr:FkomnYMXJ-ixV_ax7HRQWMeXLZ3yhmE0ZHyUDK0mkXU','2026-03-30 18:34:31.127785'),('323k3s8grv177e259fr66l8u59v1q4zw','.eJxVj01uhTAMhO_iNUKY_DjJru8aVYUSEx6olFQkdPPE3SsoXbCzvhmPZl6QE09-9sxpW0qXiy8xg3vtFfwzv5UxLmViX6a0dF-xjKnP4N5f8HeDu6dABb6AQyKlBSG2tWiNkKgq-F7Tz9THFRw8U3rOESrYpiMBG6mEMdQiqsZKK6TUCvaPCs4C3Zbj2p1OBTcWPH_G5RD8PB-4vmrUp-eSc_12m_G4vm5Ro88jOCCte2SSMhhmtFE0LIQl0lZxkGiG1vi2t0GHaHAwclCkBEkjBbMmH2D_BcJsb8o:1wAOKG:q0r0r_esC4GX_3QatyBHv1kvpvrORrJu8cVVe19efbg','2026-04-22 08:31:52.658436'),('34thnrfaohbyww9i7qzads3z88315qy7','eyJzb2NpYWxhY2NvdW50X3N0YXRlcyI6eyJRRjAwM0U3Q1d0TkJ2cW9IIjpbeyJwcm9jZXNzIjoibG9naW4iLCJkYXRhIjpudWxsLCJwa2NlX2NvZGVfdmVyaWZpZXIiOm51bGx9LDE3NzUzOTE3MzIuOTM2NTU5Ml19fQ:1w9MUW:qfotI5KBGb4mryxz6q0J4omIdSWpnRfnEaKlqczkVwE','2026-04-19 12:22:12.939123'),('36pgi96yr2nu7zs308i4r9rbi1tek6c1','.eJytzcEKgjAYAOB3-c8jKKf73a3wUBAUEVGEyJi_MVxuuVmU-O4deoXO3-EbIThtlFVau6GLVYgqUgA5wvYk7Oby2A-vj094cQR5HcH3TlMIIMG6m-mAQa2iAtkN1jLwraZKu5qqJ_WmMdT_ZGJzIVJE5Ek2ExlHzEsGO7FqiNbLQ-vfxf2c_yfAGS5SzkVSTtMXseFJBw:1wBRhu:m-daV1UPsXKncv1jYuvyV0lAKf9aNTUI3NNJBXTAZeA','2026-04-25 06:20:38.830992'),('36sf8ux2v31vv85jrclvzzvxv47v8o27','.eJxVi8sKwjAQRf9l1lJm-sijS6FL8RPCZJKQYLWQ2JX47yJ0oct7zrkvcLw_s9tbrK4EmGGE0y_zLLf4-ArZauyO2brlzmW91svmyxrPR_T3zNwyzGAGDoSMwoRKaT1KUJpUIjLa-4mDTUMyom1klMF6i9qaFIimgOj7Ht4fHcU04g:1wAlOy:cyOtqyCK6MxgBvUjBZKJliBHWbtS8LUyl-gTXxX-Dz0','2026-04-23 09:10:16.348530'),('3fj2trxvf5oc3cujm35jkr4kvj0fa668','.eJytzU0LgjAYAOD_8p6HzM9Nr31IUIHRoQyRNaeNhlPnIhT_e4f-gufn8MxgNJdMMc61bcfSjGwUBpIZ0mbTx7fpzPY2_QbPOySPGbpBc2EMJKB0I1tAULGRQdJapRB0by5KritRfsQgaymGvyzIJcSnFMcEO9T3MYnCAsHJ5mKXdxS_qmzK7GWFwQ2J75DYpTigBQJ9aLaxVDW5VurY53yVgUZO5Hlu6BXL8gPnAmil:1w31dK:Lazzd-PXGbJ8m5zrAXkLp_B7qghhNlUDxaByQZ8_3Ec','2026-04-02 00:53:06.622625'),('3hwirq6jpo4aw8lk95dejcp1u8b6wrhm','.eJwlybEKwyAQANB_uVlKjIjUuVMo_YFS5Lhci1Q0eJpF_PcOfesbIIUiJiQqPbcgDRsL-AF1W7bz3iq7jjfdH-CfA45aiEXAQyqfmEHBjg3B556SguNLHKjsHE6u8R25_mcq7ZzV18Xp9WKMtat5zfkDmY0prQ:1w8WCG:XJOF-tOyGXSJoWtT2kVO5CISpvejDIgUg-PFLhJW_1s','2026-04-17 04:31:52.354508'),('3w0spfmy3tzh4yqt2f59rditv92ipyey','.eJylzcEOgiAYAOB3-c_MBYJMrt1qdmp6aM4xJGUxYICVOd-9Q4_Q-Tt8GySvjLRSKb-4PKQss04gNpjf5zg1uqvKNpirySBuG4TolU4JBFg_GQcIRpklCLdYiyA8lB6UH_Xw1NHcjY4_2RHmnBFCcUUKXhPKqx6BmdvPGtLl2HSnha2vvwNWUoxpUTN2wLzs9_0LJYBJ2g:1w9xX0:4jrCy0LsVEMi9UD4OhG_IWex62I9pWCyeVLTVijzUWc','2026-04-21 03:55:14.955461'),('42y1akqldnllp7pwtl11r00ryfgy1df6','.eJxVj0tuhDAQRO_Sa4TcfNy2d5lrRBFqfxhQCI6wyQZx9xEMWbBrvaouVW2Qoht5YufiOucuZc4hgdn2Av4Zr3kIcx4d5zHO3U_IQ_QJzOcG7xvMPQUK4AwGidpKo2xUKetKClkX8LvEv9GHBQw8Y3xOAQpYxyMBhULUWGndkGyJSBEp2L8KOAt0awpLdzobuDHL7jvMh8DTdODyqlGenktO5cdtxuP6ukUNnAYwoGr2KFg4RiElUeO8JJQ9oiJrW_a6r3vlSAcWrtZWC9Kq94itF8JWFewv609wIQ:1w8wSI:dFxvM_nZN882XpKT9fHkHpRvaK-RueyHqxOOwMUwZlw','2026-04-18 08:34:10.649065'),('4bo32y5ytrbyyxqsqdcm85sqcb2pm809','.eJwlyUEOwiAQAMC_7JkYbRQsd5_gqTGEbNeWgNCyoDGEv3twrtOAEzobLGKqsRguthCDbuBvy373n3VPr5Xr14GeGmw5ITGDhpAWF0HAbIsFHWsIAjaPZDDNZN6U3dNR_k8XJ6XkoMZRXg5ndT2qQT56_wEnAisb:1wD5Yr:w6PCw790HaecODppzz89Z4mCBlCEYkjeoohg6Qs565c','2026-04-29 19:06:05.504582'),('4pt3eyfqvnpnatgk11x7cy2338ywsife','.eJxVj8FuhDAMRP_FZ4RiIHGSW_c3qgqZJCyolFQk9IL49xUsPXCz3oxHMxuk6Eae2Lm4zrlNmXNIYLe9gH_Gax7CnEfHeYxz-xPyEH0C-7nB-wZ7T4ECOINFIllVstZUSqMbo-sCfpf4N_qwgIVnjM8pQAHreCSg0IgGK2MaUpKINJGG_auAs0C7prC0p7OBG-vYfYf5EHiaDlxeNcrTc8mp_LjNeFxft6iB0wAWdM0eBQvHKJQiapxXhKpH1NR1kr3p6147MoGFq01nBBnde0TpheiqCvYX-u1wMg:1w8fDZ:iJe5x0Vo8OB6Fp0C38CYdCmRJGSBWKF0IW_mQNl40ys','2026-04-17 14:09:49.855700'),('4uv3wzyly3ayldjo8kznv1kvo0dx4i7f','.eJxVi0EOwiAQRe8ya9MAAwW6NOnSeAQywDQQq03Arox3NyZd6PK_9_4LAu3PEvbOLdQME0g4_bJI6caPr0hb4-GYfZjvVNdru2yxrnw-or9noV5ggiWxJ2PZCNSL4RxRWY-IfkxuzBS1slk5PXKU3lmPwhInhUQRpUWh4f0BJfo0wA:1w7SC8:ZXbSgxRzlyXJVws3H9AzyCty3-ysMjIcs7LOlFO7u5k','2026-04-14 06:03:20.770803'),('567d1p74j5yirubo3jf5x0mh96k30bj6','.eJxVj8FuhDAMRP_FZ4SS4MRJbt3fqCpkQrqgUlKR0Avi31fssgdu1pvxaGaDnMLIE4eQ1rm0uXCJGfy2V_BmvJYhzmUMXMY0t7-xDKnP4D83eN3grylQARfwkqixjSVjaoVOGmEr-FvS_9jHBTzcU7pPESpYxyNBSiEbZ4RDVE5bbYRWDvavCp4F2jXHpX05HVxgx-EnzofC03Tg-uxRPz2nnOuPy47b-XWJGjgP4MGS4b5XqFXHSmAnYmhYduiUbpgwoBUdhkgCCQNpR84a0i5-C6WJRQ_7AzPNb8E:1w2qUi:XFBM7nU83aym79tGPwnGaGI1g51ZSmiyCuUBSEcgGow','2026-04-01 12:59:28.339057'),('58mvqy6z8w6uqjxf6p2ut1bwfge0yque','eyJzb2NpYWxhY2NvdW50X3N0YXRlcyI6eyJiNkJPQVZlNDIwUnh1T0tKIjpbeyJwcm9jZXNzIjoibG9naW4iLCJkYXRhIjpudWxsLCJwa2NlX2NvZGVfdmVyaWZpZXIiOm51bGx9LDE3NzUwMjQxMzYuNzIwOTc1OV19fQ:1w7orY:_jvbcrBnNT9wcVlBLRRsMr4p-N-InTA7oYA2a17tSgA','2026-04-15 06:15:36.741411'),('5dtjz8qrs767s432wqnzx6o4wrbac5y3','.eJwlyUEOwiAQAMC_7JmYQEuoPEHvJtUYstmuBkugAvUg4e8enOs0KIk8BiRKe6yuVKxcwDaoLx5PF1z19D2_5_kK9tZgy4m4FLAQ0tNHELBgRbBxD0HAthI7Sgu7D2f_8Jz_04U0Rg9ayqM6jEYNalL33n_GZSnv:1w9Bwe:cJC9B74tkPv7GG_QXk7ep3LShRlyRaHovUvvaJnAk-Q','2026-04-19 01:06:32.473903'),('5gkpwd8ps1kkg31t17vdwiq2ie0nwr2a','.eJwlybsOwiAUANB_uTMxlUZb-AEThm6djCHkclWUQMNrIfy7g2c9HXJEZ7xBjDUUnYsplEF2-Kh22_ar3at_K0UN5L3DkSJSziDBx5cLwMCaYkCG6j2D44ukMVrSjZJ7Okr_Gey8LPNFTFyI0zSvnK_zY4wf0-kqIQ:1w1nr9:9-GCkr4vQvyDxRIIpGrbf8hLudazeB7CayxZehctGWs','2026-03-29 15:58:19.043671'),('6dgj3plwse9ohhu0x4t4swflj2l86x0m','.eJwlybsKwjAUBuB3-ecgrbFGsnpZXdxEQjg9ltCQlNyW0Hd38Fu_jhzJWW-JYg3F5GILZ-iOx2upp3ara3vW6z0V6HfHliJxztDwcXEBArMtFjpU7wW2ldhQnNk0Tu7rOP1nF6NSk5LyOMjDOMnLIM-fff8B5F8qRA:1wAnK7:7_vXu-80kaT0dE01vdPQykEG2o4L-LKvH6h4L3zgw6s','2026-04-23 11:13:23.156336'),('6ekw25oiyy0qjwuv58bpjjkafemsxf3x','.eJxVj8FuhDAMRP_FZ4RiIHGSW_c3qgqZJCyolFQk9IL49xUsPXCz3oxHMxuk6Eae2Lm4zrlNmXNIYLe9gH_Gax7CnEfHeYxz-xPyEH0C-7nB-wZ7T4ECOINFIiklaq1LqSpTGVPA7xL_Rh8WsPCM8TkFKGAdjwQUGtFgZUxDShKRJtKwfxVwFmjXFJb2dDZwYx277zAfAk_TgcurRnl6LjmVH7cZj-vrFjVwGsCCrtmjYOEYhVJEjfOKUPWImrpOsjd93WtHJrBwtemMIKN7jyi9EF1Vwf4C_slwNg:1wA29i:Fg9HxG61HqQrd42HHvmhOLsxEm6nQY0E-5Q-Ux51dIs','2026-04-21 08:51:30.733250'),('7869obce051sj4fcy0abx5b4v37n5kzf','.eJxVj01uhTAMhO_iNUKE_DjJru8aVYUcEx6olFQkdPPE3SsoXbCzvhmPxy_IiSeaiTltS-lyoRIz-NdewT-jrYxxKRNTmdLSfcUypj6Df3_B3wz-ngIVUAEvELWRrUZZa4OuxQq-1_Qz9XEFD8-UnnOECrbpCBCN0tJabIXQjVNOKmU07B8VnPe7Lce1O50abiwQf8blEGieD1xfLerTc8m5frt98bi2blEj5RE8oDG9YFQqWGbhomxYSodonOaghB1aS23vggnRisGqQaOWqKySzAYpwP4Lf5Vvqg:1wAN95:w3lwCZ7K-O9ToKHLMvfNNN2o-ZZ0m_iAQaYj9CFLefs','2026-04-22 07:16:15.678379'),('7axfrtht3am4bsx4wqv32wdp6k52mzrd','.eJxVj81uhDAMhN_FZ4TyR364dV-jqpCTmAWVkoqEXhDvvoKlB27WN-PxeIOcwogThpDWuXS5YKEM7bZX8M9wLQPNZQxYxjR3P1SGFDO0nxu8Z2jvKVABFmi5MY21zjWulrzhkqsKfpf0N0ZaoIVnSs-JoIJ1PBI4U1wJp2SjnZFGOM2khv2rgrNAt2ZautMpGNygx_BN86HgNB24vnrUp-eSc_1x--Nxbd2iBszDcUF6xXstPXHusO8jOfTko-6jsETR-p4ROeRMSK2jUbIx0isRtfVGWQX7C3bfcUM:1wBS6T:HIpZZ7SONkk5GIujq-SxuNGm4EP6ie6_bOP_arw_kmA','2026-04-25 06:46:01.499959'),('7opk0n6dz7k12q2kui5vsx9kkcvq9wqv','.eJwlybEOwiAUBdB_uTMxQbFYvsDF6OBgYgwhr8-GSKAF6kL4dwfPehpKIu-CI0pbrLZUV7nANMhLXsPZz7fT9bHeI8M8G5aciEuBQUizjxCYXHUwcQtBYPkQW0oT2y9n__ac_9OF1HpQ8jhKtVOD0vvx8Or9B853KhQ:1wDeva:Da6DC8PArUBLlcDE1OAUvhIjmHGy0Eg3OFpcm2oDRPI','2026-05-01 08:51:54.480344'),('8euivxwd7qi5rtjiz9h7p08879mhzsg1','.eJxVi8sKwjAQRf9l1lJm-sijS6FL8RPCZJKQYLWQ2JX47yJ0oct7zrkvcLw_s9tbrK4EmGGE0y_zLLf4-ArZauyO2brlzmW91svmyxrPR_T3zNwyzGAGDoSMwoRKaT1KUJpUIjLa-4mDTUMyom1klMF6i9qaFIimgOj7Ht4fHcU04g:1w7AnV:U4jkPgzRWfrzRM83AmMvqxc9w3K4XGJPbsXwL1WRfSg','2026-04-13 11:28:45.453223'),('8fh0rs81844yt1a19jm7rb0dc02atlnw','.eJwlybEOwiAQANB_uZmYCjYYRuOgi4mzMQSv14oSjgB1kPDvDr71NSiM3gWHyGustlRXqYBpwN9wyI_lfDm-Ts_rnMDcGqTMSKWAgcCLjyBgctWBiWsIAtIbySJPZD-U_ewp_6eLrdZq1Hs56M1ulGpQ8t77D-fJKkg:1w1ki7:YxPHXNYc1K5GoQpVbzJceqQs-j4RcSP5DldoCuQu_7c','2026-03-29 12:36:47.454021'),('8q8mcsj2cg4ubsj6ejjj3hdz1odhj5hy','eyJzb2NpYWxhY2NvdW50X3N0YXRlcyI6eyJvREtDbkNWWHlvaFVpSUV1IjpbeyJwcm9jZXNzIjoibG9naW4iLCJkYXRhIjpudWxsLCJwa2NlX2NvZGVfdmVyaWZpZXIiOm51bGx9LDE3NzM1Njc4OTEuNTU2Mzk3Ml19fQ:1w1i1j:VWZUuFg365PdXudCL7CDE_vJEnum6u2jDRxd9G_xWyU','2026-03-29 09:44:51.557695'),('8vm8av4mlsc9i6hr417p5al2pf8eodnj','.eJwlyUsKwjAQANC7zDoIrdZ8zqCrropISKZjCYZMSVJBQu7uwrd9DQpjcNEh8pGqLdVVKmAaeK5f7Zd8m5ftHjyCeTTYMyOVAgYibyGBgNVVByYdMQrY30gWeSX7oRxegfJ_uhiknJSSWp9Pl-k6qnF49v4D7nwqcg:1wBRaj:SMcvhgc_W1IF_blt7ua_WTNbyO_KdPUepwGoCaNRukw','2026-04-25 06:13:13.457998'),('95x6nq741l763wv6o1nek4e2j0f43yet','.eJxVi8sKwjAQRf9l1lJm-sijS6FL8RPCZJKQYLWQ2JX47yJ0oct7zrkvcLw_s9tbrK4EmGGE0y_zLLf4-ArZauyO2brlzmW91svmyxrPR_T3zNwyzGAGDoSMwoRKaT1KUJpUIjLa-4mDTUMyom1klMF6i9qaFIimgOj7Ht4fHcU04g:1w8Dri:pTz8YXh7pmrYRgP1NcneSOEFck7emcKGEpcUWP5SfMA','2026-04-16 08:57:26.428725'),('9bgsgadbcty3akntn92w8qwpnk1jtmyo','.eJytzbsKgzAUANB_uXOQ1iQasvYJFqQ4FpE0xhIaEs2NdhD_vUN_ofMZzgoYtFVOaR1mnzpMKhkEuQJefHVg1wpPtInn8QjyscIYgzaIIMGFl_VAoFdJgfSzcwTGtzadDr3pFhPtYE38yUb2ZUkFZaLgGeWipEy0BHL3mdStLqrlea-bCf8w8B3lWc4ELThrt-0LwwBJDw:1w2pWV:hFFUY0C9Jqpje0y5f7Ss1iqECiDbwVI-XOMkKi8RL5c','2026-04-01 11:57:15.248848'),('9omavx8v5d3t1ea13xa0t2y78vd7xupl','.eJxVj0tuhDAQRO_Sa4TcfNy2d5lrRBFqfxhQCI6wyQZx9xEMWbBrvaouVW2Qoht5YufiOucuZc4hgdn2Av4Zr3kIcx4d5zHO3U_IQ_QJzOcG7xvMPQUK4AwGiVqNdSXrUraNICEL-F3i3-jDAgaeMT6nAAWs45GAQiFqrLRuSLZEpIgU7F8FnAW6NYWlO50N3Jhl9x3mQ-BpOnB51ShPzyWn8uM243F93aIGTgMYUDV7FCwco5CSqHFeEsoeUZG1LXvd171ypAMLV2urBWnVe8TWC2GrCvYX54JwHQ:1wBYAL:-mc5SAzCFzbJzBYQF5R-kqYs19WjvppvS1D0S4gT1R0','2026-04-25 13:14:25.660031'),('apmp5f95hylvsg6v27yabccx50978koa','.eJwlyb0KwjAQAOB3uTmIJZHD7LrUqdhJJITrVaIhKfkRJeTdHfzWr0GO5Ky3RLGGYnKxhTPoBtfxOa3fy3wa5_rhswJ9a7ClSJwzaPDx4QIIWGyxoEP1XsD2IjYUFzZvTm51nP7TxYAoD3uJA-4UojxKde_9B8TPKfI:1w1RKf:YiKRYYkQ7HwE5dt6p71eqUfynTr2351Cvt5huYmOveA','2026-03-28 15:55:17.479013'),('apqth6ytecr8uibccc3b5oq9kpymx6ay','.eJxVj8GOhCAQRP-lz8QAAg3cdn5jszEtMKNZVzaCezHz7xMd9-CtU1X9UrVByWGkiULI61y7UqmmAn57MvjXaK1DmusYqI557n5SHXIs4D83eN_grxRgQBW8QFSKo5aq4VY7i5bB75L_xpgW8PDI-TElYLCOO0FwK4QT0jmFRiOiRbTw_GJwFOjWkpbuSCq4aD2F7zTvBk3TLjdnjebInHZpPi4zbufXBTVQGcDDXRupZIvJ9pwo2nurJUdjrAjO8JiidVwJJ9ue65YSchWQpNFc9kqFvfUL2D9vQA:1w5ESC:eDY5bXqgM_VAwYxOXAIt3oZzhD_79iD5h078ZO5ih2U','2026-04-08 02:58:44.355985'),('bn28m950lsugqxr9x9po08mzwusonhu9','.eJxVj8FuhDAMRP_FZ4RiCHGSW_c3qgqZJCyolFQk9IL49xUsPXCz3oxHMxuk6Eae2Lm4zrlNmXNIYLe9gH_Gax7CnEfHeYxz-xPyEH0C-7nB-wZ7T4ECOINFokZXiFKWppYV1U0Bv0v8G31YwMIzxucUoIB1PBJQaESDlTGSVENEmkjD_lXAWaBdU1ja0ynhxjp232E-BJ6mA5dXjfL0XHIqP24zHtfXLWrgNIAFXbNHwcIxCqWIpPOKUPWImrquYW_6uteOTGDhatMZQUb3HrHxQnRVBfsL6FJwHg:1wBACZ:P1uI0n87LvqNJbzmI8mK92DSzvHe-dstZRrtFSoO5zk','2026-04-24 11:39:07.414472'),('c57k2zedglvssa30s3bdnk62eupsxjd8','.eJwlybEKwyAUBdB_ubOUGEMsbh2zhXRrKSIvr0UqMagpFPHfO_SspyJH8i44onhsxebiCmeYipkufJ06OfffcUq3BeZesadInDMMQnz5DQKrKw5mO0IQ2N_EluLK9sPJPz2n_zQhtR7U0Gt1PinZjVo9WvsBYwIpGA:1w4xbG:bnCgIJSfHKVLhPv1fmSEDUKmtUTgCrjvMekehT-aLc8','2026-04-07 08:58:58.328098'),('ctx7bch61yancsjlp690aj2unuhnsata','.eJwlycsKQiEQANB_mbXEFbtdcVv0By0iQoZxCslUfAQh_nuLzvYMqIk8BiRKPTZbGzauYAYcv28fXLr2M-bThVcwtwG5JOJawUBITx9BgMOGYGIPQUB-EVtKju2Hi394Lv-ZQm7bupdq0Wp30IuWSt_n_AHnEipK:1w9S2t:HKTSGiL6xpsYfXxdJ8X-LOqqyjGHN3Kr3-GPwqTZTIU','2026-04-19 18:18:03.684700'),('d239km209wdjpa66glhljbs5q63b3nlw','eyJzb2NpYWxhY2NvdW50X3N0YXRlcyI6eyIyUnZMczJhUmpGZjlXQ2tVIjpbeyJwcm9jZXNzIjoibG9naW4iLCJkYXRhIjpudWxsLCJwa2NlX2NvZGVfdmVyaWZpZXIiOm51bGx9LDE3NzM1NTY2OTUuNTkyNDUwMV19fQ:1w1f79:T-Wmvk6V96rnM2XfgNb04OM7-oPEWBI7Y1ZsqQ6jTfw','2026-03-29 06:38:15.597889'),('d78fm7bvmxkuuwkq9n23yiuc943mx5kk','eyJzb2NpYWxhY2NvdW50X3N0YXRlcyI6eyJTSTcxSlVZTkV4U3ZGb2JuIjpbeyJwcm9jZXNzIjoibG9naW4iLCJkYXRhIjpudWxsLCJwa2NlX2NvZGVfdmVyaWZpZXIiOm51bGx9LDE3NzM1ODEzMzAuMzIzMzkyNl19fQ:1w1lWU:wYn6tJcTEzPPF5O9JfCLMKtTf3kSWtikz0f08gG-o1M','2026-03-29 13:28:50.328604'),('dcgbpunrqiebsdnquipfry99h5lvhp9c','.eJwlybEKwyAQANB_uVkKthGJc9dCtw6hiJzXIBFP9NJF_PcOfesb0BlTyAGRzyK-SxDq4AbYA-mxr_GpWeReX-C2AbUxUu_gIPOeCiiIQQK4cuasoB5IHjmS_1JLn0TtP1Npa81tXRZjL-aqF_Oe8wd3PCmb:1w9NCT:1_igFGtdG3ZfggtMnVvqyl5uIzzEXxcnC1Se1xbQUZk','2026-04-19 13:07:37.523292'),('dniv3zcagovsxog8yggq45rl3g673ycj','.eJxVi0EKwjAQRe8yaylpm5imS8GleIQwk_yhxWohsSvx7iJ0ocv_3vsvirw9p7hVlDhnGqmnwy8TTjc8viKtBc0-a3O-87xcy2WVecFpj_6eE9eJRjIMhW_VwYm22STucrB2SL0d2AVvlYGjk9Aan4acbJcVKhC4Dl4CvT9TqTao:1wAeNk:fVNlxL1uWO1bSfcIX8I2l0Kx_NnGCG4O9__OjcfwY1s','2026-04-23 01:40:32.265286'),('dr1nmn1ekyv6hkheiczzfav7ugn5orf3','.eJytUMtqwzAQ_Jc9CyPJeti-NVAotD2UtpS2BCPrEYs4VrBk9xD878VOevC9t2VmdmZ2LxCD9qpTWoexT3VMKtkI1QVkfOJDw952P8_iAx9fofq-wHkI2sYIFXTh4HtAYFRSUPVj1yE4H7WtdTC2nuzgnbfDlZkRkZJTyktaZkxIWgq2R3B6f38xp-nxi5_Z_fT58C8JRZFhLqlk-xnB31VqTK3tk9cq-dDXJ5vaYOKad52h2v4BEKgE1dVUkJJlBIuCkhwtBSdvlmA4hHDoLCAY_eJACGZFTjjGBeVUsFxQLGDeI1gL1GO0Q70qcwkbsFH6aPuFUV23wNmtR7ZqbnTM7jZ37G5bG6tWxRYqMMo6waWzjLGiYFpJwgluGkd4I51xFhcNK7mTjFJnS8lzaVyZW0eowMQ1MP8CiSaunA:1w8fQb:TQF2WEo17Qx5Bj2-TgPCzg_9Q5lLZEpeKgWidhDEUvg','2026-04-17 14:23:17.864761'),('ds4dfa9za71quru6masrlqew12zgcgxq','.eJylzbsKwjAUANB_uXMo6Ssx2XRThKIOClJKSG9LMCalSQu19N8d_ATnM5wVgtdGWaW1n1xsQlQRA8gVTsP9qMKDLns7386uBflcYRi9xhBAgvW9cUCgVVGBdJO1BIaXxkb7FpsZR9MZHH-ykZRzlgtRUpGwHRV5VhPoP1W3XKrpOvN3dvD4d1BQmrE04WVZsKLeti-9x0li:1wDar7:X8cfne1pKo4rHVkqzyTXFQK1lDV9NA1SpiyTuMhbpME','2026-05-01 04:31:01.756644'),('dzr5hwclob0wpmm0ny3vcvot8xieyb38','eyJzb2NpYWxhY2NvdW50X3N0YXRlcyI6eyJkQ01mTGk4TE9GQ0lpVkZqIjpbeyJwcm9jZXNzIjoibG9naW4iLCJkYXRhIjpudWxsLCJwa2NlX2NvZGVfdmVyaWZpZXIiOm51bGx9LDE3NzYyODEyMzUuNDQ1NTU5M119fQ:1wD5tL:aS6PKO_yfuxd4Tc0JBbXtA-3wjTTCpH3jr0HLWIr7D8','2026-04-29 19:27:15.447098'),('ewyr00y1kz1hrjp1bkvfwxsxiyvl39by','.eJwlycEKAiEQANB_mbMEtpqbP1C3vQQdImSYtbDEWdSNJfHfO_Sur0FhChiRiNdUXalYfQHbYAsSmYayfV_n6XK6gr01WDKTLwUsRH6GBAJmrAg2rTEKWN7kHfHs3cfn8Ag-_6cLaYyS41Hrw06bQe1Hde_9B94sKj4:1w4Jka:QTFQMKfiIoAOTWaceLvjWrRqVxBW7PM9FxLJeq93zdA','2026-04-05 14:25:56.574799'),('ewzbk8p4fp4arwhjxd1kvsrnvrw83twf','.eJwlybEOwiAQANB_uZkYLVpaZkcHNgdjyOU4GyqBBqiDhH938K2vQUnkMSBR2mO1pWLlArrB-r0fvTHBuOW64m0G_Wiw5URcCmgIafERBDisCDruIQjY3sSWkmP74exfnvN_ujgpdZ6lHKbxcJnkoEb17P0Hx08p_w:1w7REE:s5CmSxZxZTQqmomW38QU9hEXI0_vkqSG2trx-6bl_3M','2026-04-14 05:01:26.584797'),('f20hy4klr5owh8s7zpz08wyjiu8f8fbz','.eJwlybEKwyAQANB_uVmKSSpX_IJC6ZZ0KUXkvAapxqCmi_jvHfrW16Ak8jZYonRs1ZRqKxfQDe4xOrVcp4ec8RaXFfSzwZ4TcSmgIaTVbyDA2WpBb0cIAvYPsaHk2Hw5-7fn_J8uBkSlUOJ4PuEgxwtOr95_mmgpdg:1wA73U:SJ73NPPqr7xeW6dWELn1S1fNnBom3RfVn_o_eSgpRWk','2026-04-21 14:05:24.714782'),('f5af29qz64dyd20gqitqhv0cctabmgoj','.eJwlyUEOwiAQAMC_7JkYiy2tPMFDfYAxZF3WhkigAdqaEP7uwblOhRzJoUeiuIVicsHCGXSF2-ITfefXQPbA612BflRYUyTOGTT4uLgAAiwWBB027wWsH2JD0bLZObm34_SfJrpxVHI6d_10kpehV0o-W_sB0dIqDA:1wD5bo:MzrOTCA0b0w8yheFcFsWOv4qF9Qo2RizpFgTUhWBkcc','2026-04-29 19:09:08.236952'),('fg1mphiiud8qnkzst2bxlortl7fyi0bw','.eJylzcEKgjAYAOB3-c9D3Jrsd7cIOgSGpzqEyNimzIYzNzMQ371Dj9D5O3wbxKCd8krrsIypjUklG0FucKjNGYcT616mWq-mB_nYYJqDtjGCBB96NwIBo5ICOS7eE5ie2rY6GNu-7ew6Z-ef7IQKwVnBUdAM6UEwbAik9Rbq-li5zz2WbLj8GxQ55VgWGc-RI8Vm37-lFUkB:1w7mSV:UayQkXdZn_7cEIgx8PaXOJhauTqA7RCZ_h8WN5b4vxk','2026-04-15 03:41:35.408982'),('fnw5uf2dcjinyvl7g4oj3a5p30xaii6l','eyJzb2NpYWxhY2NvdW50X3N0YXRlcyI6eyJSTTlnOFc2UE5nU3BJdTNZIjpbeyJwcm9jZXNzIjoibG9naW4iLCJkYXRhIjpudWxsLCJwa2NlX2NvZGVfdmVyaWZpZXIiOm51bGx9LDE3NzQ3NzEyMzYuMjY5MDY4N119fQ:1w6l4W:WoXh99tYM_Pb2IsgejVyWn9hwsVgA1lDr2K7_EWoHAs','2026-04-12 08:00:36.270337'),('frkinyx1eqw4z3kqvhva3bz6j2f0bpcu','.eJwlybsOwiAUANB_uTMxFqRURsfObqYh5PbWEAkQHnYg_LuDZz0dSkRnvUWMLVRTqq1UQHdYaHqetwc_2pzW7DnoV4eUI1IpoMHHtwvAYLfVgg7Newbpg2Qw7mS-lN3hKP9nsEkpqQQX8n6RYpn5lW9j_ACbOCl_:1wAn6V:BvegnsuqzpETpwPn8mkaC9YhlWeY4UuLzRzwMiGGhW8','2026-04-23 10:59:19.541143'),('g0jdc7lwe0u9pazm0vr2uo275v4yx28m','.eJwlycsKAiEUANB_uWuJhHQcl9Gm1VDuihC5cwtJdPLRRvz3Fp3t6VASehccYmqx2lJdpQK6g2ofZczxbG7pdD1cFtD3DltOSKWAhpBePgKD1VUHOrYQGGxvJItpJful7J-e8n8G49Mk-F7xWeyElGpW8jHGD5h7KYE:1w8AjL:V7Vfhiz6Z1XH1Z5Yt4sWYiL7V_5C7YmrMoVc3jgpq5I','2026-04-16 05:36:35.568841'),('g4zzbb5jwqmfj3m6l57p1des7frxr7al','.eJxVj8FuhDAMRP_FZ4RiAnGSW_c3qgqZJCyolFQk9IL49xUsPXCz3ozH4w1SdCNP7Fxc59ymzDkksNtewD_jNQ9hzqPjPMa5_Ql5iD6B_dzgPYO9p0ABnMEikRJKi9qUUiqSdQG_S_wbfVjAwjPG5xSggHU8AlBoRIOVMTWphog0kYb9q4DzfrumsLSns4Yb69h9h_kQeJoOXF4tytNzyan8uH3xuLZuUQOnASxoyR4FC8colCKqnVeEqkfU1HUNe9PLXjsygYWTpjOCjO49YuOF6KoK9heXm2_v:1wCCQt:YrfFzYJGQ3Op-QQzblJeUAjaHjqQ2Wpi3HG72foA4P8','2026-04-27 08:14:11.514089'),('gcssqc3wi2ctjy38sauemm95af3s5wa1','.eJxVi8FqwzAQBf9lzyZIli0pPhZyKZTeemgpYr1a12oUK0hyoBj_eynNJcd582aDkihgRKK0LtWVipULDBu8Jf-zfF-m-n5bn_M4wvCxwTUn4lJggJi-wgINeKwIw7LG2MD1TOwoeXY3zmEKnP_N3khjuqPSnbAHJbped-3n3oDDtc5uLZxd8DCAlPAwjkhnXv4MpcyHO5bD6YIhvuaXNIbIT_fTQzljmWEAr1UrtRJkfWsl9l5qY9FbbLlDHqUSvWDySh9F68lMUpLV_aSURMFGGNh_AUpjXuk:1w7S2i:jOytCqtaHHeqBrFd1GEmYoJT6A6MSnjLhDHe2NPvrIY','2026-04-14 05:53:36.953095'),('h4z4y9x05mrfkrhnxaqzbu9xn0s49tl6','.eJxVj8FuhDAMRP_FZ4RiAnGSW_c3qgqZJCyolFQk9IL49xUsPXCz3oxHMxuk6Eae2Lm4zrlNmXNIYLe9gH_Gax7CnEfHeYxz-xPyEH0C-7nB-wZ7T4ECOINFIiU0VpUqjZSyNqqA3yX-jT4sYOEZ43MKUMA6HgkoNKLBypiaVENEmkjD_lXAWaBdU1ja01nDjXXsvsN8CDxNBy6vGuXpueRUftxmPK6vW9TAaQALWrJHwcIxCqWIaucVoeoRNXVdw970steOTGDhpOmMIKN7j9h4Ibqqgv0F6-9wIg:1wCFrR:W7reUEOvlNUUOfGxIdbZFWpb8BWpT8vT8JcXsY87bQE','2026-04-27 11:53:49.110297'),('hdmrrx3d1cgpwuenoohgfbhdp7bjjujf','.eJxVj0tuwzAMRO_CtWGIlmR9du01isJgZCoWqlqFJWcT5O5FPkXhHfFmOBxeoZaQKFMIZV_bVBs1ruCvtw7-2IW3FBPPE39TyuDXPed_lfa28NpSoJbKOn1zW8pcwX9c4TmDP96ADqiBR2OkdIjW9HK02qDs4GcrlzTzBh7OpZwzQwd7uicgonLSimHUVqBDq6QUcPvs4FFg2itv09Op4QBPFL54vSuU8x33rx79w_OSa_92-OP9tXWIWqgu4CFqS-SEwaBQRRrm6JxCFEpaDlYaHZWeaQyGRwySaTDipEQcNCkXojrB7Rc4mHvN:1w0y3f:3t7YshYb_qs5UKg3C6Qh7Z-AlllkWJr5t9rZTAW7EQg','2026-03-27 08:39:47.618321'),('ibuyo2kct60auddm24zndde181ejtjos','.eJwlybsKwyAUANB_ubMUrQYTxyz9gIyliL25LVLR4COL-O8ZetbToST0LjjE1GK1pbpKBUyHd6bW6jbLUzz8umowzw5HTkilgIGQvj4Cg91VBya2EBgcPySLaSd7UvYfT_k_gwmt1SLvauG3iUsuZvUa4wK7cinC:1w7R1O:gVFjKylhYM2rNuEl3s1lLdgSwTzw7CaDgdBu_-6C52U','2026-04-14 04:48:10.504654'),('id6ry3p2lp5ubfnw9e6yo31ckxboz8bi','.eJxVj81uhDAMhN_FZ4RifuIkt-5rVBVyflhQKalI6AXx7itYeuBmfTMejzdI0Y08sXNxnXOXMueQwGx7Af-M1zyEOY-O8xjn7ifkIfoE5nOD9wzmngIFcAaDRLKpJCosdS2aVhXwu8S_0YcFDDxjfE4BCljHIwCFQtRYad2QbIlIESnYvwo473drCkt3Ohu4McvuO8yHwNN04PJqUZ6eS07lx-2Lx7V1ixo4DWBA1exRsHCMQkqixnlJKHtERda27HVf98qRDixcra0WpFXvEVsvhK0q2F-VsG_t:1wDhbE:rNb-XGBrkGCnAgmarY8gG7KFjbMNI4Yr6oFxtDPs37Y','2026-05-01 11:43:04.105922'),('irqdxnp3mf61wvbukqfkj9iwecabx4xf','.eJxVj8FqwzAQRP9lz8JIsmRJvrVQ6LnQUwlmLW9jEdUKlhzaBv97cZIefFt2ZmfeXiEnHzCi92mZSpcLFsrQXmHBF5Lip3yPl9_317cC7ccVznPylDO0ENMxTMBgwILQTkuMDM4nT51PA3UXmsNnoPmurEwYU1tpeSOqWnFurT2sDP5LcSkjTSV4LCFN3ReVMQ35Vnifod1jAgMs0G6pTgrhbMVVbYzUbCO8hGFrhmNKx0jAYAlbghBc1K7hTinptNUN19LBemBwA-iWTHN3dzrYLXv0J5o2BWPc1tWDo7p5HnKunnZ_PD-udlEj5hFasKbBYZBKyx4lVz0nX6PolZO6RqO8srxXngxXRnmjnXG2MdrRJ5faIB9g_QOmw49S:1w3BwG:_F2Pmnc0CRV7mBbRnuASVDRvUj0eQMli018rcsrH7uQ','2026-04-02 11:53:20.164962'),('iuig0dw2rqhlrfpeu57wrsszrex0i6be','.eJwlybsOwiAUANB_uTMxqVgRRu3qYLppDCG3t4ZAgPBwIfy7g2c9HUpEa7xBjC1UXaqpVEB1eLhnqPO6uDXdr7e9gXp1SDkilQIKfPzYAAw2Uw2o0LxnkBySxriR_lK2u6X8n8EmIfhRTlLwgzxdZsHP7zF-y7EqEg:1w0YFR:cHXWNQE8yuwzW91QtHOJMMv48RumT9fKi5TfN0W7MkQ','2026-03-26 05:06:13.953975'),('jbteqnlb0f8t3hp5d2hzare5ttpnno62','.eJxVj81ugzAQhN9lzxbCP2DjW6uqvVZVTq0itNgGrFAcYZNDEe9eQZIDt9XO7My3C8RgPA5oTJjHVMeEyUXQC2D6ej-N9MOrv9Nn9_0G-meB6xSMixE0DKHzIxCwmBD0OA8DgevFuNoE6-qbm3zr3XRXVkKl5KUoFK0yUZaUMnpeCTxLcU69G5M3mHwY61-X-mDjXnifQR8xgQAm0M9UqTKhOMuVIBvhzdutGboQusEBgdlvCTRXlFaUVZWQZSGlVFIqWM8EdoB6jm6qd6eAw65Bc3HjJuAwbOvsgZHtnoccs5fDG6-Pq0NUj7EHDaWwpkVFRUUL55AjZ1JJI_Icy8JaoWjLTM455Q2TrGpyoYRlyJVqLSI2sP4DWkCPTA:1w22Ja:4HR_QRFu91PsbTZyRf5W63tlidEjB1aZ4Ov3bPkhP2g','2026-03-30 07:24:38.689374'),('jgy4mi4rcninw1k8yf0cycv27bvt4ogv','.eJxVj8FuhDAMRP_FZ4RiAnGSW_c3qgqZJCyolFQk9IL49xUsPXCz3ozH4w1SdCNP7Fxc59ymzDkksNtewD_jNQ9hzqPjPMa5_Ql5iD6B_dzgPYO9p0ABnMEiUaN1JWssyTRSywJ-l_g3-rCAhWeMzylAAet4BKDQiAYrY2pSDRFpIg37VwHn_XZNYWlPZw031rH7DvMh8DQduLxalKfnklP5cfvicW3dogZOA1jQkj0KFo5RKEVUO68IVY-oqesa9qaXvXZkAgsnTWcEGd17xMYL0VUV7C-eN2_2:1wBQ7b:ECySKjVra7kyHqVsJD5HAm8hp3EsiPvVuVaZb_sGuJc','2026-04-25 04:39:03.902561'),('jiu38yysyxw1l5da6v40k3n18msh8e56','eyJzb2NpYWxhY2NvdW50X3N0YXRlcyI6eyJwTlVzSkxWU1JzeDRKUUU5IjpbeyJwcm9jZXNzIjoibG9naW4iLCJkYXRhIjpudWxsLCJwa2NlX2NvZGVfdmVyaWZpZXIiOm51bGx9LDE3NzM2ODcwMzkuMzQ5MDE2XX19:1w2D1T:A37yBCvbsF1wsGylsp0n6OyWhf0Ba2CUOi3Qn-afU5k','2026-03-30 18:50:39.352763'),('juq0jamahb7vdgw9mcyi6543s48jnlpq','.eJxVi8sKwjAQRf9l1lIyiXnYpdCl-AlhkpmSYLWQ2JX47yJ0oct7zrkviLQ9S9y6tFgZRkCEwy9MlG_y-Jq8Nhn22YfpTnW5tsua6iLnPfp7FuoFRmBnNDqjcmAdkCyj84E4kJYjSUKjrJLMxp2U5uxnxBycnY1BUuKVh_cHM-Q0zw:1wB5g8:7RUj3ZKtXKCw9KPQufH2_PVf_6E7_U-hOkSOVGtg8Rg','2026-04-24 06:49:20.594279'),('juzk7sbe0qjzu8vkt67wvy9u3oq1szpk','.eJwlyUEKwyAQAMC_7FlKtKLoA3rquZdQRDabRioa1ISC-PdSOtfpUDMGHz1iPlJztflGFWyHz8nV_dGuG5rbujUPdu6wl4xUK1iI-RUSMFj8r9IRI4P9jeQwL-ROKmENVP4zGNdaSS6NUZdpElIL8RzjC8LvKeo:1wDegm:4_hGjYNsvbBNhx7Wv74vCGGzWTgiNAbvzV82ng8QVUo','2026-05-01 08:36:36.008413'),('lshd44j45hf4cs93660f7mapscwavi6p','.eJxVj81uhDAMhN_FZ4TyR0K4dV-jqpBDnCUqJRUJvSDefQVLD9ysb8Yz9gY5DREnHIa0zqXPBQtl6La9gn-GaxlpLnHAEtPc_1AZk8_QfW7wnqG7p0AFWKDjxshGSdGKumEN06KC3yX9RU8LdPBM6TkRVLDGI4AzxZWwSjbaGmmE1Uxq2L8qOPv7NdPSn07B4AYdDt80HwpO04Hr64z69Fxyrj9ubzyurVvUiHk8GqRTPGjpiHOLIXiy6Mh5HbxoiXzrAiOyyJmQWnujZGOkU8Lr1hnVKthfDARw-Q:1w1bco:RGuQj71HuQxr7Kb-1vN1fXVgazLFoIkhkHu2Yeqw-4M','2026-03-29 02:54:42.700930'),('m1ipa1oer8yrjgjxh81evc6rg1vqx4w8','.eJxVi0EOwiAQRe8ya9MAAwW6NOnSeAQywDQQq03Arox3NyZd6PK_9_4LAu3PEvbOLdQME0g4_bJI6caPr0hb4-GYfZjvVNdru2yxrnw-or9noV5ggiWxJ2PZCNSL4RxRWY-IfkxuzBS1slk5PXKU3lmPwhInhUQRpUWh4f0BJfo0wA:1w7SDe:ncLaGJbu7Xu2VIJXTJz6WpJbZvrwQyJKW3lqPPVDqCs','2026-04-14 06:04:54.680087'),('maw8sgp7h21pwoh4hekhk7jfv61ykuk7','.eJytzbsOgyAUANB_uTMxEcEHcwc7drBLYwy9okUJEIGaxvjvHfoLnc9wDggOtTQS0SUbhxBlVAHEAbtDX_j9Nrd86rjXIB4H-M2hCgEEGDdrCwRGGSUIm4wh4FdUA7pRDW-16Umr7ScnyauK13XVNCyjlNGC9wSWll0v0_3VpZT8c_38J-BZyUqaF3V_nl8d80nn:1wBRal:xtorcBxj2pH6UxSkpXaXouRC8HD86GUM3nPDmOMWupc','2026-04-25 06:13:15.648870'),('mcbtp14ts5lj101zhpldca6kgdjoqw1d','.eJwlyUEKAiEUANC7_LXE2JiKuzpBEAQRIfL9leTooE4b8e4tetvXoWYMLjrEvKVma3ONKpgO8n3y8uLP4roc96hvYO4d1pKRagUDMb9CAgbeNQcmbTEyWD9IFrMn-6USnoHKfwbjSs1ai2mSO64EP-j5McYPhw8pQA:1w32GM:5SWfXTklcNBliy_Lh0GHeaPfbPaQI69T1agwYEmOyME','2026-04-02 01:33:26.179494'),('nb4epzxa8rkw85mleazgrpbbpyfbtwjb','.eJwlycEKAiEQANB_mbMEuya2fkSnvUWIjGNIopujUYj_3qF3fQO4YHTJIZaem-XmGjGYAVf8rmpLIXz2F_u9g7kNOGpBYgYDqTxiBgHeNQcm95QEHE8ki8WTfVONIVL9zxSL1lJepFzWk960kmd1n_MH3ugqRQ:1w0w0e:GzPC8k1Y9etPmYuur3Vh4DxRsJhPHlERO0p38oL3chk','2026-03-27 06:28:32.800304'),('o1huurwyvpjuzpltkslcib762g39xpoj','.eJxVj0FuhTAMRO_iNUIhCTHJrr1GVSEnMR9USioSukHcveJ_umBnvRmPZnbIKUw0UwhpW0qfCxXO4Pajgn9GWxl5KVOgMqWl_-YyppjBfezwusHdU6ACKuAaRKWtbNDWiEIo3VXws6bfKfIKDh4pPWaGCrbpTGiEbrS0WrXGokJpjVAGjs8KngX6LfPav5wd3KCn8MXLqdA8n7i-etRPzyXn-u224_36ukWNlEdwgFFqHqyWA3nTyiiMEl55yVZ1RnQcdKta0UWv9BADDpZZDUEiSfSCooXjD0EhcN8:1w1OKb:GZHUVptJYoElSMiZYx39v-35mjUO2KTtInJDSQZUJh8','2026-03-28 12:43:01.855251'),('o1rxjnmvoo6az2cgrwpkexrap92f0dr9','eyJzb2NpYWxhY2NvdW50X3N0YXRlcyI6eyJNQlJYMld6THJYeDZvOU5zIjpbeyJwcm9jZXNzIjoibG9naW4iLCJkYXRhIjpudWxsLCJwa2NlX2NvZGVfdmVyaWZpZXIiOm51bGx9LDE3NzQzMzI2NzMuMzg2MDkzXX19:1w4uyv:wy2shJBvU3YYNxFe5sWQ4oRjQ_I25moyMu6Ttd9J0c0','2026-04-07 06:11:13.388821'),('ogzvowldvuuemke0zmz89g9jj0n8wdzz','.eJwlyUEKwjAQBdC7_HWR1hKiuYBrceFCJITp2AZDpiSpqCF3d-Hbvoos5F1wRLLFYnNxhTNMhVyX8l3eIp_5fLpIhLlVrEmIc4ZBkNlHdJhccTBxC6HD-iS2JBPbFyf_8Jz-07pB61GpcTgcd73u9V7pe2s_HHYq5w:1w1eCb:koTHq-LNOt_fAyg39rrlghUIrf-OSGGCUT5RsiIxWBI','2026-03-29 05:39:49.072402'),('p4rkozppck89cjxouf7sz3e6aj6y5gal','.eJxVi0EKwjAQRe8yaylpm5imS8GleIQwk_yhxWohsSvx7iJ0ocv_3vsvirw9p7hVlDhnGqmnwy8TTjc8viKtBc0-a3O-87xcy2WVecFpj_6eE9eJRjIMhW_VwYm22STucrB2SL0d2AVvlYGjk9Aan4acbJcVKhC4Dl4CvT9TqTao:1w1R3C:5oN3a3lBpd4hJMi4dwxoFaep4BIwB9kZKldTXjTvCK4','2026-03-28 15:37:14.506553'),('pa8pvzp2q9wv6qpsgwxpgedmj4ts9m55','.eJwlyUEKwjAQBdC7_HWQjlXSZukZhCIiIU6nEgxJSVIRQu_uwrd9DSWxd8Expy1WW6qrUmAaJiF-Xm7LKYbhWr8Ec29Yc2IpBQYhvXyEwuyqg4lbCArrm8VymsV-JPvFS_7Prkjrs-5G6o-HTlM_0vDY9x-3iinJ:1wAh3s:QjKLGpfon3dAEtC75q36uupBCYz_gqS4qkQrHynCfbY','2026-04-23 04:32:12.073779'),('pe1xz548fquy22vwths1yd6t3jezzjbf','eyJzb2NpYWxhY2NvdW50X3N0YXRlcyI6eyJWWjU4YkJSRVViTTVKejlsIjpbeyJwcm9jZXNzIjoibG9naW4iLCJkYXRhIjpudWxsLCJwa2NlX2NvZGVfdmVyaWZpZXIiOm51bGx9LDE3NzQ3NzA4MDEuOTI3ODk2NV19fQ:1w6kxV:zOp2NmVymscL0N-x8k-Mv40gMc7PqrnJba1QWVRqmcE','2026-04-12 07:53:21.929527'),('pgibj3veubuanrbnu39kjuktcpud808l','.eJxVj81ugzAQhN9lzxbyH17bt-Y1qgotxglWKa6w6QXl3SMIPXBbzcx-mtmg5JBoohDyOteuVKqxgN-eDP41WusY55oC1ZTn7ifWMQ8F_OcG7xv8lQIMqIIXiFpqY5Rq0FrplGDwu-S_NMQFPDxyfkwRGKxpJwhuhXBCOqfRtIhoES08vxgcBbq1xKU7khouWk_hO867QdO0y81Zozkyp12aj8uM2_l1QY1URvBwb43UUmG0PSca7F21kqMxVgRn-BAH67gWTqqet4oich2QpGm57LUOe-sX0-JvOw:1w4YbC:Szd750GblHrgJectn-rqWsliMPNUl_8yToZxJf5QvMU','2026-04-06 06:17:14.071390'),('pojzj4qd7uu55iv9kpprpx3j34t551x3','.eJwlyUsKwjAQANC7zDpIo7aJuYLgokg3ImGYjhIakpKPC0Pu7sK3fQ1yJIceiWINxeaChTOYBif5na_L_ZYWTDVsM5hHgz1F4pzBgI9vF0DAigXBhOq9gH0jthRXth9O7uU4_acLqdR01IPU-jDpixrPz95_o-cp7Q:1wD5cS:gulO9pQC3PvjdPuSB3uYsMGABV4XpjSX32kY2ghaWKg','2026-04-29 19:09:48.691038'),('qaerqnmyab47hj80d4tnd1evhs0nsdpr','.eJxVj81ugzAQhN9lzwj5f23fmteoKrQYJ1iluMKmF5R3jyD0wG01M_tpZoOSQ6KJQsjrXLtSqcYCfns28K_RWsc41xSopjx3P7GOeSjgPzd43-CvFGiAKniOqIQ2TtqWOeasNQ38LvkvDXEBD4-cH1OEBta0EziznDsunFNoNCJaRAvPrwaOAt1a4tIdSQUXrafwHefdoGna5fas0R6Z0y7tx2XG7fy6oEYqI3i4ayOUkBhtz4gGe5daMDTG8uAMG-JgHVPcCdkzLSkiUwFJGM1Er1TYW78A3hVvRg:1w4bHQ:QK1BoLAtb3MtbJTR5qeuspgsj5fcP34gBUze4Op9swo','2026-04-06 09:09:00.193483'),('qva3mn9fejr4xgmu72y9h7wezzmv4ole','.eJxVj0luhTAQRO_Sa4Q8gYddco0oQh6ajxV_HGHzN4i7RxCiiF3rVXV19QYl-2iT9T6vcx1KtRULmG1v4I-9cIljxDDg08YEZl5T-lftWieca_S2xjwPT6xTDgXMxwa_M5j7DWjAVjBUSq4Z6Tlr-67rmdYNfC_5FQMuYOCR8yMhNLDGI4GSTlAtmJCkl31PBZcdg_2zgbPAsBZchtPJBNygs_4L50OxKR24vXq0p-eSS_t2--P92rpFTbZMYABxRFSUh46MgToS7Kgc8x3TSodAA1OjslRoQiWnwjkqKJeEE0-QKBUc7D9o_nv2:1w3Bn9:7Es7eQHs8zqpaQsP0ard_aVmbk7b47TbgdYI9d3s5eY','2026-04-02 11:43:55.083309'),('qwjq3ydgpxfb9vj7yca2z20g89kqf0l3','eyJzb2NpYWxhY2NvdW50X3N0YXRlcyI6eyJITmJmNlVTR1lOMzRUejJpIjpbeyJwcm9jZXNzIjoibG9naW4iLCJkYXRhIjpudWxsLCJwa2NlX2NvZGVfdmVyaWZpZXIiOm51bGx9LDE3NzM1NzczNzUuMjk0NjM4XX19:1w1kUh:fPky6h7wMC4n6tCBwRElyD6LgtX5iWjDKGC04umfygg','2026-03-29 12:22:55.296892'),('r7ztsuo6iv698fcs1mnq1cmcm854qvm9','.eJxVj81ugzAQhN9lzxbyH17bt-Y1qgotxglWKa6w6QXl3SMIPXBbzcx-mtmg5JBoohDyOteuVKqxgN-eDP41WusY55oC1ZTn7ifWMQ8F_OcG7xv8lQIMqIIXiMqhckY16JRV0jL4XfJfGuICHh45P6YIDNa0EwS3QjghndNoWkS0iBaeXwyOAt1a4tIdSQ0XrafwHefdoGna5eas0RyZ0y7Nx2XG7fy6oEYqI3i4t0ZqqTDanhMN9q5aydEYK4IzfIiDdVwLJ1XPW0URuQ5I0rRc9lqHvfUL4S1vSQ:1w3PfJ:z-zgOzsMK6lJTC9EFo4w-2DF4HOc8SHVcYFClfEIbys','2026-04-03 02:32:45.815396'),('rgwzlyglnptuoi0hlnmdn8inbv3uuhsc','eyJzb2NpYWxhY2NvdW50X3N0YXRlcyI6eyJBcGk5U2V6WWFhTVU5R1ZUIjpbeyJwcm9jZXNzIjoibG9naW4iLCJkYXRhIjpudWxsLCJwa2NlX2NvZGVfdmVyaWZpZXIiOm51bGx9LDE3NzU4ODg0MzYuNjIzNDMyMl19fQ:1wBRhs:jgxhYtypvXhdcTJtK0z548Nda0wvSiUI9WMvExa2Mag','2026-04-25 06:20:36.627249'),('sjqyj1xzcbrdbws6q78o4l5b3j2dxbq2','.eJwlyb0KQiEUAOB3ObME1yx_5paGpmiKEDn3VJKoqNch8d0b-tZvQE3oXXCIaYvN1uYaVTADTniM1_e559tXXPriwdwH5JKQagUDIb18BAaraw5M3EJgkD9IFtNKtlPxT0_lP5MtUh6Uklrvd4JroTh_zPkDyCAqDA:1wBRaj:GC4QdGhtFD8-SwVLtGEtU8I_bo5Ikmz7VklGRvv5xEE','2026-04-25 06:13:13.431620'),('tfk5xrap17a6szkphoco5m1qa2cv4b3o','.eJxVi71qwzAURt_lzsZI_pEsjYGObehQSClFXF3JtYhiGcnOYvzupTRLxvOd7-xQEgWMSJS2eTVlxdUX0DtcWva5DPEyf7yd7uq9gP7aYcmJfCmgIaafMEMFDlcEPW8xVrBcyRtKzpu7z2EMPv-bo-JSdqrtlWC1Eg1n_PuowOC2TmYrPpvgQEMHT5tFuvr5T1DKvn5gqV9uGOI5vyYboj89Tk_lhGUCDUOLjjNkhJwJIWVHTkguRs4HaW2PTo3tOJBUHhm1yiom1TA6znvHmG0aOH4BgeZdiQ:1w7Rw0:r6xXt_dK6ESRzPi6_gh1odIMCHJq4Q_oEojScbd6I1c','2026-04-14 05:46:40.195583'),('tla1v2abw15nqku5r83liiy7xuiz6lnr','.eJytzbsOgjAUANB_uXNDAgVKuxoGnHxFiYaQm1Kk0FCkxUHCvzv4C85nOCs4KzUalNIuo6-dR68ciBVQdaZvuwHzIsv5y4J4rDDNVirnQICxTz0CgQY9ghgXYwhMg1S1tI2q32rWrVbzTzYSMpaEGU15GqSch0kcVwR2h89tKvd9eTyd8Xq5_2NglAZRwqKYRtW2fQEt5EmI:1w8UNh:4Bar6xzXwcmf4VyRyi7sA72jcb-zEiqpd_XdvZpsZjk','2026-04-17 02:35:33.257740'),('tm3amqdvzx912v13un8luxt6gdegkuoe','.eJxVj81uhDAMhN_FZ4SSOJCfW_saVYVMMEvULKlI2Avad692u1XFzfpmPB4fUHKIlCiEvK91KJUqF_DHvYE_duMtzpGnga8UE_h1T-lfpb0uvNYYqMa8DleuS54K-I8Dfmfw5xvQAFXw0hjdC6t61wrd295hA99bvsWJN_BwyfmSGBrY4yNBCm0lSoEKEY1FdNIJuH828Cww7IW34elEDSc4Uvji9aFQSg_cvnq0T89LLu3b6Y_319YpaqGygAehjAtSzSq4WSmraAyk2TgrJ5R9J6VlrRTaDjtpw2zVNCpttHUjkmM2cP8BH2p67g:1w64g1:Aum6s_pU3CkvaljDy7uNxW764Pc3N_6t2i6rlCqWuAs','2026-04-10 10:44:29.374104'),('tq17pe926ahwv2ulcx8bhkrrclhn2q93','.eJxVi8sKwjAQRf9l1lIyiXnYpdCl-AlhkpmSYLWQ2JX47yJ0oct7zrkviLQ9S9y6tFgZRkCEwy9MlG_y-Jq8Nhn22YfpTnW5tsua6iLnPfp7FuoFRmBnNDqjcmAdkCyj84E4kJYjSUKjrJLMxp2U5uxnxBycnY1BUuKVh_cHM-Q0zw:1w7S1o:w3yTCbjx6SLGfhxjLiDFMU7J1A5zZwyaXut20-haSOY','2026-04-14 05:52:40.387343'),('u4jgu3mtpqlpzrwvhgo0qeaahjd8ymj5','eyJzb2NpYWxhY2NvdW50X3N0YXRlcyI6eyJ0NjRlNkNWeFJxaE1KVkk5IjpbeyJwcm9jZXNzIjoibG9naW4iLCJkYXRhIjpudWxsLCJwa2NlX2NvZGVfdmVyaWZpZXIiOm51bGx9LDE3NzU3NDI5MzQuNzA2MTg3N119fQ:1wApr4:gsTTdUiXxh-9F_3_fEjtnjzSJS_dd79Lb6czoG46Eb0','2026-04-23 13:55:34.709867'),('ukvzceh6u8mtab6jghah7glaper6jnev','.eJxVj8FuhDAMRP_FZ4RiAnGSW_c3qgqZJCyolFQk9IL49xUsPXCz3oxHMxuk6Eae2Lm4zrlNmXNIYLe9gH_Gax7CnEfHeYxz-xPyEH0C-7nB-wZ7T4ECOINFItWIWmJdSklSUVPA7xL_Rh8WsPCM8TkFKGAdjwQUGtFgZUxNqiEiTaRh_yrgLNCuKSzt6azhxjp232E-BJ6mA5dXjfL0XHIqP24zHtfXLWrgNIAFLdmjYOEYhVJEtfOKUPWImrquYW962WtHJrBw0nRGkNG9R2y8EF1Vwf4C5z5wHQ:1wE1vR:1KdRjxogMaZoZLG1yf5N544lgdYGk2FkG6B6WxdYs9M','2026-05-02 09:25:17.218361'),('vnujm1ckmdgzfutgdke1l5d4cxoxvvnu','.eJxVi81KxDAURt_lrkvJzzRJsxxwp4iIG0XKbXI7DY3NkKQilL67iLOZ5fnOd3YoyQWM6Fza1jqUipUK2B1epvnx5_01-IX3b-eawX7scM3JUSlgIaZLWKEBjxXBrluMDVwXR4NLnoZvymEKlP_N0XCtOyO0FqbtuWL9SX4eDQy41XnYCuUheLDAOdyNI7qF1j_jUqb2hqV9-MIQn_NTGkOk8-10V85YZrDglRRcSeaMF4Zj57nSBr1BQSekkUvWMXJeqp4J7_TEuTOqm6TkyEgzDccvfY5eHw:1wBBv0:J663qGrhrghR0B16PHzUzh6sog_eA_UOgkjeoIkBluw','2026-04-24 13:29:06.021159'),('vogo8v5h6esr2i34mygce2sd5d74zw7m','.eJxVi8sKwjAQRf9l1lIyiXnYpdCl-AlhkpmSYLWQ2JX47yJ0oct7zrkviLQ9S9y6tFgZRkCEwy9MlG_y-Jq8Nhn22YfpTnW5tsua6iLnPfp7FuoFRmBnNDqjcmAdkCyj84E4kJYjSUKjrJLMxp2U5uxnxBycnY1BUuKVh_cHM-Q0zw:1wANGW:T6f2c4DSCipaCSdB7taniZXE_CfwgRCSpVdSlxUX4Oc','2026-04-22 07:23:56.101988'),('vqnody685s8lhi5wwvjl948j5fai3qgk','.eJxVj8FuhDAMRP_FZ4RiCHGSW_c3qgqZJCyolFQk9IL49xUsPXCz3oxHMxuk6Eae2Lm4zrlNmXNIYLe9gH_Gax7CnEfHeYxz-xPyEH0C-7nB-wZ7T4ECOINFoqaqVKNViVJoaWQBv0v8G31YwMIzxucUoIB1PBJQaESDlTGSVENEmkjD_lXAWaBdU1ja0ynhxjp232E-BJ6mA5dXjfL0XHIqP24zHtfXLWrgNIAFXbNHwcIxCqWIpPOKUPWImrquYW_6uteOTGDhatMZQUb3HrHxQnRVBfsL7epwJA:1w8fWs:co_M1TstIQ32duwNuI3XQ5y6VHP78cOh5Kwo4qTLu-c','2026-04-17 14:29:46.687211'),('w1pfoutweb0g3x6p824gsx5feu2jlkaj','.eJxVj81uhDAMhN_FZ4QS58cbbu1rVBUyWbOgUlKR0Avi3St26YGb9c14NLNBTnHkiWNM61zaXLhIhmbbK_hnvJZB5jJGLmOa228pQ7pnaD42eN3QXFOgAi7QaCJjlEePtdJknMMKfpb0O95lgQYeKT0mgQrW8UjQymqLwRrnAxnC4JXxsH9W8CzQrlmW9uVEuMCO45fMh8LTdOD67FE_Paec67fLjvfz6xI1cB6ggdjzHS0JWUtoKYpClj7cjHTBm5tCNqJ7RUpFQtNFp_s-OIPkAirEDvY_KhVvyw:1w0bxw:OGFYrS0CaMiXRhdN6nocVhx0e-1WECQB9WQLWsfAqQk','2026-03-26 09:04:24.440112'),('w91n0eh0sp00ixu81t83jtjzcgp551fp','.eJwlycEKAiEUBdB_ueshcobJ8AtaFRQRFCHyfIYkOqjTIvHfW3S2p6Ek8iYYorTGqks1lQtUw9lfrTvdqzh-b-7gLlCPhiUn4lKgENLLRwywphqouIYwYHkTa0qW9Yezd57zf_ogpJzlKLfTtBHzTu7HZ-8_pxgp3Q:1wAlib:9-nKAikJ5Hval-0k3_l3B0ogdwxmiVFv-OdUnB1G_eo','2026-04-23 09:30:33.158064'),('webmzzpqa8n7oqbmxjkclat8o5yhvcc1','.eJxVj8FuhDAMRP_FZ4SS4MRJbt3fqCpkQnZBpaQioRe0_76CpQdu1sz4aWaDnMLIE4eQ1rm0uXCJGfz2rOBf47UMcS5j4DKmuf2JZUh9Bv-5wfsGf6VABVzASyJUGklgbbEhtKaC3yX9jX1cwMMjpccUoYJ13AlSWCmdVM4hGU1ElsjC86uCo0C75ri0RxLhonUcvuO8GzxNu1yfNeojc9q5_rjMuJ1fF9TAeQAPd20Uqoai7QRzb--NVoKMsTI4I_rYWydQOtV0QjccSWAgVkYL1SGGvfUL07dvOw:1w4ahN:uWZ6pxsV5_RlUMeu3tznbY3qeRUYrPyuPNRTIchbZFk','2026-04-06 08:31:45.067816'),('x1msihle4q24e2f39sscie69uqjfhtjy','.eJxVj81uhDAMhN_FZ4QSYjY_t_Y1qgqZYJaoWVKRsJcV715BqSpu1jfj8fgFOflAkbxP61y6XKhwBvfaKvhjT17CGHjo-EEhgpvXGP9VWsvEcwmeSkhz9-AypSGD-3jB7wzuegMqoAJOat0aIYRua4kWlcEKvpf0DAMv4OCe0j0yVLCGPUEKIxERpWwNWtU0QlsD22cFR4Fuzbx0h1NZuMCe_BfPu0Ix7rg-e9SH55Rz_Xb54_3cukRNlCdwoAWjRXlDQ1o03PdS2ZFuvhdKacOWtDGKB-01S2tGy14YGlGOaiAhkGD7ATRke-M:1wB4ij:aaPSLwYaKYZXQP6No-WRCNwXlceNjBDJmvJ49g_gFno','2026-04-24 05:47:57.294324'),('x7ryxr4pwvzz6c9kiy47mwwp0gegdmxr','.eJwlycEKAiEQANB_mbPEbikuHrv0BR0iQobZqSRxdtWNSPz3Dr3ra1CEAkYkki1VXypWLuAa7Ec5Hz_P9VvTKV4sgrs2WLIQlwIOojxCAgUzVgSXthgVLC9iTzKzf3MO98D5P12N1upJa2PsbhwGYw7Trfcf0voqHA:1w7497:hc5qz2k879ZwrqWQ7xskwzBGix27fyS_qhZ2p8GPeMw','2026-04-13 04:22:37.102145'),('x99b9cmspqi98lvtaw72r9aq7zbio2ll','eyJzb2NpYWxhY2NvdW50X3N0YXRlcyI6eyJ2NkNRV3dDSTRldXVCSlFTIjpbeyJwcm9jZXNzIjoibG9naW4iLCJkYXRhIjpudWxsLCJwa2NlX2NvZGVfdmVyaWZpZXIiOm51bGx9LDE3NzMyMzc1MzcuNTQwNjUyNV19fQ:1w0K5R:9el_jUxv7J7HiMceykQDNmODMRWAfFs-Euo3iBLe75E','2026-03-25 13:58:57.542379'),('xg98mj8s4lafz8p63ea5n9linc8uykop','.eJxVj01uhTAMhO_iNUIOIb-79hpVhZzgPlApqUh4G8Tdn6B0wc76Zjweb5BTHGmiGNM6ly4XKpzBb3sF_4zWMvBcxkhlTHP3w2VIfQb_scHfDP6eAhVQAS-MkdqisbaWQjdNU8Hvkp5jzwt4eKT0mBgqWMcjQKBrnUQhpZHOtQK1cAj7ZwXn_W7NvHSns4EbCxS_eT4EmqYD11eL-vRccq7fbl-8X1u3qIHyAB6U7FujjGJqVcCggg2IFA1x6EMkw0IbQm3Rac1fNjrUpG3UjZEyBtXC_gKQRXAw:1w2BOg:sYvtZ1mWrguLsy6aq8dZ6R7WOO7ims4f7DrEoV_PilI','2026-03-30 17:06:30.268389'),('xui6ia9nvz4tdx6ctn87t3id47qk0iqx','.eJxVj8FuhDAMRP_FZ4TiAHGSW_c3qgqZJCyolFQk9IL49xUsPXCz3oxHMxuk6Eae2Lm4zrlNmXNIYLe9gH_Gax7CnEfHeYxz-xPyEH0C-7nB-wZ7T4ECOINFokZLlEqXUpM2aAr4XeLf6MMCFp4xPqcABazjkYBCIxqUxtSkGiLSRBr2rwLOAu2awtKezhpurGP3HeZD4Gk6cHnVKE_PJafy4zbjcX3dogZOA1jQFXsULByjUIqodl4Rqh5RU9c17E1f9dqRCSxcZTojyOjeIzZeiE5K2F_5EXAw:1wBAEY:wCx_pwQ6f1m7qBVZ_J1R_WB0GJQAj1hCHb4s3_aHVns','2026-04-24 11:41:10.468708'),('yc3wpqgft2akg77imfjw0mo7a95q4grp','.eJxVj81uhDAMhN_FZ4Rs_pzk1n2NqkImCQsqJRUJvSDefQVLD9ysb8ajmQ1isKNMYm1Y59TGJMlHMNuewT-TNQ1-TqOVNIa5_fFpCC6C-dzgfYO5p0AGksAQc12i0ljliCWqos7gdwl_o_MLGHiG8Jw8ZLCORwKhItJUaF1xUzOzYlawf2VwFmjX6Jf2dFZwY53Ybz8fgkzTgfOrRn56LjnmH7cZj-vrFjVIHMCAKsURClohbBrmyrqGqemJFHddLU73Za8say9oS91pZK16R1Q7xK4oYH8B3hZwEw:1w90wc:7i1xzD_fnKWF76Xug4TzLVWA0XAQJLCvAqyNGGRKuFA','2026-04-18 13:21:46.006364'),('yc93bva23tcp4gtcgkmdtt0peuzrmpl3','.eJwlycsKAiEUANB_uWuJnKHx8Q81q6CIELneQhI1dSIQ_71FZ3s61ITeBouYtthMbbZRBd3h-P4qeXDrJfNTufIz6FuHXBJSraAhpKePwMDZZkHHLQQG-YVkMDkyHyr-4an8ZzAuxLwIqdS8W_ZymtR9jB95Kilm:1w2Avh:ala4NU_BYRnoIyhIIuvJ07PE2v-tGd671OgMEL4x5Us','2026-03-30 16:36:33.613608'),('ymauiafszd8h15leqhr9mfalpzuj1fpu','.eJylzcEKgjAYAOB3-c9DnLNNdwwikkGB0SVExlwxG079ZwTiu3foETp_h28FDMZpr40JyxBbjDpaBLnCcar7U2aWslKVwrMAeV9hnIOxiCDBh6cbgECnowY5LN4TGF_GtiZ0tn3b2T2cnX-yESoEK4ucl0VCM5FmTDQELlh_rNr3aroebtQV_w45T5nY8UTwlDLWbNsXYo5Ihw:1w63VE:zzVp3Q1s3jXfmUgVLsYzoYQBQJpUkiki2qigUDJp-dI','2026-04-10 09:29:16.760618'),('z1w9ltasrhf9nhk2iu97uzeh8nna0cgb','.eJxVj8FuwyAQRP9lz8gCDCz41laqeu-lUhVZGEhM4xjX4Fyi_HtlN63k22pndubtDXJy0Q7WubSMpc3FlpChucFZ4sckX98u4nv6Su8v0HzeYJqTCzlDA0M6xREIeFssNOMyDASmswutSz601zDHYwzzr3InDFHUvJZMVdygUJwf7gT-Su1S-jCW6GyJaWwvofTJ563wd4ZmjwkEbIHmPxUrI6kxmqyA1-jXYjildBoCEFjiGsCoZswwboxAJRFRI2q4Hwhs_e2Sw9xuTgG7XWfdOYyrYIdhXVcPimrzPORcPe2-eH5c7aJ6m3to4CgVF7zGoDtqrdfHWnKKSmnmjKI-eG2oYIbXHZW1DUiFQ8uVpLwTwq3UP6LzjfI:1w4sbI:xMgFgnyasnsdncyHE21pE2hDT40nKtcIYODdjVP2ZIk','2026-04-07 03:38:40.139646'),('zul2b6evw46me8q63vu6izpvm6zaha2m','eyJzb2NpYWxhY2NvdW50X3N0YXRlcyI6eyJrRmhud0tPelB1VGsxNk5NIjpbeyJwcm9jZXNzIjoibG9naW4iLCJkYXRhIjpudWxsLCJwa2NlX2NvZGVfdmVyaWZpZXIiOm51bGx9LDE3NzM1MDQ3NjUuNTg5NzE2NF19fQ:1w1RbZ:k_TCen3oQx_buNgj5YwJ1O9cxgIMvDBHzbiAjV6IUpI','2026-03-28 16:12:45.592589'),('zwm1vugs85lzs9v9jrngg6mhleatydjz','.eJxVj0FuhTAMRO_iNUIJSWySXXuNqkJOSD-olFQk_A3i7l9QumBnvRmPZjbIKYw8cQhpnUuXC5eYwW17Bf-M1zLEuYyBy5jm7ieWIfUZ3McGfze4ewpUwAWcJFKIDUqqW9IkFVXwu6Tn2McFHDxSekwRKljHI0EKq60SUilS1mopUFoB-2cFZ4FuzXHpTmcDN-Y5fMf5EHiaDlxfNerTc8m5frvNeL--blED5wEcGNVrMmQia-OFN771QnAgjr73gSlKJBbYCosYv9pgBTK2ARtSKnijYX8B7PdwbA:1w26fb:z2bGiK0DDbbEj4mk_zg-FicRuOrT9dVAbCHYdICDA3c','2026-03-30 12:03:39.856457');
/*!40000 ALTER TABLE `django_session` ENABLE KEYS */;
UNLOCK TABLES;

--
-- Table structure for table `django_site`
--

DROP TABLE IF EXISTS `django_site`;
/*!40101 SET @saved_cs_client     = @@character_set_client */;
/*!50503 SET character_set_client = utf8mb4 */;
CREATE TABLE `django_site` (
  `id` int NOT NULL AUTO_INCREMENT,
  `domain` varchar(100) NOT NULL,
  `name` varchar(50) NOT NULL,
  PRIMARY KEY (`id`),
  UNIQUE KEY `django_site_domain_a2e37b91_uniq` (`domain`)
) ENGINE=InnoDB AUTO_INCREMENT=2 DEFAULT CHARSET=utf8mb4 COLLATE=utf8mb4_0900_ai_ci;
/*!40101 SET character_set_client = @saved_cs_client */;

--
-- Dumping data for table `django_site`
--

LOCK TABLES `django_site` WRITE;
/*!40000 ALTER TABLE `django_site` DISABLE KEYS */;
INSERT INTO `django_site` VALUES (1,'foliux.com','FOLIUX');
/*!40000 ALTER TABLE `django_site` ENABLE KEYS */;
UNLOCK TABLES;

--
-- Table structure for table `socialaccount_socialaccount`
--

DROP TABLE IF EXISTS `socialaccount_socialaccount`;
/*!40101 SET @saved_cs_client     = @@character_set_client */;
/*!50503 SET character_set_client = utf8mb4 */;
CREATE TABLE `socialaccount_socialaccount` (
  `id` int NOT NULL AUTO_INCREMENT,
  `provider` varchar(200) NOT NULL,
  `uid` varchar(191) NOT NULL,
  `last_login` datetime(6) NOT NULL,
  `date_joined` datetime(6) NOT NULL,
  `extra_data` json NOT NULL,
  `user_id` int NOT NULL,
  PRIMARY KEY (`id`),
  UNIQUE KEY `socialaccount_socialaccount_provider_uid_fc810c6e_uniq` (`provider`,`uid`),
  KEY `socialaccount_socialaccount_user_id_8146e70c_fk_auth_user_id` (`user_id`),
  CONSTRAINT `socialaccount_socialaccount_user_id_8146e70c_fk_auth_user_id` FOREIGN KEY (`user_id`) REFERENCES `auth_user` (`id`)
) ENGINE=InnoDB AUTO_INCREMENT=29 DEFAULT CHARSET=utf8mb4 COLLATE=utf8mb4_0900_ai_ci;
/*!40101 SET character_set_client = @saved_cs_client */;

--
-- Dumping data for table `socialaccount_socialaccount`
--

LOCK TABLES `socialaccount_socialaccount` WRITE;
/*!40000 ALTER TABLE `socialaccount_socialaccount` DISABLE KEYS */;
INSERT INTO `socialaccount_socialaccount` VALUES (4,'google','111493802658019184330','2026-03-13 08:39:47.263949','2026-03-13 08:39:47.263973','{\"aud\": \"305262697741-qgbr59f57crqvmci56b39atn933ihc39.apps.googleusercontent.com\", \"azp\": \"305262697741-qgbr59f57crqvmci56b39atn933ihc39.apps.googleusercontent.com\", \"exp\": 1773394787, \"iat\": 1773391187, \"iss\": \"https://accounts.google.com\", \"sub\": \"111493802658019184330\", \"name\": \"Manoj Dhoundiyal\", \"email\": \"manoj.dhoundiyal@gmail.com\", \"at_hash\": \"ruPYMdH9k_EYH90IjroNjA\", \"picture\": \"https://lh3.googleusercontent.com/a/ACg8ocKuA0qjHwVMeExgQF_N0rpyUAFnzq2i96JC8ve1cJxA75DKd0Ya=s96-c\", \"given_name\": \"Manoj\", \"family_name\": \"Dhoundiyal\", \"email_verified\": true}',15),(9,'google','104142943569737296036','2026-04-12 01:23:09.588141','2026-03-14 16:34:22.790968','{\"aud\": \"305262697741-qgbr59f57crqvmci56b39atn933ihc39.apps.googleusercontent.com\", \"azp\": \"305262697741-qgbr59f57crqvmci56b39atn933ihc39.apps.googleusercontent.com\", \"exp\": 1775960591, \"iat\": 1775956991, \"iss\": \"https://accounts.google.com\", \"sub\": \"104142943569737296036\", \"name\": \"Trupti Rekha\", \"email\": \"truptirekha27@gmail.com\", \"at_hash\": \"e_WgTpbEXz2egxMTfNO2Uw\", \"picture\": \"https://lh3.googleusercontent.com/a/ACg8ocJodqdrKbMwHNZlb2x27B5x-vDRc-Kpd2-bIvttZzPSWHJJuNA=s96-c\", \"given_name\": \"Trupti\", \"family_name\": \"Rekha\", \"email_verified\": true}',20),(11,'google','107016155571649368083','2026-03-18 08:25:31.283414','2026-03-18 08:13:27.355772','{\"aud\": \"305262697741-qgbr59f57crqvmci56b39atn933ihc39.apps.googleusercontent.com\", \"azp\": \"305262697741-qgbr59f57crqvmci56b39atn933ihc39.apps.googleusercontent.com\", \"exp\": 1773825931, \"iat\": 1773822331, \"iss\": \"https://accounts.google.com\", \"sub\": \"107016155571649368083\", \"name\": \"Suresh Kumar\", \"email\": \"15111985sk@gmail.com\", \"at_hash\": \"s_4pfYDv6j4-kX59zMwE0g\", \"picture\": \"https://lh3.googleusercontent.com/a/ACg8ocLcTeAWgtrDbYipcjB6E3EJExJYkDWWBXEZCarQQqgqO4Gk2sw=s96-c\", \"given_name\": \"Suresh\", \"family_name\": \"Kumar\", \"email_verified\": true}',22),(13,'google','105419424706766143752','2026-03-19 11:43:52.548190','2026-03-19 11:43:52.548215','{\"aud\": \"305262697741-qgbr59f57crqvmci56b39atn933ihc39.apps.googleusercontent.com\", \"azp\": \"305262697741-qgbr59f57crqvmci56b39atn933ihc39.apps.googleusercontent.com\", \"exp\": 1773924233, \"iat\": 1773920633, \"iss\": \"https://accounts.google.com\", \"sub\": \"105419424706766143752\", \"name\": \"vinod kumar\", \"email\": \"vk1982012@gmail.com\", \"at_hash\": \"3SI0-PZPb7q9BzjBjU5kvw\", \"picture\": \"https://lh3.googleusercontent.com/a/ACg8ocIJ96CrISvTlPMc3Ns7gVLKuIANNRCAiXzCd1mBTCLuRXhJNA=s96-c\", \"given_name\": \"vinod\", \"family_name\": \"kumar\", \"email_verified\": true}',24),(20,'google','110139609442958560529','2026-04-18 14:28:19.594502','2026-03-26 19:50:18.412014','{\"aud\": \"305262697741-qgbr59f57crqvmci56b39atn933ihc39.apps.googleusercontent.com\", \"azp\": \"305262697741-qgbr59f57crqvmci56b39atn933ihc39.apps.googleusercontent.com\", \"exp\": 1776526099, \"iat\": 1776522499, \"iss\": \"https://accounts.google.com\", \"sub\": \"110139609442958560529\", \"name\": \"Net Profit\", \"email\": \"netprofit.i.t.s@gmail.com\", \"at_hash\": \"enpHg2VuD4kbGoNRHskLsA\", \"picture\": \"https://lh3.googleusercontent.com/a/ACg8ocKGaX7BWH_B2-imGZdM0xMnqCGFEK0CyJtBn98aLu5kQYYrzog=s96-c\", \"given_name\": \"Net Profit\", \"email_verified\": true}',31),(23,'google','104813103233378339190','2026-03-27 10:44:28.921136','2026-03-27 10:44:28.921208','{\"aud\": \"305262697741-qgbr59f57crqvmci56b39atn933ihc39.apps.googleusercontent.com\", \"azp\": \"305262697741-qgbr59f57crqvmci56b39atn933ihc39.apps.googleusercontent.com\", \"exp\": 1774611868, \"iat\": 1774608268, \"iss\": \"https://accounts.google.com\", \"sub\": \"104813103233378339190\", \"name\": \"Manmohan Chauhan\", \"email\": \"manmohank31@gmail.com\", \"at_hash\": \"yBxeevCHUKb46MvrCKbaug\", \"picture\": \"https://lh3.googleusercontent.com/a/ACg8ocIeO1dKIAInTWjT1PpYZSKWziVHv7gJljuqJchoR28rWWuE5O3g=s96-c\", \"given_name\": \"Manmohan\", \"family_name\": \"Chauhan\", \"email_verified\": true}',34),(27,'google','108144441158493220798','2026-04-10 05:47:54.810110','2026-04-10 05:47:54.810148','{\"aud\": \"305262697741-qgbr59f57crqvmci56b39atn933ihc39.apps.googleusercontent.com\", \"azp\": \"305262697741-qgbr59f57crqvmci56b39atn933ihc39.apps.googleusercontent.com\", \"exp\": 1775803675, \"iat\": 1775800075, \"iss\": \"https://accounts.google.com\", \"sub\": \"108144441158493220798\", \"name\": \"Vikas Kumar\", \"email\": \"vikaskumar847098@gmail.com\", \"at_hash\": \"OJ-vm6OmShmZhfqSUIQjgw\", \"picture\": \"https://lh3.googleusercontent.com/a/ACg8ocIU01BT0Nt9nb4Q4m_XPv37J5l1EkY_BAkMYJEj3EcV7lROwf2r=s96-c\", \"given_name\": \"Vikas\", \"family_name\": \"Kumar\", \"email_verified\": true}',39),(28,'google','110483150082526436206','2026-04-12 01:58:32.766106','2026-04-11 16:50:35.647334','{\"aud\": \"305262697741-qgbr59f57crqvmci56b39atn933ihc39.apps.googleusercontent.com\", \"azp\": \"305262697741-qgbr59f57crqvmci56b39atn933ihc39.apps.googleusercontent.com\", \"exp\": 1775962714, \"iat\": 1775959114, \"iss\": \"https://accounts.google.com\", \"sub\": \"110483150082526436206\", \"name\": \"Jitendra Kumar kar\", \"email\": \"jitendrabsc2002@gmail.com\", \"at_hash\": \"McQM2Ks-tlvlcffbdAd4zw\", \"picture\": \"https://lh3.googleusercontent.com/a/ACg8ocKcDU2QNGaOeaT-5PwdNIilNq3Q4-ATf1WTqLmKxeMhflGZEVsM=s96-c\", \"given_name\": \"Jitendra Kumar\", \"family_name\": \"kar\", \"email_verified\": true}',40);
/*!40000 ALTER TABLE `socialaccount_socialaccount` ENABLE KEYS */;
UNLOCK TABLES;

--
-- Table structure for table `socialaccount_socialapp`
--

DROP TABLE IF EXISTS `socialaccount_socialapp`;
/*!40101 SET @saved_cs_client     = @@character_set_client */;
/*!50503 SET character_set_client = utf8mb4 */;
CREATE TABLE `socialaccount_socialapp` (
  `id` int NOT NULL AUTO_INCREMENT,
  `provider` varchar(30) NOT NULL,
  `name` varchar(40) NOT NULL,
  `client_id` varchar(191) NOT NULL,
  `secret` varchar(191) NOT NULL,
  `key` varchar(191) NOT NULL,
  `provider_id` varchar(200) NOT NULL,
  `settings` json NOT NULL DEFAULT (_utf8mb4'{}'),
  PRIMARY KEY (`id`)
) ENGINE=InnoDB DEFAULT CHARSET=utf8mb4 COLLATE=utf8mb4_0900_ai_ci;
/*!40101 SET character_set_client = @saved_cs_client */;

--
-- Dumping data for table `socialaccount_socialapp`
--

LOCK TABLES `socialaccount_socialapp` WRITE;
/*!40000 ALTER TABLE `socialaccount_socialapp` DISABLE KEYS */;
/*!40000 ALTER TABLE `socialaccount_socialapp` ENABLE KEYS */;
UNLOCK TABLES;

--
-- Table structure for table `socialaccount_socialapp_sites`
--

DROP TABLE IF EXISTS `socialaccount_socialapp_sites`;
/*!40101 SET @saved_cs_client     = @@character_set_client */;
/*!50503 SET character_set_client = utf8mb4 */;
CREATE TABLE `socialaccount_socialapp_sites` (
  `id` bigint NOT NULL AUTO_INCREMENT,
  `socialapp_id` int NOT NULL,
  `site_id` int NOT NULL,
  PRIMARY KEY (`id`),
  UNIQUE KEY `socialaccount_socialapp_sites_socialapp_id_site_id_71a9a768_uniq` (`socialapp_id`,`site_id`),
  KEY `socialaccount_socialapp_sites_site_id_2579dee5_fk_django_site_id` (`site_id`),
  CONSTRAINT `socialaccount_social_socialapp_id_97fb6e7d_fk_socialacc` FOREIGN KEY (`socialapp_id`) REFERENCES `socialaccount_socialapp` (`id`),
  CONSTRAINT `socialaccount_socialapp_sites_site_id_2579dee5_fk_django_site_id` FOREIGN KEY (`site_id`) REFERENCES `django_site` (`id`)
) ENGINE=InnoDB DEFAULT CHARSET=utf8mb4 COLLATE=utf8mb4_0900_ai_ci;
/*!40101 SET character_set_client = @saved_cs_client */;

--
-- Dumping data for table `socialaccount_socialapp_sites`
--

LOCK TABLES `socialaccount_socialapp_sites` WRITE;
/*!40000 ALTER TABLE `socialaccount_socialapp_sites` DISABLE KEYS */;
/*!40000 ALTER TABLE `socialaccount_socialapp_sites` ENABLE KEYS */;
UNLOCK TABLES;

--
-- Table structure for table `socialaccount_socialtoken`
--

DROP TABLE IF EXISTS `socialaccount_socialtoken`;
/*!40101 SET @saved_cs_client     = @@character_set_client */;
/*!50503 SET character_set_client = utf8mb4 */;
CREATE TABLE `socialaccount_socialtoken` (
  `id` int NOT NULL AUTO_INCREMENT,
  `token` longtext NOT NULL,
  `token_secret` longtext NOT NULL,
  `expires_at` datetime(6) DEFAULT NULL,
  `account_id` int NOT NULL,
  `app_id` int DEFAULT NULL,
  PRIMARY KEY (`id`),
  UNIQUE KEY `socialaccount_socialtoken_app_id_account_id_fca4e0ac_uniq` (`app_id`,`account_id`),
  KEY `socialaccount_social_account_id_951f210e_fk_socialacc` (`account_id`),
  CONSTRAINT `socialaccount_social_account_id_951f210e_fk_socialacc` FOREIGN KEY (`account_id`) REFERENCES `socialaccount_socialaccount` (`id`),
  CONSTRAINT `socialaccount_social_app_id_636a42d7_fk_socialacc` FOREIGN KEY (`app_id`) REFERENCES `socialaccount_socialapp` (`id`)
) ENGINE=InnoDB DEFAULT CHARSET=utf8mb4 COLLATE=utf8mb4_0900_ai_ci;
/*!40101 SET character_set_client = @saved_cs_client */;

--
-- Dumping data for table `socialaccount_socialtoken`
--

LOCK TABLES `socialaccount_socialtoken` WRITE;
/*!40000 ALTER TABLE `socialaccount_socialtoken` DISABLE KEYS */;
/*!40000 ALTER TABLE `socialaccount_socialtoken` ENABLE KEYS */;
UNLOCK TABLES;
/*!40103 SET TIME_ZONE=@OLD_TIME_ZONE */;

/*!40101 SET SQL_MODE=@OLD_SQL_MODE */;
/*!40014 SET FOREIGN_KEY_CHECKS=@OLD_FOREIGN_KEY_CHECKS */;
/*!40014 SET UNIQUE_CHECKS=@OLD_UNIQUE_CHECKS */;
/*!40101 SET CHARACTER_SET_CLIENT=@OLD_CHARACTER_SET_CLIENT */;
/*!40101 SET CHARACTER_SET_RESULTS=@OLD_CHARACTER_SET_RESULTS */;
/*!40101 SET COLLATION_CONNECTION=@OLD_COLLATION_CONNECTION */;
/*!40111 SET SQL_NOTES=@OLD_SQL_NOTES */;

-- Dump completed on 2026-04-18 20:07:12
